{
  "case_1_square_input": {
    "case_name": "square_input_8x8__8x8",
    "rows": 8,
    "mid_dim": 8,
    "out_dim": 8,
    "split_dim": 4,
    "physical_slots": 8,
    "plain_repeats": 5,
    "he_repeats": 1,
    "plain_reference_us_median": 11.119873046875,
    "repeats": 1,
    "max_abs_err": 7.712497307466037e-12,
    "encrypt_us_median": 174528.8623046875,
    "core_us_median": 716203.4001464844,
    "decrypt_us_median": 58682.630859375,
    "total_us_median": 949589.8708496094,
    "plain_vs_ref_max_abs_err": 0.0,
    "plain_vs_he_max_abs_err": 7.712497307466037e-12,
    "he_core_vs_plain_ratio": 64407.51590664588,
    "he_total_vs_plain_ratio": 85395.74749160209,
    "y_plain_first_row": [
      0.41169963250860997,
      0.18288801222346573,
      0.4472290307499146,
      -1.1988808570933838,
      -0.3746654190604378,
      -0.5849183348874956,
      -0.11559034656727868,
      0.7936748967294399
    ],
    "y_he_first_row": [
      0.41169963250851527,
      0.18288801222228873,
      0.447229030749625,
      -1.1988808570933265,
      -0.37466541905983836,
      -0.5849183348906681,
      -0.11559034656537173,
      0.7936748967311447
    ]
  },
  "case_2_non_square_input": {
    "case_name": "rect_input_4x8__8x8",
    "rows": 4,
    "mid_dim": 8,
    "out_dim": 8,
    "split_dim": 4,
    "physical_slots": 8,
    "plain_repeats": 5,
    "he_repeats": 1,
    "plain_reference_us_median": 6.597900390625,
    "repeats": 1,
    "max_abs_err": 5.2488013935203526e-12,
    "encrypt_us_median": 85296.2421875,
    "core_us_median": 348976.62939453125,
    "decrypt_us_median": 24045.64111328125,
    "total_us_median": 458397.2541503906,
    "plain_vs_ref_max_abs_err": 0.0,
    "plain_vs_he_max_abs_err": 5.2488013935203526e-12,
    "he_core_vs_plain_ratio": 52892.07304347826,
    "he_total_vs_plain_ratio": 69476.23137835338,
    "y_plain_first_row": [
      -0.17047670929644276,
      0.2192811143832494,
      -0.25301956029533884,
      0.12291868608635537,
      -0.5035836847578029,
      0.14167572532474965,
      -0.32951137165291194,
      0.05785754159139882
    ],
    "y_he_first_row": [
      -0.17047670929875064,
      0.21928111438325742,
      -0.2530195602952595,
      0.12291868609035445,
      -0.5035836847621591,
      0.14167572532199088,
      -0.3295113716558606,
      0.05785754158852804
    ]
  },
  "case_3_non_square_output": {
    "case_name": "square_input_8x8__8x16",
    "rows": 8,
    "mid_dim": 8,
    "out_dim": 16,
    "split_dim": 4,
    "physical_slots": 16,
    "plain_repeats": 5,
    "he_repeats": 1,
    "plain_reference_us_median": 6.952880859375,
    "repeats": 1,
    "max_abs_err": 7.182976435871069e-12,
    "encrypt_us_median": 170781.57836914062,
    "core_us_median": 1399467.2583007812,
    "decrypt_us_median": 58108.94287109375,
    "total_us_median": 1628532.7800292969,
    "plain_vs_ref_max_abs_err": 0.0,
    "plain_vs_he_max_abs_err": 7.182976435871069e-12,
    "he_core_vs_plain_ratio": 201278.7629481372,
    "he_total_vs_plain_ratio": 234224.17454966818,
    "y_plain_first_row": [
      -0.6190352922102257,
      -0.016264826544755855,
      0.9961317622835668,
      0.08893620101037578,
      0.04994122935132217,
      0.11085000668127205,
      -0.3223070584692835,
      -0.7928508168571278,
      0.03995008090176394,
      0.2172648217132153,
      0.5493661172936324,
      0.5509944082444259,
      -0.0843749216947976,
      -0.2834724421959135,
      0.2271523095851224,
      -0.35031507650559135
    ],
    "y_he_first_row": [
      -0.6190352922088544,
      -0.016264826544143643,
      0.9961317622843011,
      0.08893620100549288,
      0.04994122934796683,
      0.11085000668040959,
      -0.3223070584678409,
      -0.7928508168577229,
      0.03995008090552626,
      0.21726482171623868,
      0.5493661172943115,
      0.5509944082487888,
      -0.08437492170093755,
      -0.2834724422011445,
      0.22715230958707266,
      -0.3503150765101292
    ]
  }
}