{
  "case_1_square_input_cached": {
    "case_name": "square_input_8x8__8x8_cached",
    "rows": 8,
    "mid_dim": 8,
    "out_dim": 8,
    "split_dim": 4,
    "physical_slots": 8,
    "plain_repeats": 5,
    "cached_repeats": 3,
    "plain_reference_us_median": 10.92919921875,
    "encrypt_once_us_median": 173145.171875,
    "core_us_median": 714955.2482910156,
    "decrypt_us_median": 53775.864013671875,
    "total_us_median": 940510.7348632812,
    "plain_vs_he_max_abs_err": 7.730038831255115e-12,
    "y_plain_first_row": [
      -0.5124031914215286,
      -0.20359335992118316,
      0.8362179398516649,
      0.2323145086238355,
      1.212566427130633,
      -0.3177288178954492,
      -0.17246214484618444,
      -0.07540106153359089
    ],
    "y_he_first_row": [
      -0.5124031914190823,
      -0.2035933599207223,
      0.8362179398490893,
      0.23231450862181025,
      1.2125664271285552,
      -0.3177288178977618,
      -0.17246214484310765,
      -0.07540106152996207
    ],
    "he_core_vs_plain_ratio": 65416.98380467319,
    "he_total_vs_plain_ratio": 86054.86239556807,
    "encrypt_once_vs_plain_ratio": 15842.438993879283
  },
  "case_2_non_square_input_cached": {
    "case_name": "rect_input_4x8__8x8_cached",
    "rows": 4,
    "mid_dim": 8,
    "out_dim": 8,
    "split_dim": 4,
    "physical_slots": 8,
    "plain_repeats": 5,
    "cached_repeats": 3,
    "plain_reference_us_median": 6.622802734375,
    "encrypt_once_us_median": 84466.61889648438,
    "core_us_median": 353702.2907714844,
    "decrypt_us_median": 28085.98583984375,
    "total_us_median": 467731.5520019531,
    "plain_vs_he_max_abs_err": 9.824141500303085e-12,
    "y_plain_first_row": [
      1.3310499924423773,
      0.7950354311603733,
      -0.19311403722731257,
      0.3578544551896111,
      -0.3965984721129053,
      -0.4959669884328859,
      0.27546813398115366,
      0.21938714618123398
    ],
    "y_he_first_row": [
      1.3310499924434005,
      0.7950354311589196,
      -0.1931140372295239,
      0.35785445519204184,
      -0.3965984721158474,
      -0.49596698843237685,
      0.27546813398801373,
      0.2193871461800304
    ],
    "he_core_vs_plain_ratio": 53406.73804696428,
    "he_total_vs_plain_ratio": 70624.41246728352,
    "encrypt_once_vs_plain_ratio": 12753.908320123863
  },
  "case_3_non_square_output_cached": {
    "case_name": "square_input_8x8__8x16_cached",
    "rows": 8,
    "mid_dim": 8,
    "out_dim": 16,
    "split_dim": 4,
    "physical_slots": 16,
    "plain_repeats": 5,
    "cached_repeats": 3,
    "plain_reference_us_median": 6.93017578125,
    "encrypt_once_us_median": 170683.81103515625,
    "core_us_median": 1422998.8637695312,
    "decrypt_us_median": 55435.885009765625,
    "total_us_median": 1651029.7990722656,
    "plain_vs_he_max_abs_err": 8.815836949338518e-12,
    "y_plain_first_row": [
      -0.40447656130342147,
      -0.03781309135371294,
      -0.5028409871574077,
      -0.7842968227153865,
      -0.2753158287567834,
      -0.9782553368049403,
      -0.4953826061308213,
      -0.951860429232755,
      0.27249786511939833,
      -0.2094260762962885,
      0.20761220804392255,
      0.8421855647001955,
      -0.1405228360885574,
      -0.7707057531089142,
      -0.014403066465135186,
      -0.5237868322249306
    ],
    "y_he_first_row": [
      -0.4044765613064804,
      -0.03781309135265698,
      -0.5028409871567672,
      -0.7842968227200487,
      -0.275315828758345,
      -0.9782553368047118,
      -0.4953826061314031,
      -0.9518604292327304,
      0.272497865120946,
      -0.20942607629176602,
      0.2076122080421294,
      0.8421855647028941,
      -0.1405228360869275,
      -0.7707057531075213,
      -0.01440306646836268,
      -0.5237868322201796
    ],
    "he_core_vs_plain_ratio": 205333.7330374128,
    "he_total_vs_plain_ratio": 238237.7952864088,
    "encrypt_once_vs_plain_ratio": 24629.073839216515
  }
}