{
  "case_1": {
    "rows": 4,
    "mid_dim": 4,
    "out_dim": 4,
    "split_dim": 2,
    "physical_slots": 4,
    "repeats": 1,
    "max_abs_err": 7.688320466381349e-12,
    "encrypt_us_median": 85690.07250976562,
    "core_us_median": 154934.44750976562,
    "decrypt_us_median": 27893.5537109375,
    "total_us_median": 268602.3229980469,
    "y_ref_first_row": [
      -0.10581549965942844,
      0.2715811955192246,
      -0.5394469903960202,
      -0.15971040807588002
    ],
    "y_he_first_row": [
      -0.105815499656715,
      0.2715811955209394,
      -0.5394469903890884,
      -0.15971040807076756
    ]
  },
  "case_2": {
    "rows": 8,
    "mid_dim": 8,
    "out_dim": 8,
    "split_dim": 4,
    "physical_slots": 8,
    "repeats": 1,
    "max_abs_err": 7.779110688943547e-12,
    "encrypt_us_median": 170797.41479492188,
    "core_us_median": 683289.7192382812,
    "decrypt_us_median": 54058.708740234375,
    "total_us_median": 908318.337890625,
    "y_ref_first_row": [
      -1.2651821993984642,
      0.23891880024947282,
      0.07633828531204356,
      -0.6682311322768117,
      -0.48932281329545313,
      -0.03286206886946713,
      -1.3979526186369229,
      0.8005099796443262
    ],
    "y_he_first_row": [
      -1.2651821993960266,
      0.23891880024749262,
      0.07633828530982771,
      -0.6682311322800929,
      -0.4893228132956274,
      -0.032862068871183064,
      -1.397952618634767,
      0.8005099796422732
    ]
  }
}