{
  "case_1_square_input": {
    "case_name": "square_input_8x8__8x8",
    "rows": 8,
    "mid_dim": 8,
    "out_dim": 8,
    "plain_repeats": 5,
    "he_repeats": 1,
    "plain_reference_us_median": 3.591796875,
    "rotation_sigma": 1,
    "encrypt_us_median": 88596.28295898438,
    "core_us_median": 153157.26000976562,
    "decrypt_us_median": 61161.240966796875,
    "total_us_median": 302914.7839355469,
    "plain_vs_he_max_abs_err": 1.124352964746268,
    "y_plain_first_row": [
      -0.5222446996317737,
      0.08273272589635178,
      -0.015012132529746456,
      -0.3243734019518995,
      -0.40366959539239916,
      1.2195026659531734,
      -0.0709878294230825,
      -0.43431836592857603
    ],
    "y_he_first_row": [
      -0.5222446996301646,
      0.11876723363791622,
      -0.09470771029515075,
      -0.1212106323461036,
      -0.4561737403751014,
      0.7485323141265896,
      -0.1806943834922631,
      0.2574237650031683
    ],
    "bsgs_meta": {
      "L": 8,
      "baby_step_size": 3,
      "giant_step_count": 3
    },
    "he_core_vs_plain_ratio": 42640.846723762916,
    "he_total_vs_plain_ratio": 84335.16551114737,
    "naive_core_us_from_report": 716203.4001464844,
    "naive_total_us_from_report": 949589.8708496094,
    "bsgs_speedup_over_naive_core": 4.676261511212839,
    "bsgs_speedup_over_naive_total": 3.134841616220553
  },
  "case_2_non_square_input": {
    "case_name": "rect_input_4x8__8x8",
    "rows": 4,
    "mid_dim": 8,
    "out_dim": 8,
    "plain_repeats": 5,
    "he_repeats": 1,
    "plain_reference_us_median": 2.253173828125,
    "rotation_sigma": 1,
    "encrypt_us_median": 43799.876953125,
    "core_us_median": 77842.125,
    "decrypt_us_median": 26127.696044921875,
    "total_us_median": 147769.69799804688,
    "plain_vs_he_max_abs_err": 0.9358841011889643,
    "y_plain_first_row": [
      -0.27205798284036176,
      -0.39067335180902707,
      -0.27174899285062815,
      0.48081929426214315,
      -0.5075862128656901,
      0.9808180006484376,
      -0.19394839499246555,
      -0.4783343100973165
    ],
    "y_he_first_row": [
      -0.2720579828407169,
      -0.03559842106512303,
      -0.0940796934615014,
      0.26648533521249174,
      -0.12708877896740034,
      0.04493389945947332,
      0.04811594724820434,
      -0.02877843898698781
    ],
    "bsgs_meta": {
      "L": 8,
      "baby_step_size": 3,
      "giant_step_count": 3
    },
    "he_core_vs_plain_ratio": 34547.767255390616,
    "he_total_vs_plain_ratio": 65582.9107162206,
    "naive_core_us_from_report": 348976.62939453125,
    "naive_total_us_from_report": 458397.2541503906,
    "bsgs_speedup_over_naive_core": 4.483133385612626,
    "bsgs_speedup_over_naive_total": 3.1021059145458185
  },
  "case_3_non_square_output": {
    "case_name": "square_input_8x8__8x16",
    "rows": 8,
    "mid_dim": 8,
    "out_dim": 16,
    "plain_repeats": 5,
    "he_repeats": 1,
    "plain_reference_us_median": 2.23193359375,
    "rotation_sigma": 1,
    "encrypt_us_median": 87057.73999023438,
    "core_us_median": 293935.0588378906,
    "decrypt_us_median": 57314.660888671875,
    "total_us_median": 438307.4597167969,
    "plain_vs_he_max_abs_err": 1.6882320254106489,
    "y_plain_first_row": [
      -0.1801720515480586,
      -0.296593760917101,
      -0.5005598713048119,
      -0.10387522082436318,
      0.19582112880569447,
      -0.5780514235939362,
      0.008349167809912753,
      -0.1472971612004107,
      -0.09488554830144734,
      -0.4220489730939143,
      -0.054226505863724565,
      0.3259614963139381,
      0.06865345292709298,
      -0.3040582768958058,
      0.511387944084127,
      0.5145817362390754
    ],
    "y_he_first_row": [
      -0.180172051547899,
      -0.298372399954312,
      -0.550360525035417,
      -0.13147066017797282,
      0.12555898468585672,
      -0.4609187730379141,
      0.01914657482030766,
      -0.1115271644214123,
      -1.5409867685211097e-12,
      -1.5088408705616594e-12,
      -2.3241427753661423e-13,
      9.342098498100853e-14,
      -1.0931861600509195e-12,
      -1.9414552705560943e-13,
      3.2601082084990123e-12,
      2.893379113162714e-12
    ],
    "bsgs_meta": {
      "L": 16,
      "baby_step_size": 4,
      "giant_step_count": 4
    },
    "he_core_vs_plain_ratio": 131695.252789324,
    "he_total_vs_plain_ratio": 196380.15259243053,
    "naive_core_us_from_report": 1399467.2583007812,
    "naive_total_us_from_report": 1628532.7800292969,
    "bsgs_speedup_over_naive_core": 4.761144396431483,
    "bsgs_speedup_over_naive_total": 3.7155032247946203
  }
}