{
  "case_1_block_like_square": {
    "case_name": "block_like_8x64__64x64",
    "rows": 8,
    "mid_dim": 64,
    "out_dim": 64,
    "split_dim": 16,
    "plain_repeats": 5,
    "he_repeats": 1,
    "plain_reference_us_median": 6.898193359375,
    "rotation_sigma": 1,
    "bsgs_encrypt_us_median": 105762.85083007812,
    "bsgs_core_us_median": 1897297.4787597656,
    "bsgs_decrypt_us_median": 63027.080078125,
    "bsgs_total_us_median": 2066087.4096679688,
    "bsgs_plain_vs_he_max_abs_err": 1.817754280430961e-11,
    "bsgs_y_first_row": [
      -0.6635254689248057,
      -0.1542376336266762,
      -0.7818842321498161,
      -2.205741717560804,
      -0.21793321848380642,
      0.4357666738101123,
      0.9270202904944647,
      -3.392770663220889,
      1.2095465634394849,
      0.9202970781280781,
      -0.5727304545432758,
      -0.14698016422326518,
      -2.445065513107265,
      -1.43778363707329,
      1.4658793521279005,
      1.794125409110345,
      0.5260415220925281,
      1.8256523731653895,
      -0.7362706557995168,
      -1.341527426145827,
      -1.1974328169190593,
      -1.6494988312347212,
      -1.9793964840880687,
      -0.9553142983335849,
      0.018587790167530382,
      -1.4558766945214754,
      0.41418285334517085,
      -0.3132404693943277,
      2.0780736886940354,
      0.030229579299797915,
      -0.7056947808610605,
      2.316581113199552,
      1.3976523457812522,
      -2.2617274645111958,
      0.6169823946400935,
      0.8169713978500834,
      0.8941456314181637,
      -1.3998179801164692,
      0.2741925785631065,
      0.7206027812085315,
      3.012935740461078,
      -2.1212406543373974,
      0.20147103936916624,
      0.35819619985858386,
      -1.226947453361323,
      -0.8073609332272144,
      1.6461710896893595,
      -1.311833102288234,
      -2.7050665813756427,
      1.0863434350285979,
      2.107830122553722,
      4.32900126625661,
      -1.172277935772815,
      0.25222042941013234,
      0.9265114005288818,
      0.5415605794109749,
      -1.2872467796921512,
      0.5225483848347329,
      1.684771718740577,
      3.004924182677408,
      1.20040763771643,
      -0.7963844847494864,
      -1.5527206390762112,
      -0.13888788241812136
    ],
    "bsgs_meta": {
      "L": 64,
      "physical_slots": 8192,
      "baby_step_size": 8,
      "giant_step_count": 8
    },
    "bsgs_op_meta": {
      "L": 64,
      "baby_step_size": 8,
      "giant_step_count": 8,
      "per_row_op_counts": {
        "mult_plain": 64,
        "rotate": 14,
        "add": 63,
        "add_plain": 0
      },
      "total_op_counts": {
        "mult_plain": 512,
        "rotate": 112,
        "add": 504,
        "add_plain": 0
      }
    },
    "naive_core_us_median": 20339820.150878906,
    "naive_decrypt_us_median": 56075.04833984375,
    "naive_total_us_median": 20395895.19921875,
    "naive_plain_vs_he_max_abs_err": 2.3578916596989075e-11,
    "naive_y_first_row": [
      -0.6635254689184781,
      -0.15423763364034454,
      -0.7818842321526374,
      -2.205741717539098,
      -0.21793321848453356,
      0.4357666738223078,
      0.9270202904938665,
      -3.3927706632189576,
      1.2095465634416294,
      0.9202970781128155,
      -0.5727304545481471,
      -0.14698016421058235,
      -2.445065513108281,
      -1.4377836370857824,
      1.465879352138534,
      1.7941254091104022,
      0.5260415220915979,
      1.8256523731571652,
      -0.7362706557941607,
      -1.341527426158522,
      -1.1974328169149788,
      -1.649498831225258,
      -1.9793964840709806,
      -0.9553142983202221,
      0.018587790164592874,
      -1.4558766945115869,
      0.41418285333766713,
      -0.3132404693855624,
      2.0780736887044373,
      0.030229579295753223,
      -0.7056947808508943,
      2.3165811132034513,
      1.397652345775094,
      -2.261727464507133,
      0.6169823946379875,
      0.8169713978487891,
      0.8941456314176567,
      -1.399817980125972,
      0.2741925785707465,
      0.7206027812119592,
      3.0129357404639103,
      -2.1212406543442137,
      0.20147103938291203,
      0.3581961998584709,
      -1.2269474533704257,
      -0.8073609332116001,
      1.6461710896894415,
      -1.3118331022856842,
      -2.7050665813883956,
      1.086343435024385,
      2.107830122569466,
      4.329001266235924,
      -1.1722779357788364,
      0.2522204294159314,
      0.9265114005364508,
      0.541560579397405,
      -1.2872467796948521,
      0.5225483848282158,
      1.6847717187354982,
      3.004924182682612,
      1.20040763771186,
      -0.7963844847664168,
      -1.5527206390711192,
      -0.1388878824080416
    ],
    "naive_op_meta": {
      "split_dim": 16,
      "num_splits": 4,
      "per_row_split_op_counts": {
        "mult_plain": 64,
        "rotate": 1023,
        "add": 1023,
        "add_plain": 0
      },
      "per_row_op_counts": {
        "mult_plain": 256,
        "rotate": 4092,
        "add": 4095,
        "add_plain": 0
      },
      "total_op_counts": {
        "mult_plain": 2048,
        "rotate": 32736,
        "add": 32760,
        "add_plain": 0
      }
    },
    "bsgs_core_vs_plain_ratio": 275042.6640594585,
    "bsgs_total_vs_plain_ratio": 299511.3795788356,
    "naive_core_vs_plain_ratio": 2948572.052309326,
    "naive_total_vs_plain_ratio": 2956700.9993275525,
    "bsgs_speedup_over_naive_core": 10.72041700291234,
    "bsgs_speedup_over_naive_total": 9.871748457388103
  },
  "case_2_block_like_non_square_input": {
    "case_name": "block_like_4x64__64x64",
    "rows": 4,
    "mid_dim": 64,
    "out_dim": 64,
    "split_dim": 16,
    "plain_repeats": 5,
    "he_repeats": 1,
    "plain_reference_us_median": 3.973876953125,
    "rotation_sigma": 1,
    "bsgs_encrypt_us_median": 50798.56298828125,
    "bsgs_core_us_median": 914170.7189941406,
    "bsgs_decrypt_us_median": 33987.133056640625,
    "bsgs_total_us_median": 998956.4150390625,
    "bsgs_plain_vs_he_max_abs_err": 2.433286905301202e-11,
    "bsgs_y_first_row": [
      -2.1186153775557837,
      0.5868889720214596,
      2.2743250309606746,
      0.6138965540459678,
      1.2310667119661063,
      -0.49099286554770116,
      1.5459999439557086,
      1.7311617363505414,
      0.23892773163103742,
      -1.7937500527349453,
      1.0895273535911172,
      0.47815434383498406,
      0.0556913446834472,
      0.40893433807289564,
      0.27424839825652386,
      2.239766908951946,
      -0.3032002071898014,
      0.6700203619108424,
      -1.7714249412498748,
      -1.356054920048918,
      2.2006175763223124,
      2.2920804697287753,
      -0.7759441753601007,
      -0.4701996650219553,
      -0.884447757347282,
      0.3354526172987405,
      -3.019728150390175,
      -0.38268391073095503,
      0.12300395189794218,
      0.4175637318061005,
      1.1147894075294162,
      -0.7773656552434227,
      0.49141368809251146,
      1.8774627327202953,
      -0.35556639839588566,
      -1.9096086403362063,
      -0.8127500513130106,
      -3.73284362680781,
      2.163015544689275,
      -0.8995325004977957,
      0.12588935977249052,
      -1.8757350595969875,
      1.9885751873079647,
      0.3657242176778352,
      2.0749112485203662,
      -2.70113750307235,
      0.8542691775822997,
      3.8403401575644764,
      0.11681040129998077,
      -1.277164962346773,
      -2.2467518408072973,
      0.918302785379071,
      2.1957682409642385,
      -0.644819431322602,
      0.09925329266053261,
      -1.5547045322153314,
      -2.8028023280645895,
      0.23606363244312964,
      1.0315759141012828,
      -0.39892369206558714,
      1.4510873771221842,
      1.5003640954921345,
      1.3449343720404243,
      0.6365155043658505
    ],
    "bsgs_meta": {
      "L": 64,
      "physical_slots": 8192,
      "baby_step_size": 8,
      "giant_step_count": 8
    },
    "bsgs_op_meta": {
      "L": 64,
      "baby_step_size": 8,
      "giant_step_count": 8,
      "per_row_op_counts": {
        "mult_plain": 64,