{
  "case_1_block_like_square": {
    "case_name": "block_like_8x64__64x64",
    "rows": 8,
    "mid_dim": 64,
    "out_dim": 64,
    "plain_repeats": 5,
    "he_repeats": 1,
    "plain_reference_us_median": 6.881103515625,
    "rotation_sigma": 1,
    "encrypt_us_median": 107345.64770507812,
    "core_us_median": 1903280.08984375,
    "decrypt_us_median": 66152.56787109375,
    "total_us_median": 2076778.3054199219,
    "plain_vs_he_max_abs_err": 1.9982238086413417e-11,
    "y_plain_first_row": [
      -0.6635254689180028,
      -0.15423763362884815,
      -0.7818842321594431,
      -2.205741717546662,
      -0.2179332184835695,
      0.4357666738136249,
      0.9270202904862447,
      -3.3927706632219965,
      1.209546563439406,
      0.9202970781157076,
      -0.572730454541267,
      -0.14698016422863225,
      -2.44506551310395,
      -1.4377836370736752,
      1.4658793521315185,
      1.7941254091155725,
      0.5260415220892704,
      1.8256523731610272,
      -0.7362706558062645,
      -1.3415274261610235,
      -1.1974328169166892,
      -1.6494988312333219,
      -1.9793964840816223,
      -0.9553142983335434,
      0.018587790174562236,
      -1.455876694519533,
      0.41418285334199495,
      -0.31324046939384936,
      2.0780736887011866,
      0.030229579297435104,
      -0.7056947808559313,
      2.3165811131950607,
      1.3976523457791377,
      -2.2617274645112593,
      0.6169823946387251,
      0.8169713978527435,
      0.8941456314170207,
      -1.3998179801111204,
      0.2741925785716726,
      0.7206027812099566,
      3.012935740462334,
      -2.1212406543409306,
      0.20147103937533514,
      0.35819619985681633,
      -1.2269474533655833,
      -0.807360933221976,
      1.6461710896887618,
      -1.3118331022911425,
      -2.705066581379248,
      1.086343435025498,
      2.1078301225654474,
      4.32900126625132,
      -1.1722779357735502,
      0.2522204294116121,
      0.9265114005307157,
      0.5415605794059539,
      -1.2872467796944893,
      0.5225483848275523,
      1.6847717187297846,
      3.004924182677513,
      1.200407637709441,
      -0.7963844847617568,
      -1.5527206390780797,
      -0.13888788240954658
    ],
    "y_he_first_row": [
      -0.6635254689297742,
      -0.1542376336363066,
      -0.7818842321527242,
      -2.2057417175504015,
      -0.21793321848046246,
      0.4357666738073951,
      0.9270202904912748,
      -3.3927706632316417,
      1.2095465634379376,
      0.9202970781136189,
      -0.572730454549249,
      -0.14698016422612495,
      -2.4450655131020853,
      -1.4377836370744375,
      1.4658793521367754,
      1.7941254091157104,
      0.5260415220961886,
      1.8256523731662104,
      -0.7362706557973784,
      -1.3415274261585721,
      -1.19743281692312,
      -1.649498831236022,
      -1.9793964840809715,
      -0.9553142983454691,
      0.018587790180782,
      -1.4558766945116979,
      0.4141828533404653,
      -0.3132404693949337,
      2.0780736886980136,
      0.0302295792946974,
      -0.7056947808552229,
      2.3165811132086165,
      1.3976523457783485,
      -2.261727464506729,
      0.616982394635067,
      0.8169713978467968,
      0.8941456314115843,
      -1.399817980110599,
      0.2741925785797992,
      0.7206027812129564,
      3.012935740462119,
      -2.1212406543447933,
      0.20147103938613758,
      0.35819619985253603,
      -1.2269474533640017,
      -0.8073609332299357,
      1.6461710896930204,
      -1.3118331022935377,
      -2.7050665813711197,
      1.0863434350261303,
      2.1078301225734015,
      4.3290012662482065,
      -1.1722779357777584,
      0.25222042941187256,
      0.9265114005329889,
      0.541560579409356,
      -1.2872467796969176,
      0.522548384830572,
      1.6847717187238442,
      3.0049241826738506,
      1.2004076377050918,
      -0.7963844847634263,
      -1.5527206390819195,
      -0.13888788241140845
    ],
    "bsgs_meta": {
      "L": 64,
      "physical_slots": 8192,
      "baby_step_size": 8,
      "giant_step_count": 8
    },
    "op_meta": {
      "L": 64,
      "baby_step_size": 8,
      "giant_step_count": 8,
      "per_row_op_counts": {
        "mult_plain": 64,
        "rotate": 14,
        "add": 63,
        "add_plain": 0
      },
      "total_op_counts": {
        "mult_plain": 512,
        "rotate": 112,
        "add": 504,
        "add_plain": 0
      }
    },
    "he_core_vs_plain_ratio": 276595.1835373426,
    "he_total_vs_plain_ratio": 301808.9032818875
  },
  "case_2_block_like_non_square_input": {
    "case_name": "block_like_4x64__64x64",
    "rows": 4,
    "mid_dim": 64,
    "out_dim": 64,
    "plain_repeats": 5,
    "he_repeats": 1,
    "plain_reference_us_median": 3.951171875,
    "rotation_sigma": 1,
    "encrypt_us_median": 50947.926025390625,
    "core_us_median": 962860.0700683594,
    "decrypt_us_median": 32723.141845703125,
    "total_us_median": 1046531.1379394531,
    "plain_vs_he_max_abs_err": 1.7196910562233825e-11,
    "y_plain_first_row": [
      -2.1186153775499337,
      0.5868889720187561,
      2.2743250309647096,
      0.6138965540511854,
      1.2310667119672727,
      -0.49099286554895927,
      1.5459999439658705,
      1.731161736344988,
      0.23892773163287467,
      -1.7937500527304469,
      1.0895273535880163,
      0.47815434384013444,
      0.05569134467995594,
      0.4089343380794313,
      0.2742483982601344,
      2.2397669089481065,
      -0.3032002071828918,
      0.67002036191977,
      -1.7714249412431287,
      -1.3560549200568985,
      2.2006175763153637,
      2.2920804697293766,
      -0.7759441753575295,
      -0.470199665020994,
      -0.8844477573565486,
      0.3354526173015163,
      -3.0197281503948217,
      -0.3826839107251649,
      0.12300395189433026,
      0.41756373180542206,
      1.1147894075346731,
      -0.7773656552388927,
      0.4914136880869561,
      1.877462732712672,
      -0.3555663984040635,
      -1.9096086403464085,
      -0.8127500513114791,
      -3.732843626817129,
      2.163015544690797,
      -0.8995325004995723,
      0.12588935977416196,
      -1.8757350595927527,
      1.9885751873077446,
      0.36572421767755986,
      2.0749112485191312,
      -2.701137503083889,
      0.8542691775826892,
      3.840340157562739,
      0.11681040129570344,
      -1.277164962347284,
      -2.2467518408026046,
      0.9183027853798381,
      2.1957682409675643,
      -0.644819431327224,
      0.09925329265953814,
      -1.5547045322128685,
      -2.8028023280658583,
      0.23606363244713557,
      1.0315759141046235,
      -0.3989236920581565,
      1.451087377116763,
      1.5003640954846298,
      1.344934372043157,
      0.6365155043616778
    ],