{
  "case_name": "cache_reuse_8x64__64x64",
  "A_shape": [
    8,
    64
  ],
  "B_shape": [
    64,
    64
  ],
  "square_dim": 64,
  "num_rounds": 5,
  "plain_reference_us_median": 6.10205078125,
  "rounds": [
    {
      "round_name": "round1",
      "cache_build_us": 173418.80688476562,
      "cache_hits": 0,
      "cache_misses": 1,
      "encrypt_us": 13374.75390625,
      "core_us": 457723.2980957031,
      "decrypt_us": 7893.507080078125,
      "max_abs_err": 2.0623780461193064e-11,
      "primitive_stats": {
        "pMult_count": 127,
        "pMult_total_us": 430540.6174316406,
        "add_count": 126,
        "add_total_us": 16512.562744140625,
        "rotate_count": 29,
        "rotate_total_us": 8623.97021484375,
        "pMult_avg_us": 3390.083601823942,
        "add_avg_us": 131.05208527095735,
        "rotate_avg_us": 297.3782832704741
      }
    },
    {
      "round_name": "round2",
      "cache_build_us": 45.159912109375,
      "cache_hits": 1,
      "cache_misses": 0,
      "encrypt_us": 12771.919921875,
      "core_us": 449626.81201171875,
      "decrypt_us": 8869.120849609375,
      "max_abs_err": 1.904365554139531e-11,
      "primitive_stats": {
        "pMult_count": 127,
        "pMult_total_us": 424697.8791503906,
        "add_count": 126,
        "add_total_us": 15477.2080078125,
        "rotate_count": 29,
        "rotate_total_us": 7463.904541015625,
        "pMult_avg_us": 3344.077788585753,
        "add_avg_us": 122.8349841889881,
        "rotate_avg_us": 257.3760186557112
      }
    },
    {
      "round_name": "round3",
      "cache_build_us": 45.35791015625,
      "cache_hits": 1,
      "cache_misses": 0,
      "encrypt_us": 12698.8798828125,
      "core_us": 449613.39990234375,
      "decrypt_us": 9520.096923828125,
      "max_abs_err": 1.3975376411679008e-11,
      "primitive_stats": {
        "pMult_count": 127,
        "pMult_total_us": 424933.869140625,
        "add_count": 126,
        "add_total_us": 15409.64111328125,
        "rotate_count": 29,
        "rotate_total_us": 7311.518310546875,
        "pMult_avg_us": 3345.9359774852364,
        "add_avg_us": 122.29873899429563,
        "rotate_avg_us": 252.12132105334052
      }
    },
    {
      "round_name": "round4",
      "cache_build_us": 42.953125,
      "cache_hits": 1,
      "cache_misses": 0,
      "encrypt_us": 12989.90087890625,
      "core_us": 451182.2521972656,
      "decrypt_us": 8404.13720703125,
      "max_abs_err": 1.6065815344745715e-11,
      "primitive_stats": {
        "pMult_count": 127,
        "pMult_total_us": 426470.1784667969,
        "add_count": 126,
        "add_total_us": 15446.271240234375,
        "rotate_count": 29,
        "rotate_total_us": 7295.104736328125,
        "pMult_avg_us": 3358.0329013133614,
        "add_avg_us": 122.5894542875744,
        "rotate_avg_us": 251.5553357354526
      }
    },
    {
      "round_name": "round5",
      "cache_build_us": 43.533203125,
      "cache_hits": 1,
      "cache_misses": 0,
      "encrypt_us": 12701.376708984375,
      "core_us": 454188.2019042969,
      "decrypt_us": 8451.234130859375,
      "max_abs_err": 1.7887136216643285e-11,
      "primitive_stats": {
        "pMult_count": 127,
        "pMult_total_us": 429489.4729003906,
        "add_count": 126,
        "add_total_us": 15386.17138671875,
        "rotate_count": 29,
        "rotate_total_us": 7327.4443359375,
        "pMult_avg_us": 3381.8068732314223,
        "add_avg_us": 122.11247132316468,
        "rotate_avg_us": 252.6704943426724
      }
    }
  ],
  "post_round2_summary": {
    "cache_build_us_median": 44.3465576171875,
    "cache_hits_median": 1.0,
    "cache_misses_median": 0.0,
    "encrypt_us_median": 12736.648315429688,
    "core_us_median": 450404.5321044922,
    "decrypt_us_median": 8660.177490234375,
    "pMult_avg_us_median": 3351.984439399299,
    "add_avg_us_median": 122.44409664093502,
    "rotate_avg_us_median": 252.39590769800645,
    "max_abs_err_median": 1.69764757806945e-11
  }
}