{
  "case_1_square": {
    "case_name": "jkls_square_64x64__64x64",
    "square_dim": 64,
    "orig_input_shape": [
      64,
      64
    ],
    "orig_weight_shape": [
      64,
      64
    ],
    "plain_reference_us_median": 14.5458984375,
    "input_ct_count_per_run": 1,
    "output_ct_count_per_run": 1,
    "encrypt_us_median": 13318.56103515625,
    "core_us_median": 604852.3071289062,
    "decrypt_us_median": 8139.0400390625,
    "plain_vs_he_max_abs_err": 3.460653985598583e-11,
    "y_he_first_row": [
      0.7700777768572741,
      -0.17086069273033255,
      -0.07962398121822756,
      1.375144863706937,
      -1.7335301831109722,
      0.22726926209221932,
      1.1770519400091843,
      0.13311050535225205,
      1.586072087847003,
      -2.248826604603846,
      -0.21407400205475316,
      -0.6593781348460993,
      0.17237213119459804,
      2.307817266733953,
      0.9564411860229913,
      -1.6924608969011719,
      2.1769701517750866,
      -0.9854815993019609,
      -0.5725145034158775,
      -1.5356491849909664,
      -1.60622735485892,
      -2.2461058293764236,
      -0.22906727384511802,
      -0.17471970828163658,
      0.5245106924063754,
      -0.4122342944399919,
      -1.3055302373042055,
      0.3052011534863214,
      2.8226298597600343,
      1.6824858965819718,
      0.7787974197368835,
      0.8362958875515154,
      -2.5989012087503456,
      -2.077112960769164,
      1.0666765234337727,
      -0.8752023175016779,
      1.623151462072362,
      -1.1956244306774428,
      -2.7408431865199505,
      -0.10430864383831907,
      1.785516701467427,
      0.1813643214029747,
      2.5032088194699513,
      -0.17104275960674173,
      -2.0699505623108085,
      -2.115295292852503,
      -0.605133000566314,
      0.6178457183059956,
      2.3475625787690895,
      -0.12099364312793098,
      -0.5525451073949271,
      -0.5149225187811686,
      1.45258419504729,
      2.537256489565387,
      0.46943919885230867,
      -0.24910669522285325,
      0.67687790837718,
      -2.2261280100310272,
      -1.2512007476559055,
      -2.304414891884063,
      -1.0011199740694399,
      2.8646452995434517,
      -0.9240158978063112,
      -0.5594267088452444
    ],
    "rotation_sigma": 1,
    "op_meta": {
      "per_kernel": {
        "pMult": 128,
        "rotate": 448,
        "add": 447,
        "kernel_calls": 1
      },
      "total": {
        "pMult": 128,
        "rotate": 448,
        "add": 447,
        "kernel_calls": 1,
        "输入密文数": 1,
        "输出密文数": 1
      }
    },
    "core_vs_plain_ratio": 41582.327123195704
  },
  "case_2_padded_rect_input": {
    "case_name": "jkls_padded_8x64__64x64",
    "square_dim": 64,
    "orig_input_shape": [
      8,
      64
    ],
    "orig_weight_shape": [
      64,
      64
    ],
    "plain_reference_us_median": 5.097900390625,
    "input_ct_count_per_run": 1,
    "output_ct_count_per_run": 1,
    "encrypt_us_median": 12770.646728515625,
    "core_us_median": 622917.2800292969,
    "decrypt_us_median": 7696.76513671875,
    "plain_vs_he_max_abs_err": 2.7323920903654653e-11,
    "y_he_first_row": [
      -1.0018480710815172,
      1.948436474036679,
      0.8483785535033883,
      -2.1023845320026795,
      1.1825509456480885,
      3.0350844844066156,
      -0.0908717085633574,
      0.9556688896858191,
      -0.3744140131919904,
      4.501841258035906,
      0.4583570591076843,
      2.558080354753233,
      -0.640696230291932,
      0.5627354436684225,
      2.0467405280294697,
      -1.7984550952279146,
      1.9732102915810208,
      0.5361824650635707,
      -1.155532433704597,
      2.301423701477929,
      0.9199997043209166,
      2.3181379875483983,
      -1.2715657082214586,
      -0.5546588977243017,
      -0.29659088785349186,
      -0.3138867349747336,
      0.6382530489411269,
      2.244465075116722,
      0.736200049024978,
      5.4467325694927275,
      1.9978910136429202,
      1.9322896537243852,
      -1.2138231350972044,
      -0.13438645211466052,
      2.880466597324461,
      0.2931733837837551,
      1.946219394628966,
      0.10942516029099257,
      -0.7889104290857291,
      -0.016643459781981073,
      -1.8506039146561308,
      0.5078270686662083,
      0.9171194933643599,
      -0.4695954584951254,
      -0.9276400110946751,
      1.3172231747041763,
      1.5489799443828882,
      -2.550934031199348,
      -1.0948535477275962,
      1.0717954345480636,
      1.2181677619873728,
      0.48051718656955,
      -0.02768051631154057,
      -0.08508725375050451,
      -0.8656450506077464,
      1.7536707334106967,
      -0.03836955558719064,
      -0.31968898852187355,
      -0.7669115628039271,
      0.2705397277826631,
      -0.14706204067815726,
      -0.6023446143365448,
      -0.12033311014026463,
      -0.06731043276563628
    ],
    "rotation_sigma": 1,
    "op_meta": {
      "per_kernel": {
        "pMult": 128,
        "rotate": 448,
        "add": 447,
        "kernel_calls": 1
      },
      "total": {
        "pMult": 128,
        "rotate": 448,
        "add": 447,
        "kernel_calls": 1,
        "输入密文数": 1,
        "输出密文数": 1
      }
    },
    "core_vs_plain_ratio": 122190.94770365403
  },
  "case_3_padded_split_rect_output": {
    "case_name": "jkls_padded_split_8x64__64x128",
    "square_dim": 64,
    "orig_input_shape": [
      8,
      64
    ],
    "orig_weight_shape": [
      64,
      128
    ],
    "plain_reference_us_median": 8.384033203125,
    "input_ct_count_per_run": 1,
    "output_ct_count_per_run": 2,
    "encrypt_us_median": 12648.626953125,
    "core_us_median": 1213545.7299804688,
    "decrypt_us_median": 16354.503173828125,
    "plain_vs_he_max_abs_err": 3.517391759799704e-11,