{
  "case_1_square": {
    "case_name": "square_block_bsgs_64x64__64x64",
    "square_dim": 64,
    "orig_input_shape": [
      64,
      64
    ],
    "orig_weight_shape": [
      64,
      64
    ],
    "plain_reference_us_median": 14.5419921875,
    "input_ct_count_per_run": 1,
    "output_ct_count_per_run": 1,
    "encrypt_us_median": 13454.31201171875,
    "core_us_median": 612089.0031738281,
    "decrypt_us_median": 9827.416259765625,
    "plain_vs_he_max_abs_err": 2.3949175975701564e-11,
    "y_he_first_row": [
      0.3759989504821332,
      0.36486797942195254,
      -2.774648565872264,
      -1.5524049719822293,
      -0.9558142598105203,
      3.9618151980084244,
      0.8298309995950539,
      0.34873834536724535,
      -1.5286190546497112,
      2.643206297140573,
      2.5035492906298704,
      1.1107184628899467,
      3.5114460795809266,
      -1.8299267392619805,
      -1.0458085134735942,
      -0.3244181637969768,
      0.5940045919676727,
      2.4237194898629064,
      -0.17885925365288632,
      0.4873853056774031,
      1.2356250323975642,
      2.1958159729416407,
      2.57636162657953,
      0.7170349960988824,
      -1.8685293503895182,
      1.463890226932155,
      1.7090476110001864,
      0.13904027153168413,
      -0.37402917061747304,
      -0.9083970490777871,
      0.4414117623335348,
      0.6977983784221169,
      1.7762015530986117,
      2.355795638176716,
      -1.866707385844416,
      0.5451060956002536,
      0.5369259730703373,
      2.036491984824092,
      0.4048670747604702,
      -2.0641906116476907,
      -0.04018250034593563,
      1.6351183915054375,
      1.1766055610575543,
      2.6373554252329154,
      1.736807770911768,
      -1.2369132012649329,
      0.6112968984103978,
      1.5832373427068958,
      0.3079259369077902,
      -1.4743342974538298,
      -2.123105197493852,
      -1.2682609499261235,
      1.2405713609883973,
      -1.222479725994646,
      0.9681999873878808,
      1.014405388983579,
      -0.04235760045520173,
      -2.4489251000875427,
      -0.20958062192166607,
      -1.7467239245188617,
      -1.3163262501299875,
      -1.3860926695586606,
      -0.7830165456622508,
      -1.4458034030236513
    ],
    "rotation_sigma": 1,
    "op_meta": {
      "per_kernel": {
        "pMult": 127,
        "rotate": 29,
        "add": 126,
        "kernel_calls": 1
      },
      "total": {
        "pMult": 127,
        "rotate": 29,
        "add": 126,
        "kernel_calls": 1,
        "输入密文数": 1,
        "输出密文数": 1
      }
    },
    "core_vs_plain_ratio": 42091.13822107313
  },
  "case_2_padded_rect_input": {
    "case_name": "square_block_bsgs_padded_8x64__64x64",
    "square_dim": 64,
    "orig_input_shape": [
      8,
      64
    ],
    "orig_weight_shape": [
      64,
      64
    ],
    "plain_reference_us_median": 5.320068359375,
    "input_ct_count_per_run": 1,
    "output_ct_count_per_run": 1,
    "encrypt_us_median": 15372.0,
    "core_us_median": 623017.4541015625,
    "decrypt_us_median": 8752.799072265625,
    "plain_vs_he_max_abs_err": 1.903388557877861e-11,
    "y_he_first_row": [
      0.9534137788681508,
      -1.4101978507264141,
      0.6695831318503168,
      1.5294614008058924,
      0.4193861070658897,
      0.2827826574556074,
      0.1814483263313481,
      -0.4818652656535702,
      -0.1318290883959756,
      0.7905814107873792,
      -2.792998286606471,
      2.7684783215766897,
      0.07467960073939107,
      -0.10506881506128021,
      2.6043108405481252,
      3.1725442523110745,
      -0.2912675470262569,
      -2.102178268693273,
      2.0744430841582164,
      0.6631666284718295,
      1.0636639887948707,
      1.472713898548041,
      1.7215272605747354,
      -0.49015998208008377,
      -0.005595821880338599,
      -2.46623998639517,
      2.7367322759707275,
      0.346012172054003,
      -0.4088366668614163,
      0.6921145965978812,
      -0.34700836675399177,
      -1.3747707756748622,
      -0.5820331306680686,
      -1.8613284662299128,
      0.29751878553833844,
      -0.8242688606922545,
      -2.884053805731799,
      1.5921051701916924,
      1.9957737397754443,
      0.9150377671484834,
      0.3497555649162161,
      -0.334404846395197,
      1.2467583769593211,
      -1.4306954446072642,
      0.6315600536791519,
      2.1049566668644775,
      -0.4207184297406492,
      -3.0491006872097897,
      0.2606409673877914,
      -1.2234621248861175,
      1.595394338319962,
      1.302433606053537,
      0.25616987759865817,
      0.6716869363064071,
      1.0512839480411733,
      2.298698517308125,
      -1.8502767141659535,
      -0.6188004244157518,
      -0.7027425778167026,
      0.17871201840658102,
      -0.5615620906755373,
      0.6562794008605796,
      1.0412717210252123,
      -1.4576834449335767
    ],
    "rotation_sigma": 1,
    "op_meta": {
      "per_kernel": {
        "pMult": 127,
        "rotate": 29,
        "add": 126,
        "kernel_calls": 1
      },
      "total": {
        "pMult": 127,
        "rotate": 29,
        "add": 126,
        "kernel_calls": 1,
        "输入密文数": 1,
        "输出密文数": 1
      }
    },
    "core_vs_plain_ratio": 117107.039236382
  },
  "case_3_padded_split_rect_output": {
    "case_name": "square_block_bsgs_padded_split_8x64__64x128",
    "square_dim": 64,
    "orig_input_shape": [
      8,
      64
    ],
    "orig_weight_shape": [
      64,
      128
    ],
    "plain_reference_us_median": 9.2939453125,
    "input_ct_count_per_run": 1,
    "output_ct_count_per_run": 2,
    "encrypt_us_median": 13101.76611328125,
    "core_us_median": 1217705.1459960938,
    "decrypt_us_median": 15988.176025390625,
    "plain_vs_he_max_abs_err": 2.091216089183945e-11,