{
  "direct_primitive_same_scale": {
    "square_dim": 64,
    "physical_slots": 8192,
    "direct_pmult_single_us_median": 3316.79052734375,
    "direct_add_single_us_median": 116.0810546875,
    "direct_rotate_single_us_median": 223.6229248046875,
    "rotate_steps_used": [
      -63,
      -32,
      -16,
      -8,
      -4,
      -2,
      -1,
      1,
      2,
      3,
      4,
      5,
      6,
      7,
      8,
      9,
      10,
      11,
      12,
      13,
      14,
      15,
      16,
      17,
      18,
      19,
      20,
      21,
      22,
      23,
      24,
      25,
      26,
      27,
      28,
      29,
      30,
      31,
      32,
      33,
      34,
      35,
      36,
      37,
      38,
      39,
      40,
      41,
      42,
      43,
      44,
      45,
      46,
      47,
      48,
      49,
      50,
      51,
      52,
      53,
      54,
      55,
      56,
      57,
      58,
      59,
      60,
      61,
      62,
      63
    ]
  },
  "case_1_square": {
    "case_name": "compare_cached_64x64__64x64",
    "square_dim": 64,
    "orig_input_shape": [
      64,
      64
    ],
    "orig_weight_shape": [
      64,
      64
    ],
    "plain_reference_us_median": 12.587158203125,
    "encrypt_us_median": 13040.1201171875,
    "decrypt_us_median": 17537.003173828125,
    "bsgs_cache_build_us": 144881.01977539062,
    "bsgs_cache_hits": 0,
    "bsgs_cache_misses": 1,
    "bsgs_core_us_median": 453612.1560058594,
    "bsgs_plain_vs_he_max_abs_err": 2.187783287865841e-11,
    "bsgs_y_he_first_row": [
      -1.9650899190929783,
      0.6681476584945919,
      0.4160932797129435,
      0.2703731156637025,
      -1.856937641428976,
      1.4169891280875035,
      -1.8826025632534469,
      -0.7113965231115149,
      2.2067710993233733,
      -0.8048592170493025,
      -2.267693356805079,
      1.9835320699584624,
      -2.0533982826309574,
      0.18483960116493997,
      -0.7120824793625564,
      0.9505215187880016,
      -2.0118690155824233,
      -1.6195931118423792,
      -1.0091985838238609,
      -0.6018517071218358,
      0.23876745084111864,
      1.5849535616889223,
      1.4667706379751686,
      2.002208166982853,
      0.8870658377119761,
      -0.8861039926719326,
      -2.3106537458901797,
      3.624544148796552,
      1.1888275243050286,
      1.2645429502285561,
      -0.2841388928839989,
      -3.372407974365689,
      0.5132614248099938,
      -1.8538814701557196,
      -0.18049501427521714,
      1.8494316634854693,
      2.3582179072947866,
      -3.2213732687010888,
      -1.5341986671385481,
      -0.04459296791450636,
      -1.0054623358282695,
      -0.08506373066588417,
      2.926034469615293,
      0.2861383333086942,
      0.49220232217716803,
      -0.7938324674187371,
      0.45353124827805386,
      -0.06121736448220476,
      0.3220807423341192,
      0.9590073622666677,
      0.26372375719607893,
      0.8994744094078967,
      -1.1658769687010324,
      1.0456049619498105,
      0.29119961469701977,
      0.3410620450141511,
      0.20684547991226557,
      -0.6871934592464554,
      0.05651028158119085,
      2.329949178921563,
      0.3381179348459451,
      0.9751987737147119,
      1.8975361256331202,
      0.48741314239711375
    ],
    "bsgs_kernel_primitive_stats": {
      "pMult_count": 127,
      "pMult_total_us": 427693.4609375,
      "add_count": 126,
      "add_total_us": 16125.313720703125,
      "rotate_count": 29,
      "rotate_total_us": 7626.98193359375,
      "pMult_avg_us": 3367.6650467519685,
      "add_avg_us": 127.97868032304068,
      "rotate_avg_us": 262.9993770204741
    },
    "jkls_core_us_median": 604709.123046875,
    "jkls_plain_vs_he_max_abs_err": 3.984812479984612e-11,
    "jkls_y_he_first_row": [
      -1.9650899190916495,
      0.6681476584886397,
      0.41609327971378024,
      0.2703731156651816,
      -1.8569376414222718,
      1.416989128091593,
      -1.8826025632724286,
      -0.7113965231309334,
      2.2067710993154135,
      -0.804859217060901,
      -2.2676933567999953,
      1.9835320699548837,
      -2.0533982826423873,
      0.18483960115014936,
      -0.7120824793754287,
      0.9505215188018764,
      -2.0118690155808596,
      -1.619593111831674,
      -1.0091985838205715,
      -0.6018517071121208,
      0.23876745084132858,
      1.5849535616758317,
      1.466770637966187,
      2.002208166978341,
      0.8870658377155392,
      -0.8861039926776169,
      -2.310653745881244,
      3.62454414879454,
      1.1888275242966435,
      1.2645429502401337,
      -0.28413889289414035,
      -3.3724079743542315,
      0.5132614248188705,
      -1.8538814701600235,
      -0.18049501427225956,
      1.8494316634737888,
      2.358217907300457,
      -3.221373268701586,
      -1.5341986671276533,
      -0.04459296790901049,
      -1.0054623358218875,
      -0.08506373067176579,
      2.9260344696184535,
      0.2861383333144172,
      0.4922023221891096,
      -0.7938324674158607,
      0.45353124827266333,
      -0.06121736448853376,
      0.3220807423343198,
      0.9590073622669343,
      0.26372375719630115,
      0.8994744094182271,
      -1.1658769686944805,
      1.0456049619414804,
      0.2911996146880961,
      0.34106204501342113,
      0.20684547990613303,
      -0.6871934592418064,
      0.056510281593030724,
      2.329949178938309,
      0.33811793484266783,
      0.9751987737106368,
      1.8975361256307068,
      0.4874131423952364
    ],
    "jkls_kernel_primitive_stats": {
      "pMult_count": 128,
      "pMult_total_us": 428762.92236328125,
      "add_count": 447,
      "add_total_us": 52185.49609375,
      "rotate_count": 447,
      "rotate_total_us": 99932.30786132812,
      "pMult_avg_us": 3349.7103309631348,
      "add_avg_us": 116.74607627237137,
      "rotate_avg_us": 223.56220998059985
    },
    "bsgs_core_vs_plain_ratio": 36037.694027969046,
    "jkls_core_vs_plain_ratio": 48041.751226797525,
    "jkls_core_over_bsgs_core_ratio": 1.3330972617035948,
    "bsgs_estimated_core_from_direct_us": 442343.6746826172,
    "jkls_estimated_core_from_direct_us": 576396.8663330078
  },
  "case_2_rect_input": {
    "case_name": "compare_cached_8x64__64x64",
    "square_dim": 64,
    "orig_input_shape": [
      8,
      64
    ],
    "orig_weight_shape": [
      64,
      64
    ],
    "plain_reference_us_median": 3.447998046875,
    "encrypt_us_median": 13657.951171875,
    "decrypt_us_median": 17871.602783203125,
    "bsgs_cache_build_us": 149781.28686523438,
    "bsgs_cache_hits": 0,
    "bsgs_cache_misses": 1,
    "bsgs_core_us_median": 455784.68701171875,
    "bsgs_plain_vs_he_max_abs_err": 2.3581525621096944e-11,