{
  "input_shape": [
    64,
    64
  ],
  "weight_shape": [
    64,
    64
  ],
  "num_rounds": 5,
  "sigma": 1,
  "needed_rotation_steps": [
    1,
    2,
    3,
    4,
    5,
    6,
    7,
    8,
    16,
    24,
    32,
    40,
    48,
    56,
    -63
  ],
  "encrypt_once_us": 731533.125,
  "decrypt_once_us": 291972.3732910156,
  "final_max_abs_err_bsgs": 6.439293542825908e-13,
  "rounds_bsgs": [
    {
      "round_idx": 1,
      "cache_build_us": 134520.73217773438,
      "cache_hits": 0,
      "cache_misses": 1,
      "core_us": 8484864.400146484,
      "primitive_stats": {
        "pMult_count": 127,
        "pMult_total_us": 6748934.3857421875,
        "add_count": 126,
        "add_total_us": 1279858.2592773438,
        "rotate_count": 29,
        "rotate_total_us": 435852.8562011719,
        "pMult_avg_us": 53141.21563576526,
        "add_avg_us": 10157.60523235987,
        "rotate_avg_us": 15029.408834523168
      }
    },
    {
      "round_idx": 2,
      "cache_build_us": 120.169189453125,
      "cache_hits": 1,
      "cache_misses": 0,
      "core_us": 8230492.923828125,
      "primitive_stats": {
        "pMult_count": 127,
        "pMult_total_us": 6699487.180419922,
        "add_count": 126,
        "add_total_us": 1239142.998046875,
        "rotate_count": 29,
        "rotate_total_us": 275439.0539550781,
        "pMult_avg_us": 52751.86756236159,
        "add_avg_us": 9834.468238467261,
        "rotate_avg_us": 9497.898412244072
      }
    },
    {
      "round_idx": 3,
      "cache_build_us": 71.053955078125,
      "cache_hits": 1,
      "cache_misses": 0,
      "core_us": 8046358.0126953125,
      "primitive_stats": {
        "pMult_count": 127,
        "pMult_total_us": 6583360.660644531,
        "add_count": 126,
        "add_total_us": 1175764.4831542969,
        "rotate_count": 29,
        "rotate_total_us": 273298.6198730469,
        "pMult_avg_us": 51837.485516886074,
        "add_avg_us": 9331.464152018229,
        "rotate_avg_us": 9424.090340449893
      }
    },
    {
      "round_idx": 4,
      "cache_build_us": 120.236083984375,
      "cache_hits": 1,
      "cache_misses": 0,
      "core_us": 8222943.873291016,
      "primitive_stats": {
        "pMult_count": 127,
        "pMult_total_us": 6689831.608642578,
        "add_count": 126,
        "add_total_us": 1234408.6123046875,
        "rotate_count": 29,
        "rotate_total_us": 283877.1286621094,
        "pMult_avg_us": 52675.83943813053,
        "add_avg_us": 9796.8937484499,
        "rotate_avg_us": 9788.866505589978
      }
    },
    {
      "round_idx": 5,
      "cache_build_us": 77.754150390625,
      "cache_hits": 1,
      "cache_misses": 0,
      "core_us": 8097031.37890625,
      "primitive_stats": {
        "pMult_count": 127,
        "pMult_total_us": 6599487.604736328,
        "add_count": 126,
        "add_total_us": 1207542.443359375,
        "rotate_count": 29,
        "rotate_total_us": 274909.5334472656,
        "pMult_avg_us": 51964.469328632505,
        "add_avg_us": 9583.670185391866,
        "rotate_avg_us": 9479.63908438847
      }
    }
  ],
  "post_round2_summary": {
    "cache_build_us_median": 98.961669921875,
    "core_us_median": 8159987.626098633,
    "pmult_avg_us_median": 52320.15438338152,
    "add_avg_us_median": 9690.281966920884,
    "rotate_avg_us_median": 9488.76874831627
  }
}