{
  "devices": [
    0,
    1,
    2,
    3,
    4,
    5,
    6,
    7
  ],
  "input_shape": [
    64,
    64
  ],
  "weight_shape": [
    64,
    64
  ],
  "num_rounds": 5,
  "sigma": 1,
  "needed_rotation_steps": [
    1,
    2,
    3,
    4,
    5,
    6,
    7,
    8,
    16,
    24,
    32,
    40,
    48,
    56,
    -63
  ],
  "encrypt_once_us": 537126.53515625,
  "decrypt_once_us": 233489.29345703125,
  "final_max_abs_err_bsgs": 6.652456363553938e-13,
  "rounds_bsgs": [
    {
      "round_idx": 1,
      "cache_build_us": 134600.216796875,
      "cache_hits": 0,
      "cache_misses": 1,
      "core_us": 9282748.226074219,
      "primitive_stats": {
        "pMult_count": 127,
        "pMult_total_us": 6736015.265625,
        "add_count": 126,
        "add_total_us": 1323228.7104492188,
        "rotate_count": 29,
        "rotate_total_us": 1204617.0043945312,
        "pMult_avg_us": 53039.49028051181,
        "add_avg_us": 10501.815162295386,
        "rotate_avg_us": 41538.51739291487
      }
    },
    {
      "round_idx": 2,
      "cache_build_us": 117.080078125,
      "cache_hits": 1,
      "cache_misses": 0,
      "core_us": 8595656.468261719,
      "primitive_stats": {
        "pMult_count": 127,
        "pMult_total_us": 6690212.173828125,
        "add_count": 126,
        "add_total_us": 1214975.603515625,
        "rotate_count": 29,
        "rotate_total_us": 677722.384765625,
        "pMult_avg_us": 52678.836014394685,
        "add_avg_us": 9642.663519965277,
        "rotate_avg_us": 23369.737405711207
      }
    },
    {
      "round_idx": 3,
      "cache_build_us": 64.60107421875,
      "cache_hits": 1,
      "cache_misses": 0,
      "core_us": 8800098.580566406,
      "primitive_stats": {
        "pMult_count": 127,
        "pMult_total_us": 6906687.6328125,
        "add_count": 126,
        "add_total_us": 1221529.9946289062,
        "rotate_count": 29,
        "rotate_total_us": 660791.8295898438,
        "pMult_avg_us": 54383.3671875,
        "add_avg_us": 9694.682497054811,
        "rotate_avg_us": 22785.925158270475
      }
    },
    {
      "round_idx": 4,
      "cache_build_us": 119.24267578125,
      "cache_hits": 1,
      "cache_misses": 0,
      "core_us": 8931607.879882812,
      "primitive_stats": {
        "pMult_count": 127,
        "pMult_total_us": 6993447.235839844,
        "add_count": 126,
        "add_total_us": 1249381.673828125,
        "rotate_count": 29,
        "rotate_total_us": 674193.4663085938,
        "pMult_avg_us": 55066.51366803027,
        "add_avg_us": 9915.727570064484,
        "rotate_avg_us": 23248.0505623653
      }
    },
    {
      "round_idx": 5,
      "cache_build_us": 117.70361328125,
      "cache_hits": 1,
      "cache_misses": 0,
      "core_us": 8897218.583984375,
      "primitive_stats": {
        "pMult_count": 127,
        "pMult_total_us": 6966118.287109375,
        "add_count": 126,
        "add_total_us": 1220731.5473632812,
        "rotate_count": 29,
        "rotate_total_us": 696119.5327148438,
        "pMult_avg_us": 54851.325095349406,
        "add_avg_us": 9688.345613994295,
        "rotate_avg_us": 24004.121817753232
      }
    }
  ],
  "post_round2_summary": {
    "cache_build_us_median": 117.391845703125,
    "core_us_median": 8848658.58227539,
    "pmult_avg_us_median": 54617.3461414247,
    "add_avg_us_median": 9691.514055524553,
    "rotate_avg_us_median": 23308.89398403825
  }
}