{
  "experiment": "wp3d_bsgs_block_parallel_8gpu_probe_isolated",
  "gpu_groups": [
    [
      0,
      1
    ],
    [
      2,
      3
    ],
    [
      4,
      5
    ],
    [
      6,
      7
    ]
  ],
  "parallel_wall_us": 65649370.056152344,
  "sum_worker_wall_us": 249319763.89453125,
  "estimated_throughput_speedup": 3.7977480009523137,
  "max_err": 9.29034627006331e-13,
  "results": [
    {
      "task_id": 0,
      "pid": 182198,
      "physical_devices": [
        0,
        1
      ],
      "local_devices": [
        0,
        1
      ],
      "cuda_visible_devices": "0,1",
      "seed": 204000,
      "runtime_info": {
        "ring_dim": 131072,
        "cyclotomic_order": 262144
      },
      "input_shape": [
        64,
        64
      ],
      "weight_shape": [
        64,
        64
      ],
      "num_rounds": 5,
      "rotation_steps_count": 15,
      "encrypt_once_us": 645062.3120117188,
      "decrypt_once_us": 213846.07763671875,
      "worker_wall_us": 64177194.69580078,
      "final_max_abs_err": 7.469580509678053e-13,
      "rounds": [
        {
          "round_idx": 1,
          "cache_build_us": 133107.7841796875,
          "cache_hits": 0,
          "cache_misses": 1,
          "core_us": 9858405.870117188,
          "primitive_stats": {
            "pMult_count": 127,
            "pMult_total_us": 7742000.6904296875,
            "add_count": 126,
            "add_total_us": 1595503.037109375,
            "rotate_count": 29,
            "rotate_total_us": 495523.22412109375,
            "pMult_avg_us": 60960.635357714076,
            "add_avg_us": 12662.72251674107,
            "rotate_avg_us": 17087.007728313576
          }
        },
        {
          "round_idx": 2,
          "cache_build_us": 136.701171875,
          "cache_hits": 1,
          "cache_misses": 0,
          "core_us": 9299817.08984375,
          "primitive_stats": {
            "pMult_count": 127,
            "pMult_total_us": 7443371.872558594,
            "add_count": 126,
            "add_total_us": 1474039.3291015625,
            "rotate_count": 29,
            "rotate_total_us": 365514.12939453125,
            "pMult_avg_us": 58609.22734298105,
            "add_avg_us": 11698.724834139384,
            "rotate_avg_us": 12603.935496363147
          }
        },
        {
          "round_idx": 3,
          "cache_build_us": 132.60986328125,
          "cache_hits": 1,
          "cache_misses": 0,
          "core_us": 9126758.821289062,
          "primitive_stats": {
            "pMult_count": 127,
            "pMult_total_us": 7372300.7919921875,
            "add_count": 126,
            "add_total_us": 1409229.0268554688,
            "rotate_count": 29,
            "rotate_total_us": 330972.37158203125,
            "pMult_avg_us": 58049.612535371554,
            "add_avg_us": 11184.357355995784,
            "rotate_avg_us": 11412.840399380388
          }
        },
        {
          "round_idx": 4,
          "cache_build_us": 113.23291015625,
          "cache_hits": 1,
          "cache_misses": 0,
          "core_us": 9239559.081054688,
          "primitive_stats": {
            "pMult_count": 127,
            "pMult_total_us": 7442286.1455078125,
            "add_count": 126,
            "add_total_us": 1452318.42578125,
            "rotate_count": 29,
            "rotate_total_us": 325590.90380859375,
            "pMult_avg_us": 58600.67831108514,
            "add_avg_us": 11526.336712549602,
            "rotate_avg_us": 11227.272545123922
          }
        },
        {
          "round_idx": 5,
          "cache_build_us": 95.22607421875,
          "cache_hits": 1,
          "cache_misses": 0,
          "core_us": 9075831.970214844,
          "primitive_stats": {
            "pMult_count": 127,
            "pMult_total_us": 7349441.9560546875,
            "add_count": 126,
            "add_total_us": 1383821.865234375,
            "rotate_count": 29,
            "rotate_total_us": 324105.78466796875,
            "pMult_avg_us": 57869.62170121801,
            "add_avg_us": 10982.713216145834,
            "rotate_avg_us": 11176.061540274784
          }
        }
      ],
      "post_round2_summary": {
        "cache_build_us_median": 122.92138671875,
        "core_us_median": 9183158.951171875,
        "pmult_avg_us_median": 58325.14542322834,
        "add_avg_us_median": 11355.347034272694,
        "rotate_avg_us_median": 11320.056472252156
      }
    },
    {
      "task_id": 1,
      "pid": 182194,
      "physical_devices": [
        2,
        3
      ],
      "local_devices": [
        0,
        1
      ],
      "cuda_visible_devices": "2,3",
      "seed": 204001,
      "runtime_info": {
        "ring_dim": 131072,
        "cyclotomic_order": 262144
      },
      "input_shape": [
        64,
        64
      ],
      "weight_shape": [
        64,
        64
      ],
      "num_rounds": 5,
      "rotation_steps_count": 15,
      "encrypt_once_us": 570634.5229492188,
      "decrypt_once_us": 222721.3759765625,
      "worker_wall_us": 56909968.74707031,
      "final_max_abs_err": 9.29034627006331e-13,
      "rounds": [
        {
          "round_idx": 1,
          "cache_build_us": 141334.27734375,
          "cache_hits": 0,
          "cache_misses": 1,
          "core_us": 8551868.259765625,
          "primitive_stats": {
            "pMult_count": 127,
            "pMult_total_us": 6773846.200683594,
            "add_count": 126,
            "add_total_us": 1315339.0908203125,
            "rotate_count": 29,
            "rotate_total_us": 441247.099609375,
            "pMult_avg_us": 53337.371658925935,
            "add_avg_us": 10439.199133494543,
            "rotate_avg_us": 15215.417227909482
          }
        },
        {
          "round_idx": 2,
          "cache_build_us": 224.34912109375,
          "cache_hits": 1,
          "cache_misses": 0,
          "core_us": 8079562.3623046875,
          "primitive_stats": {
            "pMult_count": 127,
            "pMult_total_us": 6503678.659667969,
            "add_count": 126,
            "add_total_us": 1257054.9228515625,
            "rotate_count": 29,
            "rotate_total_us": 301904.8291015625,
            "pMult_avg_us": 51210.06818636196,
            "add_avg_us": 9976.626371837798,
            "rotate_avg_us": 10410.511348329741
          }
        },
        {
          "round_idx": 3,
          "cache_build_us": 110.53564453125,
          "cache_hits": 1,
          "cache_misses": 0,
          "core_us": 7744177.768066406,
          "primitive_stats": {
            "pMult_count": 127,
            "pMult_total_us": 6231895.8876953125,
            "add_count": 126,
            "add_total_us": 1220165.5219726562,
            "rotate_count": 29,
            "rotate_total_us": 276013.6435546875,
            "pMult_avg_us": 49070.04635980561,
            "add_avg_us": 9683.853348989336,
            "rotate_avg_us": 9517.711846713362
          }
        },
        {
          "round_idx": 4,
          "cache_build_us": 89.70849609375,
          "cache_hits": 1,
          "cache_misses": 0,
          "core_us": 7677870.7158203125,
          "primitive_stats": {
            "pMult_count": 127,
            "pMult_total_us": 6190890.536621094,
            "add_count": 126,
            "add_total_us": 1197537.5502929688,
            "rotate_count": 29,
            "rotate_total_us": 274517.22412109375,
            "pMult_avg_us": 48747.169579693655,
            "add_avg_us": 9504.266272166418,
            "rotate_avg_us": 9466.11117658944
          }
        },
        {
          "round_idx": 5,
          "cache_build_us": 111.41015625,
          "cache_hits": 1,
          "cache_misses": 0,
          "core_us": 7614932.582519531,
          "primitive_stats": {
            "pMult_count": 127,
            "pMult_total_us": 6140984.3251953125,
            "add_count": 126,
            "add_total_us": 1179592.4653320312,
            "rotate_count": 29,