{
  "experiment": "wp3d_bsgs_block_parallel_8gpu_probe",
  "gpu_groups": [
    [
      0,
      1
    ],
    [
      2,
      3
    ],
    [
      4,
      5
    ],
    [
      6,
      7
    ]
  ],
  "parallel_wall_us": 61826689.186035156,
  "sum_worker_wall_us": 240006631.3930664,
  "estimated_throughput_speedup": 3.8819259862175652,
  "max_err": 9.894307595459395e-13,
  "results": [
    {
      "task_id": 0,
      "pid": 32795,
      "devices": [
        0,
        1
      ],
      "seed": 204000,
      "runtime_info": {
        "ring_dim": 131072,
        "cyclotomic_order": 262144
      },
      "input_shape": [
        64,
        64
      ],
      "weight_shape": [
        64,
        64
      ],
      "num_rounds": 5,
      "rotation_steps_count": 15,
      "encrypt_once_us": 542212.12109375,
      "decrypt_once_us": 211408.67529296875,
      "worker_wall_us": 60287461.20410156,
      "final_max_abs_err": 9.894307595459395e-13,
      "rounds": [
        {
          "round_idx": 1,
          "cache_build_us": 134233.47216796875,
          "cache_hits": 0,
          "cache_misses": 1,
          "core_us": 8711638.455078125,
          "primitive_stats": {
            "pMult_count": 127,
            "pMult_total_us": 6748737.729003906,
            "add_count": 126,
            "add_total_us": 1360120.0234375,
            "rotate_count": 29,
            "rotate_total_us": 579272.6694335938,
            "pMult_avg_us": 53139.667157511074,
            "add_avg_us": 10794.60336061508,
            "rotate_avg_us": 19974.919635641163
          }
        },
        {
          "round_idx": 2,
          "cache_build_us": 124.26171875,
          "cache_hits": 1,
          "cache_misses": 0,
          "core_us": 8650749.266113281,
          "primitive_stats": {
            "pMult_count": 127,
            "pMult_total_us": 6856026.79296875,
            "add_count": 126,
            "add_total_us": 1325867.8408203125,
            "rotate_count": 29,
            "rotate_total_us": 452306.3037109375,
            "pMult_avg_us": 53984.46293676181,
            "add_avg_us": 10522.760641431052,
            "rotate_avg_us": 15596.769093480603
          }
        },
        {
          "round_idx": 3,
          "cache_build_us": 72.2451171875,
          "cache_hits": 1,
          "cache_misses": 0,
          "core_us": 8849285.013183594,
          "primitive_stats": {
            "pMult_count": 127,
            "pMult_total_us": 7053812.0771484375,
            "add_count": 126,
            "add_total_us": 1331100.7080078125,
            "rotate_count": 29,
            "rotate_total_us": 447334.75341796875,
            "pMult_avg_us": 55541.827379121554,
            "add_avg_us": 10564.291333395337,
            "rotate_avg_us": 15425.336324757543
          }
        },
        {
          "round_idx": 4,
          "cache_build_us": 144.47998046875,
          "cache_hits": 1,
          "cache_misses": 0,
          "core_us": 8593148.397949219,
          "primitive_stats": {
            "pMult_count": 127,
            "pMult_total_us": 6827594.095214844,
            "add_count": 126,
            "add_total_us": 1294216.4194335938,
            "rotate_count": 29,
            "rotate_total_us": 452836.41748046875,
            "pMult_avg_us": 53760.58342688853,
            "add_avg_us": 10271.558884393602,
            "rotate_avg_us": 15615.048878636853
          }
        },
        {
          "round_idx": 5,
          "cache_build_us": 75.033203125,
          "cache_hits": 1,
          "cache_misses": 0,
          "core_us": 8651145.602050781,
          "primitive_stats": {
            "pMult_count": 127,
            "pMult_total_us": 6876480.23046875,
            "add_count": 126,
            "add_total_us": 1319774.3217773438,
            "rotate_count": 29,
            "rotate_total_us": 437260.3017578125,
            "pMult_avg_us": 54145.51362573819,
            "add_avg_us": 10474.399379185268,
            "rotate_avg_us": 15077.941439924569
          }
        }
      ],
      "post_round2_summary": {
        "cache_build_us_median": 99.6474609375,
        "core_us_median": 8650947.434082031,
        "pmult_avg_us_median": 54064.98828125,
        "add_avg_us_median": 10498.58001030816,
        "rotate_avg_us_median": 15511.052709119074
      }
    },
    {
      "task_id": 1,
      "pid": 32798,
      "devices": [
        2,
        3
      ],
      "seed": 204001,
      "runtime_info": {
        "ring_dim": 131072,
        "cyclotomic_order": 262144
      },
      "input_shape": [
        64,
        64
      ],
      "weight_shape": [
        64,
        64
      ],
      "num_rounds": 5,
      "rotation_steps_count": 15,
      "encrypt_once_us": 561292.6645507812,
      "decrypt_once_us": 307411.24365234375,
      "worker_wall_us": 59262616.90234375,
      "final_max_abs_err": 7.411848912397545e-13,
      "rounds": [
        {
          "round_idx": 1,
          "cache_build_us": 132156.08154296875,
          "cache_hits": 0,
          "cache_misses": 1,
          "core_us": 8566924.579101562,
          "primitive_stats": {
            "pMult_count": 127,
            "pMult_total_us": 6653613.5654296875,
            "add_count": 126,
            "add_total_us": 1356264.4565429688,
            "rotate_count": 29,
            "rotate_total_us": 536253.3623046875,
            "pMult_avg_us": 52390.65799550935,
            "add_avg_us": 10764.003623356895,
            "rotate_avg_us": 18491.495251885775
          }
        },
        {
          "round_idx": 2,
          "cache_build_us": 66.35302734375,
          "cache_hits": 1,
          "cache_misses": 0,
          "core_us": 8384796.66015625,
          "primitive_stats": {
            "pMult_count": 127,
            "pMult_total_us": 6655425.281738281,
            "add_count": 126,
            "add_total_us": 1273128.5502929688,
            "rotate_count": 29,
            "rotate_total_us": 441020.98681640625,
            "pMult_avg_us": 52404.92347825418,
            "add_avg_us": 10104.19484359499,
            "rotate_avg_us": 15207.620235048491
          }
        },
        {
          "round_idx": 3,
          "cache_build_us": 64.1708984375,
          "cache_hits": 1,
          "cache_misses": 0,
          "core_us": 8670163.637695312,
          "primitive_stats": {
            "pMult_count": 127,
            "pMult_total_us": 6909219.2822265625,
            "add_count": 126,
            "add_total_us": 1300649.5068359375,
            "rotate_count": 29,
            "rotate_total_us": 445140.59130859375,
            "pMult_avg_us": 54403.301434854824,
            "add_avg_us": 10322.615133618552,
            "rotate_avg_us": 15349.675562365303
          }
        },
        {
          "round_idx": 4,
          "cache_build_us": 120.05908203125,
          "cache_hits": 1,
          "cache_misses": 0,
          "core_us": 8624965.416015625,
          "primitive_stats": {
            "pMult_count": 127,
            "pMult_total_us": 6784727.267578125,
            "add_count": 126,
            "add_total_us": 1339511.8095703125,
            "rotate_count": 29,
            "rotate_total_us": 488096.111328125,
            "pMult_avg_us": 53423.049351008856,
            "add_avg_us": 10631.046107700893,
            "rotate_avg_us": 16830.900390625
          }
        },
        {
          "round_idx": 5,
          "cache_build_us": 135.30908203125,
          "cache_hits": 1,
          "cache_misses": 0,
          "core_us": 8658413.108886719,
          "primitive_stats": {
            "pMult_count": 127,
            "pMult_total_us": 6817501.835449219,
            "add_count": 126,
            "add_total_us": 1370220.0537109375,
            "rotate_count": 29,
            "rotate_total_us": 453780.4453125,
            "pMult_avg_us": 53681.11681456078,
            "add_avg_us": 10874.762331039186,
            "rotate_avg_us": 15647.6015625
          }
        }
      ],