{
  "experiment": "wp4a_component_inspect_cpu",
  "input": [
    0.125,
    -0.25,
    0.5,
    -1.0,
    1.5,
    -2.0,
    3.0,
    -4.0
  ],
  "decrypt": [
    0.12500000000004063,
    -0.2500000000000018,
    0.5000000000000491,
    -0.9999999999999987,
    1.4999999999999145,
    -2.000000000000006,
    3.000000000000031,
    -3.999999999999908
  ],
  "max_abs_err": 9.192646643896296e-14,
  "component_info": {
    "valid": true,
    "fides_loaded": false,
    "fides_gpu_handle": 0,
    "fides_level": 0,
    "fides_noise_scale_deg": 2,
    "num_parts": 2,
    "openfhe_level": 0,
    "openfhe_noise_scale_deg": 2,
    "openfhe_scaling_factor": 6.271904250631633e+20,
    "openfhe_slots": 8,
    "openfhe_encoding_type": 4,
    "openfhe_key_tag": "04e6c5582a34d4d8f66540b414397f48",
    "parts": [
      {
        "part_index": 0,
        "openfhe_name": "GetElements()[0]",
        "fides_raw_name": "sub_0 / c0",
        "format": 0,
        "num_towers": 4,
        "towers": [
          {
            "tower_index": 0,
            "modulus_u64": 1152921504606748673,
            "ring_dim": 16384,
            "coeff_head": [
              1009623374380414299,
              908209026688139813,
              656916579459773397,
              813565579032760871,
              623431297011902604,
              978574874375167850,
              433629809372249988,
              585147377316664350
            ],
            "fnv1a64": "11120887253244199752"
          },
          {
            "tower_index": 1,
            "modulus_u64": 1125899904679937,
            "ring_dim": 16384,
            "coeff_head": [
              578577964582496,
              212945980512018,
              812755068919483,
              879851051268419,
              1016140591294375,
              1001333075150579,
              31846009373905,
              246511419289898
            ],
            "fnv1a64": "3366133418490929445"
          },
          {
            "tower_index": 2,
            "modulus_u64": 1125899908022273,
            "ring_dim": 16384,
            "coeff_head": [
              602332262301778,
              268311046578111,
              659925846847432,
              176324378938148,
              866656963559272,
              664506959647966,
              75110199463471,
              63685507472809
            ],
            "fnv1a64": "7719160295806847898"
          },
          {
            "tower_index": 3,
            "modulus_u64": 557057,
            "ring_dim": 16384,
            "coeff_head": [
              469180,
              335603,
              307047,
              317650,
              499892,
              395830,
              318963,
              107791
            ],
            "fnv1a64": "4332478083641663192"
          }
        ]
      },
      {
        "part_index": 1,
        "openfhe_name": "GetElements()[1]",
        "fides_raw_name": "sub_1 / c1",
        "format": 0,
        "num_towers": 4,
        "towers": [
          {
            "tower_index": 0,
            "modulus_u64": 1152921504606748673,
            "ring_dim": 16384,
            "coeff_head": [
              1033796304965643803,
              778088574932491918,
              256891622820923008,
              321087023993022348,
              528413524007151889,
              1048948975126005515,
              290313971362860210,
              327925005693910597
            ],
            "fnv1a64": "18382079286201703943"
          },
          {
            "tower_index": 1,
            "modulus_u64": 1125899904679937,
            "ring_dim": 16384,
            "coeff_head": [
              1041163351073936,
              1075290661936135,
              438978843068162,
              231911968745887,
              32750335352019,
              473733013997219,
              222275335908327,
              285845689002343
            ],
            "fnv1a64": "16879697658265628149"
          },
          {
            "tower_index": 2,
            "modulus_u64": 1125899908022273,
            "ring_dim": 16384,
            "coeff_head": [
              1038094123182024,
              172613281545332,
              775404856302056,
              615329451785565,
              498370851429223,
              153001649384018,
              566989291997582,
              953836416589543
            ],
            "fnv1a64": "297419937788393779"
          },
          {
            "tower_index": 3,
            "modulus_u64": 557057,
            "ring_dim": 16384,
            "coeff_head": [
              550683,
              367009,
              225481,
              261785,
              18986,
              278457,
              85461,
              493193
            ],
            "fnv1a64": "10649488154227757238"
          }
        ]
      }
    ]
  }
}