{
  "experiment": "wp4b_component_roundtrip_cpu",
  "input": [
    0.125,
    -0.25,
    0.5,
    -1.0,
    1.5,
    -2.0,
    3.0,
    -4.0
  ],
  "decrypt_original": [
    0.12499999999994948,
    -0.2499999999999163,
    0.4999999999999438,
    -0.9999999999999905,
    1.5000000000000133,
    -2.000000000000032,
    3.000000000000049,
    -4.00000000000002
  ],
  "decrypt_roundtrip": [
    0.12500000000007205,
    -0.2500000000000382,
    0.5000000000000593,
    -0.9999999999999982,
    1.5000000000000915,
    -2.0000000000000613,
    3.0000000000001057,
    -3.999999999999954
  ],
  "err_original": 8.37108160567368e-14,
  "err_roundtrip_to_input": 1.056932319443149e-13,
  "err_roundtrip_to_original_dec": 1.2256862191861728e-13,
  "component_info_original": {
    "valid": true,
    "fides_loaded": false,
    "fides_gpu_handle": 0,
    "fides_level": 0,
    "fides_noise_scale_deg": 2,
    "num_parts": 2,
    "openfhe_level": 0,
    "openfhe_noise_scale_deg": 2,
    "openfhe_scaling_factor": 6.271904250631633e+20,
    "openfhe_slots": 8,
    "openfhe_encoding_type": 4,
    "openfhe_key_tag": "c32dd3615ee1b064a426385bf288500b",
    "parts": [
      {
        "part_index": 0,
        "openfhe_name": "GetElements()[0]",
        "fides_raw_name": "sub_0 / c0",
        "format": 0,
        "num_towers": 4,
        "towers": [
          {
            "tower_index": 0,
            "modulus_u64": 1152921504606748673,
            "ring_dim": 16384,
            "coeff_head": [
              805576134461862579,
              374321817324553600,
              685136577341876356,
              784996627289051303
            ],
            "fnv1a64": "14243772832594797300"
          },
          {
            "tower_index": 1,
            "modulus_u64": 1125899904679937,
            "ring_dim": 16384,
            "coeff_head": [
              272615338581943,
              28993223031396,
              304987435666710,
              938547357513350
            ],
            "fnv1a64": "472823766622893884"
          },
          {
            "tower_index": 2,
            "modulus_u64": 1125899908022273,
            "ring_dim": 16384,
            "coeff_head": [
              237015877965806,
              50514292888031,
              67248113567677,
              639782802157625
            ],
            "fnv1a64": "9700823017164066020"
          },
          {
            "tower_index": 3,
            "modulus_u64": 557057,
            "ring_dim": 16384,
            "coeff_head": [
              453687,
              490126,
              426639,
              122055
            ],
            "fnv1a64": "5301100253864801570"
          }
        ]
      },
      {
        "part_index": 1,
        "openfhe_name": "GetElements()[1]",
        "fides_raw_name": "sub_1 / c1",
        "format": 0,
        "num_towers": 4,
        "towers": [
          {
            "tower_index": 0,
            "modulus_u64": 1152921504606748673,
            "ring_dim": 16384,
            "coeff_head": [
              230065964732203633,
              607275262093900567,
              807669313290827517,
              789923689710398711
            ],
            "fnv1a64": "5570137597123115996"
          },
          {
            "tower_index": 1,
            "modulus_u64": 1125899904679937,
            "ring_dim": 16384,
            "coeff_head": [
              422639569428105,
              1051281102681179,
              637784185552233,
              393141055438511
            ],
            "fnv1a64": "16304296485688305415"
          },
          {
            "tower_index": 2,
            "modulus_u64": 1125899908022273,
            "ring_dim": 16384,
            "coeff_head": [
              571779672696189,
              1031733868206610,
              875765489949325,
              550880451793470
            ],
            "fnv1a64": "11567977377495423790"
          },
          {
            "tower_index": 3,
            "modulus_u64": 557057,
            "ring_dim": 16384,
            "coeff_head": [
              338918,
              489824,
              527672,
              234072
            ],
            "fnv1a64": "16809942186481605111"
          }
        ]
      }
    ]
  },
  "component_info_roundtrip": {
    "valid": true,
    "fides_loaded": false,
    "fides_gpu_handle": 0,
    "fides_level": 0,
    "fides_noise_scale_deg": 2,
    "num_parts": 2,
    "openfhe_level": 0,
    "openfhe_noise_scale_deg": 2,
    "openfhe_scaling_factor": 6.271904250631633e+20,
    "openfhe_slots": 8,
    "openfhe_encoding_type": 4,
    "openfhe_key_tag": "c32dd3615ee1b064a426385bf288500b",
    "parts": [
      {
        "part_index": 0,
        "openfhe_name": "GetElements()[0]",
        "fides_raw_name": "sub_0 / c0",
        "format": 0,
        "num_towers": 4,
        "towers": [
          {
            "tower_index": 0,
            "modulus_u64": 1152921504606748673,
            "ring_dim": 16384,
            "coeff_head": [
              805576134461862579,
              374321817324553600,
              685136577341876356,
              784996627289051303
            ],
            "fnv1a64": "14243772832594797300"
          },
          {
            "tower_index": 1,
            "modulus_u64": 1125899904679937,
            "ring_dim": 16384,
            "coeff_head": [
              272615338581943,
              28993223031396,
              304987435666710,
              938547357513350
            ],
            "fnv1a64": "472823766622893884"
          },
          {
            "tower_index": 2,
            "modulus_u64": 1125899908022273,
            "ring_dim": 16384,
            "coeff_head": [
              237015877965806,
              50514292888031,
              67248113567677,
              639782802157625
            ],
            "fnv1a64": "9700823017164066020"
          },
          {
            "tower_index": 3,
            "modulus_u64": 557057,
            "ring_dim": 16384,
            "coeff_head": [
              453687,
              490126,
              426639,
              122055
            ],
            "fnv1a64": "5301100253864801570"
          }
        ]
      },
      {
        "part_index": 1,
        "openfhe_name": "GetElements()[1]",
        "fides_raw_name": "sub_1 / c1",
        "format": 0,
        "num_towers": 4,
        "towers": [
          {
            "tower_index": 0,
            "modulus_u64": 1152921504606748673,
            "ring_dim": 16384,
            "coeff_head": [
              230065964732203633,
              607275262093900567,
              807669313290827517,
              789923689710398711
            ],
            "fnv1a64": "5570137597123115996"
          },
          {
            "tower_index": 1,
            "modulus_u64": 1125899904679937,
            "ring_dim": 16384,
            "coeff_head": [
              422639569428105,
              1051281102681179,
              637784185552233,
              393141055438511
            ],
            "fnv1a64": "16304296485688305415"
          },
          {
            "tower_index": 2,
            "modulus_u64": 1125899908022273,
            "ring_dim": 16384,
            "coeff_head": [
              571779672696189,
              1031733868206610,
              875765489949325,
              550880451793470
            ],
            "fnv1a64": "11567977377495423790"
          },
          {
            "tower_index": 3,
            "modulus_u64": 557057,
            "ring_dim": 16384,
            "coeff_head": [
              338918,
              489824,
              527672,
              234072
            ],
            "fnv1a64": "16809942186481605111"
          }
        ]
      }
    ]
  }
}