{
  "experiment": "wp4c_component_bchps_pcmm_cpu_debug",
  "n_in": 4,
  "n_out": 3,
  "slots": 8,
  "seed": 205400,
  "U": [
    [
      1,
      0,
      -1,
      2
    ],
    [
      0,
      1,
      1,
      -1
    ],
    [
      2,
      -1,
      0,
      1
    ]
  ],
  "M": [
    [
      -0.25717265175114185,
      0.17672700328805588,
      -0.41320540963210517,
      -0.2892056993007143,
      -0.04436695092059373,
      -0.10218821451006757,
      -0.3480387025762519,
      -0.11495541159307224
    ],
    [
      0.6401166659716596,
      -0.05529090744171966,
      -0.1994248763842092,
      0.033376152637991874,
      0.11662920513720507,
      -0.009440466252364011,
      0.15058949377052058,
      0.3023832834125561
    ],
    [
      0.516689549708403,
      -0.026710408908033622,
      0.3190949534833861,
      0.07357408592660535,
      0.08153209282503901,
      -0.13244639733902913,
      0.12249671516263023,
      -0.11739744465688311
    ],
    [
      -0.19832368466262293,
      -0.10104214054862029,
      0.2749468389331401,
      0.14614108201807235,
      -0.5777692582651487,
      -0.4357888835195788,
      -0.39589565756948714,
      0.16276977688003974
    ]
  ],
  "Y_ref": [
    [
      -1.1705095707847908,
      0.0013531310988489087,
      -0.1824066852492111,
      -0.07049762119117498,
      -1.28143756027593,
      -0.841319584210196,
      -1.2623267328778565,
      0.32798158682389034
    ],
    [
      1.3551299003426855,
      0.019040824198867004,
      -0.15527676183396316,
      -0.039190843453475135,
      0.7759305562273928,
      0.29390201992818565,
      0.6689818665026379,
      0.022216061875633242
    ],
    [
      -1.3527856541365662,
      0.30770277346921115,
      -0.352039103946861,
      -0.46564646922134817,
      -0.7831323652435412,
      -0.6307248462873499,
      -1.2425625564925116,
      -0.36952432971866084
    ]
  ],
  "dec_in": [
    [
      -0.25717265175112447,
      0.17672700328809954,
      -0.41320540963212266,
      -0.28920569930073015,
      -0.04436695092068302,
      -0.10218821451009387,
      -0.34803870257636577,
      -0.11495541159310682
    ],
    [
      0.6401166659716466,
      -0.055290907441697804,
      -0.199424876384245,
      0.03337615263797142,
      0.1166292051373145,
      -0.009440466252310115,
      0.150589493770457,
      0.3023832834125324
    ],
    [
      0.5166895497084119,
      -0.0267104089080408,
      0.319094953483353,
      0.07357408592670148,
      0.08153209282501014,
      -0.13244639733889893,
      0.12249671516270416,
      -0.11739744465686133
    ],
    [
      -0.19832368466265438,
      -0.10104214054857319,
      0.27494683893318017,
      0.14614108201804094,
      -0.5777692582651353,
      -0.4357888835195539,
      -0.395895657569473,
      0.16276977688013144
    ]
  ],
  "dec_out": [
    [
      -1.1705095707847941,
      0.0013531310989502443,
      -0.1824066852492241,
      -0.07049762119114575,
      -1.2814375602760024,
      -0.8413195842101624,
      -1.2623267328777599,
      0.3279815868239131
    ],
    [
      1.3551299003426351,
      0.019040824198907486,
      -0.15527676183400407,
      -0.03919084345338797,
      0.7759305562274548,
      0.29390201992822373,
      0.6689818665026308,
      0.02221606187556385
    ],
    [
      -1.352785654136702,
      0.30770277346931607,
      -0.35203910394680277,
      -0.4656464692212614,
      -0.7831323652434486,
      -0.6307248462873014,
      -1.2425625564924907,
      -0.36952432971858196
    ]
  ],
  "err_input": 1.3020140521291523e-13,
  "err_output_to_ref": 1.3589129821411916e-13,
  "err_output_to_dec_ref": 3.6715075424353927e-13,
  "encrypt_rows_us": 36522.8525390625,
  "component_pcmm_core_us": 129019.884765625,
  "decrypt_outputs_us": 11795.216796875,
  "component_info_input0": {
    "valid": true,
    "fides_loaded": false,
    "fides_gpu_handle": 0,
    "fides_level": 0,
    "fides_noise_scale_deg": 2,
    "num_parts": 2,
    "openfhe_level": 0,
    "openfhe_noise_scale_deg": 2,
    "openfhe_scaling_factor": 6.271904250631633e+20,
    "openfhe_slots": 8,
    "openfhe_encoding_type": 4,
    "openfhe_key_tag": "f346bdfff1c760e7385170daa6317bcb",
    "parts": [
      {
        "part_index": 0,
        "openfhe_name": "GetElements()[0]",
        "fides_raw_name": "sub_0 / c0",
        "format": 0,
        "num_towers": 4,
        "towers": [
          {
            "tower_index": 0,
            "modulus_u64": 1152921504606748673,
            "ring_dim": 16384,
            "coeff_head": [
              468430791122157806,
              768430704516977776
            ],
            "fnv1a64": "1580150203438175039"
          },
          {
            "tower_index": 1,
            "modulus_u64": 1125899904679937,
            "ring_dim": 16384,
            "coeff_head": [
              922540520670381,
              556136409333656
            ],
            "fnv1a64": "3425979846442695021"
          },
          {
            "tower_index": 2,
            "modulus_u64": 1125899908022273,
            "ring_dim": 16384,
            "coeff_head": [
              1117646475069857,
              29052383008645
            ],
            "fnv1a64": "2335763851648012702"
          },
          {
            "tower_index": 3,
            "modulus_u64": 557057,
            "ring_dim": 16384,
            "coeff_head": [
              327270,
              10441
            ],
            "fnv1a64": "12825582258602456080"
          }
        ]
      },
      {
        "part_index": 1,
        "openfhe_name": "GetElements()[1]",
        "fides_raw_name": "sub_1 / c1",
        "format": 0,
        "num_towers": 4,
        "towers": [
          {
            "tower_index": 0,
            "modulus_u64": 1152921504606748673,
            "ring_dim": 16384,
            "coeff_head": [
              438722889934901327,
              222098135655104223
            ],
            "fnv1a64": "4275318865674888852"
          },
          {
            "tower_index": 1,
            "modulus_u64": 1125899904679937,
            "ring_dim": 16384,
            "coeff_head": [
              1099717994321447,
              741407642759822
            ],
            "fnv1a64": "6541676889710014842"
          },
          {
            "tower_index": 2,
            "modulus_u64": 1125899908022273,
            "ring_dim": 16384,
            "coeff_head": [
              436985255599469,
              1038611036504428
            ],
            "fnv1a64": "15427506239737469505"
          },
          {
            "tower_index": 3,
            "modulus_u64": 557057,
            "ring_dim": 16384,
            "coeff_head": [
              188460,
              69103
            ],
            "fnv1a64": "12668070332864961978"
          }
        ]
      }
    ]
  },
  "component_info_output0": {
    "valid": true,
    "fides_loaded": false,
    "fides_gpu_handle": 0,
    "fides_level": 0,
    "fides_noise_scale_deg": 2,
    "num_parts": 2,
    "openfhe_level": 0,
    "openfhe_noise_scale_deg": 2,
    "openfhe_scaling_factor": 6.271904250631633e+20,
    "openfhe_slots": 8,
    "openfhe_encoding_type": 4,
    "openfhe_key_tag": "f346bdfff1c760e7385170daa6317bcb",
    "parts": [
      {
        "part_index": 0,
        "openfhe_name": "GetElements()[0]",
        "fides_raw_name": "sub_0 / c0",
        "format": 0,
        "num_towers": 4,
        "towers": [
          {
            "tower_index": 0,
            "modulus_u64": 1152921504606748673,
            "ring_dim": 16384,
            "coeff_head": [
              510713149741215573,
              812340419196539297
            ],
            "fnv1a64": "15843239709714837281"
          },
          {
            "tower_index": 1,
            "modulus_u64": 1125899904679937,
            "ring_dim": 16384,
            "coeff_head": [
              566386292673941,
              670161127348876
            ],