{
  "experiment": "wp4d_component_vs_highlevel_add_pcmm_cpu_debug",
  "n_in": 4,
  "n_out": 3,
  "slots": 8,
  "seed": 205401,
  "U": [
    [
      1,
      0,
      1,
      2
    ],
    [
      0,
      1,
      1,
      1
    ],
    [
      2,
      1,
      0,
      1
    ]
  ],
  "M": [
    [
      -0.410018007475874,
      0.3933631840260818,
      -0.23608956387323687,
      0.4130352861753459,
      0.11629721568750083,
      0.403356017858864,
      -0.408367580608376,
      -0.38827360762936186
    ],
    [
      0.6504713269325225,
      -0.42006171740150455,
      -0.04176911337872443,
      -0.04437234780362227,
      0.09939635978118146,
      -0.043102456825277996,
      -0.19676568786539947,
      0.6678928159806015
    ],
    [
      0.09710981460797814,
      0.23577209090126053,
      0.0730347749621448,
      0.10324799164701118,
      0.31661349679578293,
      -0.1560433365386334,
      -0.17239484799641705,
      0.29622803701585426
    ],
    [
      -0.10546069349817773,
      0.1321622583044453,
      0.178504406953357,
      -0.12268739284997612,
      0.047591810915246856,
      -0.19571800323350597,
      0.038787998775792525,
      -0.3573034880737443
    ]
  ],
  "Y_ref": [
    [
      -0.5238295798642514,
      0.893459791536233,
      0.19395402499562195,
      0.2709084921224048,
      0.5280943343137775,
      -0.14412332514678133,
      -0.503186431053208,
      -0.8066525467609962
    ],
    [
      0.6421204480423229,
      -0.05212736819579872,
      0.20977006853677738,
      -0.06381174900658722,
      0.4636016674922112,
      -0.3948637965974173,
      -0.330372537086024,
      0.6068173649227115
    ],
    [
      -0.27502538151740324,
      0.4988269089551043,
      -0.3354438341718412,
      0.6590108316970934,
      0.37958260207142996,
      0.567891575658944,
      -0.974712850306359,
      -0.46595788735186655
    ]
  ],
  "dec_in": [
    [
      -0.41001800747590844,
      0.39336318402610465,
      -0.23608956387320654,
      0.41303528617524365,
      0.11629721568751653,
      0.4033560178588818,
      -0.40836758060833933,
      -0.38827360762932683
    ],
    [
      0.6504713269325019,
      -0.4200617174014042,
      -0.04176911337870644,
      -0.04437234780366167,
      0.09939635978137196,
      -0.04310245682532263,
      -0.19676568786540738,
      0.6678928159806317
    ],
    [
      0.09710981460797821,
      0.2357720909012842,
      0.07303477496217134,
      0.10324799164704301,
      0.31661349679583606,
      -0.15604333653871622,
      -0.17239484799637858,
      0.29622803701587086
    ],
    [
      -0.10546069349826466,
      0.13216225830438205,
      0.1785044069532825,
      -0.1226873928499851,
      0.04759181091525817,
      -0.1957180032335203,
      0.038787998775740865,
      -0.3573034880737961
    ]
  ],
  "dec_component": [
    [
      -0.5238295798642831,
      0.8934597915362698,
      0.1939540249956114,
      0.27090849212243606,
      0.5280943343137992,
      -0.14412332514677273,
      -0.5031864310532054,
      -0.8066525467609684
    ],
    [
      0.6421204480423965,
      -0.052127368195841045,
      0.20977006853675817,
      -0.06381174900656728,
      0.46360166749224413,
      -0.39486379659729853,
      -0.3303725370861227,
      0.6068173649227682
    ],
    [
      -0.2750253815174163,
      0.49882690895507287,
      -0.33544383417178686,
      0.6590108316971269,
      0.3795826020714249,
      0.5678915756589423,
      -0.9747128503063254,
      -0.46595788735188026
    ]
  ],
  "dec_highlevel": [
    [
      -0.5238295798642747,
      0.8934597915362257,
      0.1939540249955933,
      0.27090849212249524,
      0.5280943343137907,
      -0.14412332514672288,
      -0.5031864310531533,
      -0.8066525467610269
    ],
    [
      0.6421204480423275,
      -0.052127368195753726,
      0.20977006853672314,
      -0.063811749006627,
      0.463601667492183,
      -0.39486379659746695,
      -0.33037253708591247,
      0.6068173649227032
    ],
    [
      -0.27502538151743305,
      0.4988269089551277,
      -0.33544383417184015,
      0.6590108316971816,
      0.379582602071349,
      0.5678915756588793,
      -0.9747128503063607,
      -0.46595788735196886
    ]
  ],
  "err_input": 1.9050039323786905e-13,
  "err_component_to_ref": 1.1879386363489175e-13,
  "err_highlevel_to_ref": 1.1152190282359697e-13,
  "err_component_to_highlevel": 2.102207297127734e-13,
  "encrypt_rows_us": 33657.5234375,
  "component_pcmm_core_us": 128696.69677734375,
  "highlevel_add_core_us": 16263.21484375,
  "decrypt_outputs_us": 49817.8671875,
  "component_info_output0": {
    "valid": true,
    "fides_loaded": false,
    "fides_gpu_handle": 0,
    "fides_level": 0,
    "fides_noise_scale_deg": 2,
    "num_parts": 2,
    "openfhe_level": 0,
    "openfhe_noise_scale_deg": 2,
    "openfhe_scaling_factor": 6.271904250631633e+20,
    "openfhe_slots": 8,
    "openfhe_encoding_type": 4,
    "openfhe_key_tag": "024a96ed5db3b9247ca9d96aa4e1e377",
    "parts": [
      {
        "part_index": 0,
        "openfhe_name": "GetElements()[0]",
        "fides_raw_name": "sub_0 / c0",
        "format": 0,
        "num_towers": 4,
        "towers": [
          {
            "tower_index": 0,
            "modulus_u64": 1152921504606748673,
            "ring_dim": 16384,
            "coeff_head": [
              927624692287499809,
              923964616988358180
            ],
            "fnv1a64": "9229463619872370957"
          },
          {
            "tower_index": 1,
            "modulus_u64": 1125899904679937,
            "ring_dim": 16384,
            "coeff_head": [
              259052925294381,
              72236667834065
            ],
            "fnv1a64": "12065274138416921212"
          },
          {
            "tower_index": 2,
            "modulus_u64": 1125899908022273,
            "ring_dim": 16384,
            "coeff_head": [
              53633298376498,
              698169736374833
            ],
            "fnv1a64": "409475786454994011"
          },
          {
            "tower_index": 3,
            "modulus_u64": 557057,
            "ring_dim": 16384,
            "coeff_head": [
              285793,
              174543
            ],
            "fnv1a64": "11112670227349670403"
          }
        ]
      },
      {
        "part_index": 1,
        "openfhe_name": "GetElements()[1]",
        "fides_raw_name": "sub_1 / c1",
        "format": 0,
        "num_towers": 4,
        "towers": [
          {
            "tower_index": 0,
            "modulus_u64": 1152921504606748673,
            "ring_dim": 16384,
            "coeff_head": [
              497489210645080784,
              358646434066011155
            ],
            "fnv1a64": "1067153681296436015"
          },
          {
            "tower_index": 1,
            "modulus_u64": 1125899904679937,
            "ring_dim": 16384,
            "coeff_head": [
              515983195926523,
              1058876048133053
            ],
            "fnv1a64": "221976918211700832"
          },
          {
            "tower_index": 2,
            "modulus_u64": 1125899908022273,
            "ring_dim": 16384,
            "coeff_head": [
              997148423644571,
              1051325182183831
            ],
            "fnv1a64": "14609774284496739"
          },
          {
            "tower_index": 3,
            "modulus_u64": 557057,
            "ring_dim": 16384,
            "coeff_head": [
              455851,
              465207
            ],
            "fnv1a64": "11507865953232108181"
          }
        ]
      }
    ]
  },
  "highlevel_info_output0": {
    "valid": true,
    "fides_loaded": true,
    "fides_gpu_handle": 6,
    "fides_level": 4294967295,
    "fides_noise_scale_deg": 2,
    "num_parts": 2,
    "openfhe_level": 0,
    "openfhe_noise_scale_deg": 2,
    "openfhe_scaling_factor": 6.271904250631633e+20,
    "openfhe_slots": 8,
    "openfhe_encoding_type": 4,