{
  "experiment": "wp4f_component_matmul_gpu_repeated_add_debug",
  "n_in": 4,
  "n_out": 3,
  "slots": 8,
  "seed": 205404,
  "U": [
    [
      1,
      0,
      1,
      2
    ],
    [
      0,
      1,
      1,
      1
    ],
    [
      2,
      1,
      0,
      1
    ]
  ],
  "M": [
    [
      0.06773423362826592,
      0.1916345499954975,
      -0.36630567204849573,
      -0.22853214284742945,
      -0.06830534486128456,
      0.17046068089660388,
      0.20991194815877573,
      -0.3024777666387173
    ],
    [
      -0.09081883006374136,
      0.12109132711135888,
      0.03753628869446321,
      -0.005748247517335117,
      0.34805044909675625,
      0.18825490006170514,
      0.04703492343311503,
      -0.074894880808537
    ],
    [
      -0.48548990834727535,
      0.02525319021884572,
      -0.04624301024089366,
      -0.36319802852167576,
      -0.2447802355209189,
      -0.15699580380384173,
      0.4046192790273402,
      -0.4110183161156401
    ],
    [
      -0.08058502570963598,
      0.27207214578993266,
      -0.05540090406379521,
      0.1608774210327345,
      0.1247240119685198,
      0.5523832355348649,
      0.31068472128247415,
      0.15416017648943223
    ]
  ],
  "Y_ref": [
    [
      -0.5789257261382814,
      0.7610320317942085,
      -0.5233504904169798,
      -0.2699753293036362,
      -0.06363755644516386,
      1.118231348162492,
      1.2359006697510642,
      -0.40517572977549293
    ],
    [
      -0.6568937641206527,
      0.41841666312013726,
      -0.06410762561022566,
      -0.20806885500627637,
      0.22799422554435717,
      0.5836423317927283,
      0.7623389237429294,
      -0.33175302043474486
    ],
    [
      -0.03593538851684551,
      0.7764325728922865,
      -0.7504759594663234,
      -0.3019351121794595,
      0.3361637713427069,
      1.0815594973897777,
      0.7775435410331406,
      -0.5256902375965393
    ]
  ],
  "dec_in": [
    [
      0.0677342336282693,
      0.1916345499955508,
      -0.3663056720484295,
      -0.2285321428473717,
      -0.0683053448613935,
      0.17046068089668165,
      0.20991194815875153,
      -0.30247776663872294
    ],
    [
      -0.09081883006374394,
      0.12109132711131267,
      0.03753628869452064,
      -0.0057482475172997705,
      0.3480504490967349,
      0.18825490006167672,
      0.04703492343307302,
      -0.07489488080845644
    ],
    [
      -0.48548990834744316,
      0.025253190218800584,
      -0.04624301024087399,
      -0.363198028521741,
      -0.2447802355209538,
      -0.15699580380388334,
      0.40461927902741746,
      -0.4110183161156272
    ],
    [
      -0.08058502570960868,
      0.27207214578992206,
      -0.055400904063820255,
      0.1608774210326699,
      0.1247240119686058,
      0.5523832355347467,
      0.3106847212825382,
      0.1541601764893788
    ]
  ],
  "dec_gpu": [
    [
      -0.5789257261383021,
      0.7610320317942763,
      -0.5233504904169745,
      -0.2699753293035726,
      -0.06363755644510832,
      1.118231348162558,
      1.2359006697511474,
      -0.4051757297754912
    ],
    [
      -0.6568937641205926,
      0.4184166631202221,
      -0.06410762561020189,
      -0.20806885500631447,
      0.22799422554439674,
      0.5836423317927949,
      0.7623389237429026,
      -0.3317530204347168
    ],
    [
      -0.03593538851671732,
      0.7764325728922626,
      -0.7504759594663937,
      -0.3019351121794571,
      0.3361637713427066,
      1.0815594973897735,
      0.7775435410330518,
      -0.5256902375964322
    ]
  ],
  "dec_high": [
    [
      -0.5789257261382711,
      0.7610320317941555,
      -0.5233504904170266,
      -0.2699753293036986,
      -0.06363755644513047,
      1.1182313481625439,
      1.2359006697510773,
      -0.40517572977550065
    ],
    [
      -0.6568937641206701,
      0.4184166631201449,
      -0.06410762561004435,
      -0.2080688550062778,
      0.22799422554441137,
      0.5836423317926698,
      0.7623389237429465,
      -0.33175302043473565
    ],
    [
      -0.03593538851684849,
      0.7764325728923296,
      -0.7504759594662815,
      -0.3019351121794869,
      0.33616377134277364,
      1.0815594973897544,
      0.7775435410331855,
      -0.52569023759661
    ]
  ],
  "err_input": 1.678102101720924e-13,
  "err_gpu_to_ref": 1.2818912598078214e-13,
  "err_high_to_ref": 1.8131329770909588e-13,
  "err_gpu_to_high": 1.7785772854495008e-13,
  "encrypt_rows_us": 62815.5732421875,
  "gpu_component_matmul_core_us": 34441.59326171875,
  "highlevel_add_matmul_core_us": 2556.07666015625,
  "decrypt_outputs_us": 86390.67236328125,
  "input_states": [
    {
      "valid": true,
      "loaded": true,
      "gpu": 2,
      "has_cpu": true,
      "level": 4294967295,
      "noise_scale_deg": 2,
      "original_level": 18446744069414584323
    },
    {
      "valid": true,
      "loaded": true,
      "gpu": 4,
      "has_cpu": true,
      "level": 4294967295,
      "noise_scale_deg": 2,
      "original_level": 18446744069414584323
    },
    {
      "valid": true,
      "loaded": true,
      "gpu": 6,
      "has_cpu": true,
      "level": 4294967295,
      "noise_scale_deg": 2,
      "original_level": 18446744069414584323
    },
    {
      "valid": true,
      "loaded": true,
      "gpu": 8,
      "has_cpu": true,
      "level": 4294967295,
      "noise_scale_deg": 2,
      "original_level": 18446744069414584323
    }
  ],
  "gpu_output_states": [
    {
      "valid": true,
      "loaded": true,
      "gpu": 9,
      "has_cpu": true,
      "level": 4294967295,
      "noise_scale_deg": 2,
      "original_level": 3
    },
    {
      "valid": true,
      "loaded": true,
      "gpu": 11,
      "has_cpu": true,
      "level": 4294967295,
      "noise_scale_deg": 2,
      "original_level": 3
    },
    {
      "valid": true,
      "loaded": true,
      "gpu": 13,
      "has_cpu": true,
      "level": 4294967295,
      "noise_scale_deg": 2,
      "original_level": 3
    }
  ],
  "highlevel_output_states": [
    {
      "valid": true,
      "loaded": true,
      "gpu": 17,
      "has_cpu": true,
      "level": 4294967295,
      "noise_scale_deg": 2,
      "original_level": 18446744069414584323
    },
    {
      "valid": true,
      "loaded": true,
      "gpu": 19,
      "has_cpu": true,
      "level": 4294967295,
      "noise_scale_deg": 2,
      "original_level": 18446744069414584323
    },
    {
      "valid": true,
      "loaded": true,
      "gpu": 22,
      "has_cpu": true,
      "level": 4294967295,
      "noise_scale_deg": 2,
      "original_level": 18446744069414584323
    }
  ]
}