{
  "experiment": "wp4g_component_matmul_gpu_signed_repeated_addsub_debug",
  "n_in": 4,
  "n_out": 4,
  "slots": 8,
  "seed": 205405,
  "U": [
    [
      1,
      0,
      -1,
      2
    ],
    [
      0,
      1,
      1,
      -1
    ],
    [
      2,
      -1,
      0,
      1
    ],
    [
      -1,
      2,
      0,
      1
    ]
  ],
  "M": [
    [
      0.10214472090237331,
      -0.137578047618884,
      0.34347120645136664,
      0.5607675288477526,
      -0.24126599555680076,
      0.1571398304151937,
      -0.17483511513768504,
      0.2544788504238982
    ],
    [
      -0.05643238232643769,
      -0.3464352629966237,
      0.5651614597408986,
      -0.18463019036146394,
      -0.06646859506374264,
      -0.4201282629620369,
      -0.4531242725196898,
      -0.10726369205559666
    ],
    [
      -0.28394386147752965,
      0.04596688742284368,
      0.0728063841408006,
      -0.13281916230079235,
      -0.16393939394078944,
      0.28459011381780613,
      0.001932437195162867,
      -0.8711610258104103
    ],
    [
      -0.2547337848298286,
      -0.2467922402924988,
      -0.26651566240582675,
      -0.044491957214884525,
      0.07573533007507362,
      0.0860681645211923,
      0.37721747392114136,
      0.020430206608332228
    ]
  ],
  "Y_ref": [
    [
      -0.12337898727975427,
      -0.6771294156267254,
      -0.26236650250108745,
      0.6046027767187759,
      0.07414405853413591,
      0.04468604563977216,
      0.5776673955094348,
      1.166500289450973
    ],
    [
      -0.08564245897413875,
      -0.053676135281281234,
      0.9044835062875258,
      -0.27295739544737174,
      -0.3061433190796057,
      -0.2216063136654231,
      -0.8284093092456684,
      -0.9988549244743393
    ],
    [
      0.005988039301355719,
      -0.17551307253364312,
      -0.14473470924399207,
      1.2616732908420847,
      -0.34032806597478527,
      0.8204760883136166,
      0.48067151616546105,
      0.6366515995117253
    ],
    [
      -0.4697432703850773,
      -0.8020847186668622,
      0.5203360506246038,
      -0.974519866785565,
      0.1840641355043891,
      -0.9113281918180753,
      -0.3541959559805532,
      -0.44857602792675927
    ]
  ],
  "dec_in": [
    [
      0.10214472090236995,
      -0.13757804761887163,
      0.3434712064513547,
      0.560767528847734,
      -0.2412659955567583,
      0.1571398304152257,
      -0.1748351151376954,
      0.2544788504238368
    ],
    [
      -0.05643238232644682,
      -0.34643526299656746,
      0.5651614597409478,
      -0.18463019036151312,
      -0.06646859506362396,
      -0.4201282629620997,
      -0.4531242725196813,
      -0.10726369205561664
    ],
    [
      -0.28394386147747774,
      0.0459668874227937,
      0.07280638414082538,
      -0.13281916230080715,
      -0.1639393939407295,
      0.28459011381773386,
      0.0019324371952062214,
      -0.871161025810481
    ],
    [
      -0.2547337848297738,
      -0.24679224029242414,
      -0.26651566240592484,
      -0.044491957214830846,
      0.07573533007510516,
      0.08606816452117187,
      0.3772174739210733,
      0.02043020660839212
    ]
  ],
  "dec_gpu": [
    [
      -0.1233789872797505,
      -0.6771294156266439,
      -0.2623665025011102,
      0.6046027767186755,
      0.07414405853409758,
      0.04468604563974238,
      0.57766739550945,
      1.1665002894510592
    ],
    [
      -0.0856424589741686,
      -0.05367613528125999,
      0.9044835062875023,
      -0.27295739544733744,
      -0.3061433190796142,
      -0.22160631366543,
      -0.8284093092457465,
      -0.9988549244743274
    ],
    [
      0.005988039301418724,
      -0.17551307253363108,
      -0.1447347092439898,
      1.2616732908420185,
      -0.3403280659747671,
      0.8204760883136912,
      0.4806715161655315,
      0.6366515995117031
    ],
    [
      -0.46974327038493463,
      -0.8020847186668831,
      0.520336050624734,
      -0.9745198667855588,
      0.1840641355043619,
      -0.9113281918180234,
      -0.35419595598061926,
      -0.44857602792672363
    ]
  ],
  "dec_cpu": [
    [
      -0.12337898727976124,
      -0.6771294156267922,
      -0.2623665025011407,
      0.6046027767186964,
      0.07414405853414516,
      0.044686045639678484,
      0.5776673955093928,
      1.1665002894509886
    ],
    [
      -0.08564245897423503,
      -0.053676135281258724,
      0.9044835062874783,
      -0.2729573954473625,
      -0.3061433190796665,
      -0.22160631366533798,
      -0.8284093092456593,
      -0.9988549244743956
    ],
    [
      0.005988039301300541,
      -0.17551307253361847,
      -0.14473470924393111,
      1.2616732908420558,
      -0.3403280659747089,
      0.8204760883137425,
      0.48067151616553855,
      0.6366515995117329
    ],
    [
      -0.4697432703850525,
      -0.8020847186667993,
      0.5203360506245566,
      -0.974519866785566,
      0.18406413550444392,
      -0.9113281918180484,
      -0.35419595598054343,
      -0.4485760279267589
    ]
  ],
  "err_input": 1.1868284133242923e-13,
  "err_gpu_to_ref": 1.4266365866433262e-13,
  "err_cpu_to_ref": 1.2589929099249275e-13,
  "err_gpu_to_cpu": 1.7741363933510002e-13,
  "encrypt_rows_us": 60618.1513671875,
  "gpu_signed_component_matmul_core_us": 45997.7080078125,
  "cpu_component_matmul_core_us": 180119.55078125,
  "decrypt_outputs_us": 73462.9541015625,
  "input_states": [
    {
      "valid": true,
      "loaded": true,
      "gpu": 2,
      "has_cpu": true,
      "level": 4294967295,
      "noise_scale_deg": 2,
      "original_level": 18446744069414584323
    },
    {
      "valid": true,
      "loaded": true,
      "gpu": 4,
      "has_cpu": true,
      "level": 4294967295,
      "noise_scale_deg": 2,
      "original_level": 18446744069414584323
    },
    {
      "valid": true,
      "loaded": true,
      "gpu": 6,
      "has_cpu": true,
      "level": 4294967295,
      "noise_scale_deg": 2,
      "original_level": 18446744069414584323
    },
    {
      "valid": true,
      "loaded": true,
      "gpu": 8,
      "has_cpu": true,
      "level": 4294967295,
      "noise_scale_deg": 2,
      "original_level": 18446744069414584323
    }
  ],
  "gpu_output_states": [
    {
      "valid": true,
      "loaded": true,
      "gpu": 9,
      "has_cpu": true,
      "level": 4294967295,
      "noise_scale_deg": 2,
      "original_level": 3
    },
    {
      "valid": true,
      "loaded": true,
      "gpu": 11,
      "has_cpu": true,
      "level": 4294967295,
      "noise_scale_deg": 2,
      "original_level": 3
    },
    {
      "valid": true,
      "loaded": true,
      "gpu": 13,
      "has_cpu": true,
      "level": 4294967295,
      "noise_scale_deg": 2,
      "original_level": 3
    },
    {
      "valid": true,
      "loaded": true,
      "gpu": 15,
      "has_cpu": true,
      "level": 0,
      "noise_scale_deg": 2,
      "original_level": 2
    }
  ],
  "cpu_output_states": [
    {
      "valid": true,
      "loaded": false,
      "gpu": 0,
      "has_cpu": true,
      "level": 4294967295,
      "noise_scale_deg": 2,
      "original_level": 18446744069414584323
    },
    {
      "valid": true,
      "loaded": false,
      "gpu": 0,
      "has_cpu": true,
      "level": 4294967295,
      "noise_scale_deg": 2,
      "original_level": 18446744069414584323
    },
    {
      "valid": true,
      "loaded": false,
      "gpu": 0,
      "has_cpu": true,
      "level": 4294967295,
      "noise_scale_deg": 2,
      "original_level": 18446744069414584323
    },
    {
      "valid": true,
      "loaded": false,
      "gpu": 0,
      "has_cpu": true,
      "level": 4294967295,
      "noise_scale_deg": 2,
      "original_level": 18446744069414584323
    }
  ]
}