{
  "experiment": "wp4h1_component_matmul_gpu_fused_raw_debug",
  "n_in": 4,
  "n_out": 4,
  "slots": 8,
  "seed": 205406,
  "U": [
    [
      1,
      0,
      -1,
      2
    ],
    [
      0,
      1,
      1,
      -1
    ],
    [
      2,
      -1,
      0,
      1
    ],
    [
      -1,
      2,
      0,
      1
    ]
  ],
  "M": [
    [
      -0.03337913057133075,
      0.2626047923249558,
      0.24406724522525172,
      -0.012435057104549311,
      0.2734647466025575,
      0.26091468161214804,
      0.31283263081516416,
      0.1409334261529151
    ],
    [
      -0.10215166372163799,
      0.5278365932369521,
      -0.3305958958545239,
      0.07435132041475485,
      -0.1554470909559278,
      0.16601315067825992,
      -0.14234576368808044,
      0.2554590824160465
    ],
    [
      0.4465881937927913,
      0.20291667776788497,
      0.17296888400625288,
      -0.2662568292170048,
      -0.1663709283508402,
      -0.5400104129319695,
      -0.37770664717413516,
      0.17101467250603059
    ],
    [
      0.42144668158185616,
      -0.06333100429358547,
      -0.31476800541494615,
      0.1963574533245804,
      0.22341156546640592,
      0.24195217283524087,
      0.1702905209898394,
      0.07026166337518976
    ]
  ],
  "Y_ref": [
    [
      0.3629260387995903,
      -0.0669738940301001,
      -0.5584376496108935,
      0.6465366787616162,
      0.8866588058862095,
      1.2848294402145992,
      1.0311203199689782,
      0.11044208039726403
    ],
    [
      -0.07701015151070284,
      0.7940842752984225,
      0.1571409935666751,
      -0.3882629621268303,
      -0.545229584773174,
      -0.6159494350889504,
      -0.690342931852055,
      0.3562120915468873
    ],
    [
      0.45684008416083266,
      -0.06595801288062593,
      0.5039623808900813,
      0.09713601870072693,
      0.9257881496274487,
      0.597768385381277,
      0.9383015463082481,
      0.09666943326497347
    ],
    [
      0.25052248470991095,
      0.7297373898553629,
      -1.2200270423492456,
      0.3574951512586394,
      -0.3609473630480071,
      0.3130637925796127,
      -0.42723363720148566,
      0.4402464020543676
    ]
  ],
  "dec_in": [
    [
      -0.03337913057134698,
      0.262604792324901,
      0.24406724522523257,
      -0.012435057104599662,
      0.2734647466026523,
      0.26091468161216275,
      0.31283263081522067,
      0.140933426152973
    ],
    [
      -0.10215166372165584,
      0.5278365932369774,
      -0.3305958958545482,
      0.07435132041476877,
      -0.1554470909559467,
      0.1660131506782686,
      -0.14234576368810872,
      0.25545908241608717
    ],
    [
      0.44658819379284065,
      0.20291667776792516,
      0.17296888400616225,
      -0.2662568292170654,
      -0.16637092835083891,
      -0.540010412932026,
      -0.37770664717399427,
      0.1710146725060102
    ],
    [
      0.4214466815818039,
      -0.0633310042937065,
      -0.3147680054149126,
      0.19635745332460117,
      0.22341156546652552,
      0.24195217283528328,
      0.17029052098988157,
      0.07026166337519266
    ]
  ],
  "dec_fused": [
    [
      0.36292603879955737,
      -0.06697389403013787,
      -0.5584376496108325,
      0.6465366787616404,
      0.8866588058861098,
      1.2848294402146183,
      1.0311203199690218,
      0.11044208039720099
    ],
    [
      -0.07701015151073154,
      0.7940842752983791,
      0.15714099356674072,
      -0.3882629621268362,
      -0.5452295847730206,
      -0.6159494350890106,
      -0.6903429318519823,
      0.35621209154686306
    ],
    [
      0.45684008416083843,
      -0.06595801288054176,
      0.5039623808901106,
      0.09713601870073209,
      0.9257881496275033,
      0.5977683853811693,
      0.9383015463082003,
      0.09666943326501666
    ],
    [
      0.25052248470988636,
      0.7297373898553291,
      -1.2200270423492265,
      0.35749515125860265,
      -0.36094736304795016,
      0.31306379257953487,
      -0.42723363720157587,
      0.44024640205440924
    ]
  ],
  "dec_repeated": [
    [
      0.36292603879964247,
      -0.06697389403021359,
      -0.5584376496108096,
      0.6465366787616467,
      0.8866588058862066,
      1.2848294402146083,
      1.0311203199689505,
      0.1104420803972806
    ],
    [
      -0.07701015151069368,
      0.7940842752985435,
      0.15714099356666061,
      -0.388262962126861,
      -0.5452295847731712,
      -0.6159494350889625,
      -0.6903429318520753,
      0.35621209154689
    ],
    [
      0.45684008416089605,
      -0.06595801288062242,
      0.5039623808901817,
      0.09713601870070648,
      0.9257881496273742,
      0.5977683853812138,
      0.9383015463083187,
      0.09666943326506128
    ],
    [
      0.25052248470989635,
      0.7297373898553925,
      -1.2200270423491821,
      0.3574951512586684,
      -0.36094736304811637,
      0.3130637925797335,
      -0.42723363720156476,
      0.4402464020542499
    ]
  ],
  "dec_cpu": [
    [
      0.3629260387994963,
      -0.06697389403021814,
      -0.5584376496109626,
      0.6465366787616291,
      0.8866588058861016,
      1.2848294402146072,
      1.031120319968964,
      0.11044208039733555
    ],
    [
      -0.07701015151060991,
      0.7940842752984348,
      0.15714099356680072,
      -0.3882629621268474,
      -0.5452295847731716,
      -0.6159494350889482,
      -0.6903429318520289,
      0.3562120915469683
    ],
    [
      0.4568400841607678,
      -0.06595801288062608,
      0.503962380889984,
      0.09713601870090119,
      0.9257881496274627,
      0.5977683853812014,
      0.9383015463082569,
      0.09666943326489219
    ],
    [
      0.25052248470995364,
      0.7297373898553663,
      -1.2200270423492012,
      0.3574951512587139,
      -0.36094736304808406,
      0.3130637925796303,
      -0.42723363720153246,
      0.44024640205422894
    ]
  ],
  "err_input": 1.4088730182493236e-13,
  "err_fused_to_ref": 1.5332179970073412e-13,
  "err_repeated_to_ref": 1.2101430968414206e-13,
  "err_cpu_to_ref": 1.7426338150272613e-13,
  "err_fused_to_repeated": 1.986188991054405e-13,
  "err_fused_to_cpu": 1.8030021919912542e-13,
  "encrypt_rows_us": 62563.88720703125,
  "gpu_fused_raw_component_matmul_core_us": 47639.8935546875,
  "gpu_repeated_addsub_component_matmul_core_us": 48228.478515625,
  "cpu_component_matmul_core_us": 177766.5400390625,
  "decrypt_outputs_us": 129875.20751953125,
  "input_states": [
    {
      "valid": true,
      "loaded": true,
      "gpu": 2,
      "has_cpu": true,
      "level": 4294967295,
      "noise_scale_deg": 2,
      "original_level": 18446744069414584323
    },
    {
      "valid": true,
      "loaded": true,
      "gpu": 4,
      "has_cpu": true,
      "level": 4294967295,
      "noise_scale_deg": 2,
      "original_level": 18446744069414584323
    },
    {
      "valid": true,
      "loaded": true,
      "gpu": 6,
      "has_cpu": true,
      "level": 4294967295,
      "noise_scale_deg": 2,
      "original_level": 18446744069414584323
    },
    {
      "valid": true,
      "loaded": true,
      "gpu": 8,
      "has_cpu": true,
      "level": 4294967295,
      "noise_scale_deg": 2,
      "original_level": 18446744069414584323
    }
  ],
  "fused_output_states": [
    {
      "valid": true,
      "loaded": true,
      "gpu": 10,
      "has_cpu": true,
      "level": 4294967295,
      "noise_scale_deg": 2,
      "original_level": 3
    },
    {
      "valid": true,
      "loaded": true,
      "gpu": 12,
      "has_cpu": true,
      "level": 4294967295,
      "noise_scale_deg": 2,
      "original_level": 3
    },
    {
      "valid": true,
      "loaded": true,
      "gpu": 14,
      "has_cpu": true,
      "level": 4294967295,
      "noise_scale_deg": 2,
      "original_level": 3
    },
    {
      "valid": true,
      "loaded": true,
      "gpu": 16,
      "has_cpu": true,
      "level": 4294967295,
      "noise_scale_deg": 2,
      "original_level": 3
    }
  ],