{
  "experiment": "wp4h2_matrix_api_perf_breakdown",
  "n_in": 4,
  "n_out": 4,
  "slots": 8,
  "seed": 205407,
  "U": [
    [
      1,
      0,
      -1,
      2
    ],
    [
      0,
      1,
      1,
      -1
    ],
    [
      2,
      -1,
      0,
      1
    ],
    [
      -1,
      2,
      0,
      1
    ]
  ],
  "M": [
    [
      -0.054185701168711575,
      0.2725831912280007,
      -0.5272565783028988,
      -0.35735504682537145,
      0.3471418088345744,
      0.254997408964516,
      -0.2034474039360713,
      -0.47273575097302506
    ],
    [
      0.02296603405025444,
      0.13686538850263552,
      -0.1998642455227357,
      0.056712526885530974,
      -0.39276773830497036,
      -0.013432681812004032,
      -0.2712897298094289,
      0.04378772121904383
    ],
    [
      0.2776646162452286,
      -0.11373951298135845,
      0.05350177605895797,
      0.6935150418485346,
      -0.06086675944680834,
      0.2673657771543279,
      -0.5377095155570052,
      -0.47194414023643544
    ],
    [
      0.3919442835705609,
      0.1416316117136225,
      0.061858829107826974,
      -0.15911009767399212,
      0.36717096272424565,
      -0.3929426337771441,
      -0.3208928988611397,
      -0.01782794834300414
    ]
  ],
  "Y_ref": [
    [
      0.4520382497271816,
      0.6695859276366041,
      -0.4570406961462029,
      -1.3690902840218904,
      1.142350493729874,
      -0.7982536357441001,
      -0.3075236861013455,
      -0.0364475074225979
    ],
    [
      -0.09131363327507785,
      -0.11850573619234545,
      -0.2082212985716047,
      0.9093376664080577,
      -0.8208054604760244,
      0.646875729119468,
      -0.4881063465052944,
      -0.41032847067438744
    ],
    [
      0.2606068471828833,
      0.5499326056669883,
      -0.7927900819752349,
      -0.930532718210266,
      1.454222318698365,
      0.13048486596389197,
      -0.4564979769238534,
      -1.007087171508098
    ],
    [
      0.4920620528397813,
      0.14277919749089288,
      0.1893869163652544,
      0.3116700029224413,
      -0.7655063227202694,
      -0.6748054063656681,
      -0.6600249545439262,
      0.5424832450681085
    ]
  ],
  "timing_us": {
    "encrypt_rows": 60880.9072265625,
    "matrix_fused_raw_gpu_only_copyback_false": 1914.380859375,
    "matrix_fused_raw_with_copyback": 49672.3701171875,
    "perrow_fused_raw_with_copyback": 50111.63525390625,
    "repeated_addsub_with_copyback": 47763.08740234375,
    "cpu_component": 178866.14013671875,
    "decrypt_all_outputs": 188713.275390625
  },
  "errors": {
    "input": 1.3744561044859438e-13,
    "matrix_to_ref": 1.1737832927849468e-13,
    "perrow_to_ref": 1.6736612096224235e-13,
    "repeated_to_ref": 2.699229728619912e-13,
    "cpu_to_ref": 1.4305223672295142e-13,
    "matrix_to_perrow": 1.7363888105137448e-13,
    "matrix_to_repeated": 1.5928924845809433e-13,
    "matrix_to_cpu": 1.839361996047728e-13
  },
  "states": {
    "input0": {
      "valid": true,
      "loaded": true,
      "gpu": 2,
      "has_cpu": true,
      "level": 4294967295,
      "noise_scale_deg": 2,
      "original_level": 18446744069414584323
    },
    "matrix_nocpu_output0": {
      "valid": true,
      "loaded": true,
      "gpu": 10,
      "has_cpu": false,
      "level": 4294967295,
      "noise_scale_deg": 2,
      "original_level": 3
    },
    "matrix_output0": {
      "valid": true,
      "loaded": true,
      "gpu": 18,
      "has_cpu": true,
      "level": 4294967295,
      "noise_scale_deg": 2,
      "original_level": 3
    },
    "perrow_output0": {
      "valid": true,
      "loaded": true,
      "gpu": 26,
      "has_cpu": true,
      "level": 4294967295,
      "noise_scale_deg": 2,
      "original_level": 3
    },
    "repeated_output0": {
      "valid": true,
      "loaded": true,
      "gpu": 33,
      "has_cpu": true,
      "level": 4294967295,
      "noise_scale_deg": 2,
      "original_level": 3
    },
    "cpu_output0": {
      "valid": true,
      "loaded": false,
      "gpu": 0,
      "has_cpu": true,
      "level": 4294967295,
      "noise_scale_deg": 2,
      "original_level": 18446744069414584323
    }
  }
}