GPU 0: NVIDIA GeForce RTX 4090
 SMs: 128, SharedMem: 100 KB, Blocks/SM: 24, Threads/SM: 1536, L2 size: 72 MB, Bus: 384-bit
GPU 1: NVIDIA GeForce RTX 4090
 SMs: 128, SharedMem: 100 KB, Blocks/SM: 24, Threads/SM: 1536, L2 size: 72 MB, Bus: 384-bit
GPU 2: NVIDIA GeForce RTX 4090
 SMs: 128, SharedMem: 100 KB, Blocks/SM: 24, Threads/SM: 1536, L2 size: 72 MB, Bus: 384-bit
GPU 3: NVIDIA GeForce RTX 4090
 SMs: 128, SharedMem: 100 KB, Blocks/SM: 24, Threads/SM: 1536, L2 size: 72 MB, Bus: 384-bit
GPU 4: NVIDIA GeForce RTX 4090
 SMs: 128, SharedMem: 100 KB, Blocks/SM: 24, Threads/SM: 1536, L2 size: 72 MB, Bus: 384-bit
GPU 5: NVIDIA GeForce RTX 4090
 SMs: 128, SharedMem: 100 KB, Blocks/SM: 24, Threads/SM: 1536, L2 size: 72 MB, Bus: 384-bit
GPU 6: NVIDIA GeForce RTX 4090
 SMs: 128, SharedMem: 100 KB, Blocks/SM: 24, Threads/SM: 1536, L2 size: 72 MB, Bus: 384-bit
GPU 7: NVIDIA GeForce RTX 4090
 SMs: 128, SharedMem: 100 KB, Blocks/SM: 24, Threads/SM: 1536, L2 size: 72 MB, Bus: 384-bit
====================================================================================================
WP4-X7i full-vs-B-only term isolation
{
  "experiment": "wp4x7i_full_vs_bonly_term_isolation",
  "purpose": "For transparent inputs under logical-n C-MT oracle, isolate why the full Algorithm 3 pipeline does not reduce to the B-only M11 path. M00/M01/M10 should be zero, line5/T01 should be zero, and full output should equal M11 = U.T @ V.",
  "status": "debug_oracle_term_isolation_no_security_no_homomorphic_cmt",
  "n": 4,
  "cases": [
    {
      "name": "basis_E00_times_E00",
      "input_U": [
        [
          1,
          0,
          0,
          0
        ],
        [
          0,
          0,
          0,
          0
        ],
        [
          0,
          0,
          0,
          0
        ],
        [
          0,
          0,
          0,
          0
        ]
      ],
      "input_V": [
        [
          1,
          0,
          0,
          0
        ],
        [
          0,
          0,
          0,
          0
        ],
        [
          0,
          0,
          0,
          0
        ],
        [
          0,
          0,
          0,
          0
        ]
      ],
      "expected_bonly_U_T_matmul_V": [
        [
          1,
          0,
          0,
          0
        ],
        [
          0,
          0,
          0,
          0
        ],
        [
          0,
          0,
          0,
          0
        ],
        [
          0,
          0,
          0,
          0
        ]
      ],
      "result": {
        "ppmm_zero_checks": {
          "M00_is_raw_zero": true,
          "M01_is_raw_zero": true,
          "M10_is_raw_zero": true,
          "M11_is_raw_zero": false
        },
        "exports": {
          "A_U_row0_tower0": [
            0,
            0,
            0,
            0
          ],
          "B_U_row0_tower0": [
            1,
            0,
            0,
            0
          ],
          "A_V_row0_tower0": [
            0,
            0,
            0,
            0
          ],
          "B_V_row0_tower0": [
            1,
            0,
            0,
            0
          ],
          "Ahat_export": {
            "part": 1,
            "num_rows": 4,
            "num_towers": 4,
            "ring_dim": 16384,
            "coeff_count": 16384,
            "row0_tower0_coeff_head": [
              0,
              0,
              0,
              0,
              0,
              0,
              0,
              0
            ]
          },
          "Bhat_export": {
            "part": 0,
            "num_rows": 4,
            "num_towers": 4,
            "ring_dim": 16384,
            "coeff_count": 16384,
            "row0_tower0_coeff_head": [
              0,
              0,
              0,
              0,
              0,
              0,
              0,
              0
            ]
          }
        },
        "decoded_terms": {
          "bonly": {
            "compress_reports": [
              {
                "row_index": 0,
                "ok": true,
                "error": null
              },
              {
                "row_index": 1,
                "ok": true,
                "error": null
              },
              {
                "row_index": 2,
                "ok": true,
                "error": null
              },
              {
                "row_index": 3,
                "ok": true,
                "error": null
              }
            ],
            "decrypt_reports": [
              {
                "row_index": 0,
                "ok": true,
                "error": null
              },
              {
                "row_index": 1,
                "ok": true,
                "error": null
              },
              {
                "row_index": 2,
                "ok": true,
                "error": null
              },
              {
                "row_index": 3,
                "ok": true,
                "error": null
              }
            ],
            "decoded": [
              [
                1,
                0,
                0,
                0
              ],
              [
                0,
                0,
                0,
                0
              ],
              [
                0,
                0,
                0,
                0
              ],
              [
                0,
                0,
                0,
                0
              ]
            ]
          },
          "T01_cmt": {
            "compress_reports": [
              {
                "row_index": 0,
                "ok": true,
                "error": null
              },
              {
                "row_index": 1,
                "ok": true,
                "error": null
              },
              {
                "row_index": 2,
                "ok": true,
                "error": null
              },
              {
                "row_index": 3,
                "ok": true,
                "error": null
              }
            ],
            "decrypt_reports": [
              {
                "row_index": 0,
                "ok": true,
                "error": null
              },
              {
                "row_index": 1,
                "ok": true,
                "error": null
              },
              {
                "row_index": 2,
                "ok": true,
                "error": null
              },
              {
                "row_index": 3,
                "ok": true,
                "error": null
              }
            ],
            "decoded": [
              [
                0,
                0,
                0,
                0
              ],
              [
                0,
                0,
                0,
                0
              ],
              [
                0,
                0,
                0,
                0
              ],
              [
                0,
                0,
                0,
                0
              ]
            ]
          },
          "T00_cmt": {
            "compress_reports": [
              {
                "row_index": 0,
                "ok": true,
                "error": null
              },
              {
                "row_index": 1,
                "ok": true,
                "error": null
              },
              {
                "row_index": 2,
                "ok": true,
                "error": null
              },
              {
                "row_index": 3,
                "ok": true,
                "error": null
              }
            ],
            "decrypt_reports": [
              {
                "row_index": 0,
                "ok": true,
                "error": null
              },
              {
                "row_index": 1,
                "ok": true,
                "error": null
              },
              {
                "row_index": 2,
                "ok": true,
                "error": null
              },
              {
                "row_index": 3,
                "ok": true,
                "error": null
              }
            ],
            "decoded": [
              [
                0,
                0,
                0,
                0
              ],
              [
                0,
                0,
                0,
                0
              ],
              [
                0,
                0,
                0,
                0
              ],
              [
                0,
                0,
                0,
                0
              ]
            ]
          },
          "line5": {
            "compress_reports": [
              {
                "row_index": 0,
                "ok": true,
                "error": null
              },
              {
                "row_index": 1,
                "ok": true,
                "error": null
              },
              {
                "row_index": 2,
                "ok": true,
                "error": null
              },
              {
                "row_index": 3,
                "ok": true,
                "error": null
              }
            ],
            "decrypt_reports": [
              {
                "row_index": 0,
                "ok": true,
                "error": null
              },
              {
                "row_index": 1,
                "ok": true,
                "error": null
              },
              {
                "row_index": 2,
                "ok": true,
                "error": null
              },
              {
                "row_index": 3,
                "ok": true,
                "error": null
              }
            ],
            "decoded": [
              [
                0,
                0,
                0,
                0
              ],
              [
                0,
                0,
                0,
                0
              ],
              [
                0,
                0,
                0,
                0
              ],
              [
                0,
                0,
                0,
                0
              ]
            ]
          },
          "M10_M11_pair": {
            "compress_reports": [
              {
                "row_index": 0,
                "ok": true,
                "error": null
              },
              {
                "row_index": 1,
                "ok": true,
                "error": null
              },
              {
                "row_index": 2,
                "ok": true,
                "error": null
              },
              {
                "row_index": 3,
                "ok": true,
                "error": null
              }
            ],
            "decrypt_reports": [
              {
                "row_index": 0,
                "ok": true,
                "error": null
              },
              {
                "row_index": 1,
                "ok": true,
                "error": null
              },
              {
                "row_index": 2,
                "ok": true,
                "error": null
              },
              {
                "row_index": 3,
                "ok": true,
                "error": null
              }
            ],
            "decoded": [
              [
                1,
                0,
                0,
                0
              ],
              [
                0,
                0,
                0,
                0
              ],
              [
                0,
                0,
                0,
                0
              ],
              [
                0,
                0,
                0,
                0
              ]
            ]
          },
          "full": {
            "compress_reports": [
              {
                "row_index": 0,
                "ok": true,
                "error": null
              },
              {
                "row_index": 1,
                "ok": true,
                "error": null
              },
              {
                "row_index": 2,
                "ok": true,
                "error": null
              },
              {
                "row_index": 3,
                "ok": true,
                "error": null
              }
            ],
            "decrypt_reports": [
              {
                "row_index": 0,
                "ok": true,
                "error": null
              },
              {
                "row_index": 1,
                "ok": true,
                "error": null
              },
              {
                "row_index": 2,
                "ok": true,
                "error": null
              },
              {
                "row_index": 3,
                "ok": true,
                "error": null
              }
            ],
            "decoded": [
              [
                -8,
                -4,
                20,
                -23
              ],
              [
                0,
                0,
                0,
                0
              ],
              [
                0,
                0,
                0,
                0
              ],
              [
                0,
                0,
                0,
                0
              ]
            ]
          }
        },
        "term_comparisons": {
          "bonly_equals_U_T_matmul_V": {
            "all_rows_decrypted": true,
            "exact": true,
            "max_abs_err": 0,
            "l1_err": 0,
            "diff": [
              [
                0,
                0,
                0,
                0
              ],
              [
                0,
                0,
                0,
                0
              ],
              [
                0,
                0,
                0,
                0
              ],
              [
                0,
                0,
                0,
                0
              ]
            ]
          },
          "T01_cmt_is_zero": {
            "all_rows_decrypted": true,
            "exact": true,
            "max_abs_err": 0,
            "l1_err": 0,
            "diff": [
              [
                0,
                0,
                0,
                0
              ],
              [
                0,
                0,
                0,
                0
              ],
              [
                0,
                0,
                0,
                0
              ],
              [
                0,
                0,
                0,
                0
              ]
            ]
          },
          "T00_cmt_is_zero": {
            "all_rows_decrypted": true,
            "exact": true,
            "max_abs_err": 0,
            "l1_err": 0,
            "diff": [
              [
                0,
                0,
                0,
                0
              ],
              [
                0,
                0,
                0,
                0
              ],
              [
                0,
                0,
                0,
                0
              ],
              [
                0,
                0,
                0,
                0
              ]
            ]
          },
          "line5_is_zero": {
            "all_rows_decrypted": true,
            "exact": true,
            "max_abs_err": 0,
            "l1_err": 0,
            "diff": [
              [
                0,
                0,
                0,
                0
              ],
              [
                0,
                0,
                0,
                0
              ],
              [
                0,
                0,
                0,
                0
              ],
              [
                0,
                0,
                0,
                0
              ]
            ]
          },
          "M10_M11_pair_equals_bonly": {
            "all_rows_decrypted": true,
            "exact": true,
            "max_abs_err": 0,
            "l1_err": 0,
            "diff": [
              [
                0,
                0,
                0,
                0
              ],
              [
                0,
                0,
                0,
                0
              ],
              [
                0,
                0,
                0,
                0
              ],
              [
                0,
                0,
                0,
                0
              ]
            ]
          },
          "full_equals_bonly": {
            "all_rows_decrypted": true,
            "exact": false,
            "max_abs_err": 23,
            "l1_err": 56,
            "diff": [
              [
                -9,
                -4,
                20,
                -23
              ],
              [
                0,
                0,
                0,
                0
              ],
              [
                0,
                0,
                0,
                0
              ],
              [
                0,
                0,
                0,
                0
              ]
            ]
          },
          "full_equals_U_T_matmul_V": {
            "all_rows_decrypted": true,
            "exact": false,
            "max_abs_err": 23,
            "l1_err": 56,
            "diff": [
              [
                -9,
                -4,
                20,
                -23
              ],
              [
                0,
                0,
                0,
                0
              ],
              [
                0,
                0,
                0,
                0
              ],
              [
                0,
                0,
                0,
                0
              ]
            ]
          }
        },
        "shape_summaries": {
          "line5_ks_inputs": {
            "num_rows": 4,
            "consistent_shape": true,
            "expected_parts": 3,
            "expected_towers": 4,
            "expected_ring_dim": 16384,
            "rows": [
              {
                "row_index": 0,
                "encoding_type": 1,
                "num_parts": 3,
                "level": 0,
                "slots": 0
              },
              {
                "row_index": 1,
                "encoding_type": 1,
                "num_parts": 3,
                "level": 0,
                "slots": 0
              },
              {
                "row_index": 2,
                "encoding_type": 1,
                "num_parts": 3,
                "level": 0,
                "slots": 0
              },
              {
                "row_index": 3,
                "encoding_type": 1,
                "num_parts": 3,
                "level": 0,
                "slots": 0
              }
            ]
          },
          "line5_ks_outputs": {
            "num_rows": 4,
            "consistent_shape": true,
            "expected_parts": 2,
            "expected_towers": 4,
            "expected_ring_dim": 16384,
            "rows": [
              {
                "row_index": 0,
                "encoding_type": 1,
                "num_parts": 2,
                "level": 0,
                "slots": 0
              },
              {
                "row_index": 1,
                "encoding_type": 1,
                "num_parts": 2,
                "level": 0,
                "slots": 0
              },
              {
                "row_index": 2,
                "encoding_type": 1,
                "num_parts": 2,
                "level": 0,
                "slots": 0
              },
              {
                "row_index": 3,
                "encoding_type": 1,
                "num_parts": 2,
                "level": 0,
                "slots": 0
              }
            ]
          },
          "line5_rows": {
            "num_rows": 4,
            "consistent_shape": true,
            "expected_parts": 2,
            "expected_towers": 4,
            "expected_ring_dim": 16384,
            "rows": [
              {
                "row_index": 0,
                "encoding_type": 1,
                "num_parts": 2,
                "level": 0,
                "slots": 0
              },
              {
                "row_index": 1,
                "encoding_type": 1,
                "num_parts": 2,
                "level": 0,
                "slots": 0
              },
              {
                "row_index": 2,
                "encoding_type": 1,
                "num_parts": 2,
                "level": 0,
                "slots": 0
              },
              {
                "row_index": 3,
                "encoding_type": 1,
                "num_parts": 2,
                "level": 0,
                "slots": 0
              }
            ]
          },
          "full_rows": {
            "num_rows": 4,
            "consistent_shape": true,
            "expected_parts": 2,
            "expected_towers": 4,
            "expected_ring_dim": 16384,
            "rows": [
              {
                "row_index": 0,
                "encoding_type": 1,
                "num_parts": 2,
                "level": 0,
                "slots": 0
              },
              {
                "row_index": 1,
                "encoding_type": 1,
                "num_parts": 2,
                "level": 0,
                "slots": 0
              },
              {
                "row_index": 2,
                "encoding_type": 1,
                "num_parts": 2,
                "level": 0,
                "slots": 0
              },
              {
                "row_index": 3,
                "encoding_type": 1,
                "num_parts": 2,
                "level": 0,
                "slots": 0
              }
            ]
          }
        }
      }
    },
    {
      "name": "basis_E01_times_E10",
      "input_U": [
        [
          0,
          1,
          0,
          0
        ],
        [
          0,
          0,
          0,
          0
        ],
        [
          0,
          0,
          0,
          0
        ],
        [
          0,
          0,
          0,
          0
        ]
      ],
      "input_V": [
        [
          0,
          0,
          0,
          0
        ],
        [
          1,
          0,
          0,
          0
        ],
        [
          0,
          0,
          0,
          0
        ],
        [
          0,
          0,
          0,
          0
        ]
      ],
      "expected_bonly_U_T_matmul_V": [
        [
          0,
          0,
          0,
          0
        ],
        [
          0,
          0,
          0,
          0
        ],
        [
          0,
          0,
          0,
          0
        ],
        [
          0,
          0,
          0,
          0
        ]
      ],
      "result": {
        "ppmm_zero_checks": {
          "M00_is_raw_zero": true,
          "M01_is_raw_zero": true,
          "M10_is_raw_zero": true,
          "M11_is_raw_zero": true
        },
        "exports": {
          "A_U_row0_tower0": [
            0,
            0,
            0,
            0
          ],
          "B_U_row0_tower0": [
            0,
            0,
            0,
            0
          ],
          "A_V_row0_tower0": [
            0,
            0,
            0,
            0
          ],
          "B_V_row0_tower0": [
            0,
            0,
            0,
            0
          ],
          "Ahat_export": {
            "part": 1,
            "num_rows": 4,
            "num_towers": 4,
            "ring_dim": 16384,
            "coeff_count": 16384,
            "row0_tower0_coeff_head": [
              0,
              0,
              0,
              0,
              0,
              0,
              0,
              0
            ]
          },
          "Bhat_export": {
            "part": 0,
            "num_rows": 4,
            "num_towers": 4,
            "ring_dim": 16384,
            "coeff_count": 16384,
            "row0_tower0_coeff_head": [
              0,
              0,
              0,
              0,
              0,
              0,
              0,
              0
            ]
          }
        },
        "decoded_terms": {
          "bonly": {
            "compress_reports": [
              {
                "row_index": 0,
                "ok": true,
                "error": null
              },
              {
                "row_index": 1,
                "ok": true,
                "error": null
              },
              {
                "row_index": 2,
                "ok": true,
                "error": null
              },
              {
                "row_index": 3,
                "ok": true,
                "error": null
              }
            ],
            "decrypt_reports": [
              {
                "row_index": 0,
                "ok": true,
                "error": null
              },
              {
                "row_index": 1,
                "ok": true,
                "error": null
              },
              {
                "row_index": 2,
                "ok": true,
                "error": null
              },
              {
                "row_index": 3,
                "ok": true,
                "error": null
              }
            ],
            "decoded": [
              [
                0,
                0,
                0,
                0
              ],
              [
                0,
                0,
                0,
                0
              ],
              [
                0,
                0,
                0,
                0
              ],
              [
                0,
                0,
                0,
                0
              ]
            ]
          },
          "T01_cmt": {
            "compress_reports": [
              {
                "row_index": 0,
                "ok": true,
                "error": null
              },
              {
                "row_index": 1,
                "ok": true,
                "error": null
              },
              {
                "row_index": 2,
                "ok": true,
                "error": null
              },
              {
                "row_index": 3,
                "ok": true,
                "error": null
              }
            ],
            "decrypt_reports": [
              {
                "row_index": 0,
                "ok": true,
                "error": null
              },
              {
                "row_index": 1,
                "ok": true,
                "error": null
              },
              {
                "row_index": 2,
                "ok": true,
                "error": null
              },
              {
                "row_index": 3,
                "ok": true,
                "error": null
              }
            ],
            "decoded": [
              [
                0,
                0,
                0,
                0
              ],
              [
                0,
                0,
                0,
                0
              ],
              [
                0,
                0,
                0,
                0
              ],
              [
                0,
                0,
                0,
                0
              ]
            ]
          },
          "T00_cmt": {
            "compress_reports": [
              {
                "row_index": 0,
                "ok": true,
                "error": null
              },
              {
                "row_index": 1,
                "ok": true,
                "error": null
              },
              {
                "row_index": 2,
                "ok": true,
                "error": null
              },
              {
                "row_index": 3,
                "ok": true,
                "error": null
              }
            ],
            "decrypt_reports": [
              {
                "row_index": 0,
                "ok": true,
                "error": null
              },
              {
                "row_index": 1,
                "ok": true,
                "error": null
              },
              {
                "row_index": 2,
                "ok": true,
                "error": null
              },
              {
                "row_index": 3,
                "ok": true,
                "error": null
              }
            ],
            "decoded": [
              [
                0,
                0,
                0,
                0
              ],
              [
                0,
                0,
                0,
                0
              ],
              [
                0,
                0,
                0,
                0
              ],
              [
                0,
                0,
                0,
                0
              ]
            ]
          },
          "line5": {
            "compress_reports": [
              {
                "row_index": 0,
                "ok": true,
                "error": null
              },
              {
                "row_index": 1,
                "ok": true,
                "error": null
              },
              {
                "row_index": 2,
                "ok": true,
                "error": null
              },
              {
                "row_index": 3,
                "ok": true,
                "error": null
              }
            ],
            "decrypt_reports": [
              {
                "row_index": 0,
                "ok": true,
                "error": null
              },
              {
                "row_index": 1,
                "ok": true,
                "error": null
              },
              {
                "row_index": 2,
                "ok": true,
                "error": null
              },
              {
                "row_index": 3,
                "ok": true,
                "error": null
              }
            ],
            "decoded": [
              [
                0,
                0,
                0,
                0
              ],
              [
                0,
                0,
                0,
                0
              ],
              [
                0,
                0,
                0,
                0
              ],
              [
                0,
                0,
                0,
                0
              ]
            ]
          },
          "M10_M11_pair": {
            "compress_reports": [
              {
                "row_index": 0,
                "ok": true,
                "error": null
              },
              {
                "row_index": 1,
                "ok": true,
                "error": null
              },
              {
                "row_index": 2,
                "ok": true,
                "error": null
              },
              {
                "row_index": 3,
                "ok": true,
                "error": null
              }
            ],
            "decrypt_reports": [
              {
                "row_index": 0,
                "ok": true,
                "error": null
              },
              {
                "row_index": 1,
                "ok": true,
                "error": null
              },
              {
                "row_index": 2,
                "ok": true,
                "error": null
              },
              {
                "row_index": 3,
                "ok": true,
                "error": null
              }
            ],
            "decoded": [
              [
                0,
                0,
                0,
                0
              ],
              [
                0,
                0,
                0,
                0
              ],
              [
                0,
                0,
                0,
                0
              ],
              [
                0,
                0,
                0,
                0
              ]
            ]
          },
          "full": {
            "compress_reports": [
              {
                "row_index": 0,
                "ok": true,
                "error": null
              },
              {
                "row_index": 1,
                "ok": true,
                "error": null
              },
              {
                "row_index": 2,
                "ok": true,
                "error": null
              },
              {
                "row_index": 3,
                "ok": true,
                "error": null
              }
            ],
            "decrypt_reports": [
              {
                "row_index": 0,
                "ok": true,
                "error": null
              },
              {
                "row_index": 1,
                "ok": true,
                "error": null
              },
              {
                "row_index": 2,
                "ok": true,
                "error": null
              },
              {
                "row_index": 3,
                "ok": true,
                "error": null
              }
            ],
            "decoded": [
              [
                0,
                0,
                0,
                0
              ],
              [
                0,
                0,
                0,
                0
              ],
              [
                0,
                0,
                0,
                0
              ],
              [
                0,
                0,
                0,
                0
              ]
            ]
          }
        },
        "term_comparisons": {
          "bonly_equals_U_T_matmul_V": {
            "all_rows_decrypted": true,
            "exact": true,
            "max_abs_err": 0,
            "l1_err": 0,
            "diff": [
              [
                0,
                0,
                0,
                0
              ],
              [
                0,
                0,
                0,
                0
              ],
              [
                0,
                0,
                0,
                0
              ],
              [
                0,
                0,
                0,
                0
              ]
            ]
          },
          "T01_cmt_is_zero": {
            "all_rows_decrypted": true,
            "exact": true,
            "max_abs_err": 0,
            "l1_err": 0,
            "diff": [
              [
                0,
                0,
                0,
                0
              ],
              [
                0,
                0,
                0,
                0
              ],
              [
                0,
                0,
                0,
                0
              ],
              [
                0,
                0,
                0,
                0
              ]
            ]
          },
          "T00_cmt_is_zero": {
            "all_rows_decrypted": true,
            "exact": true,
            "max_abs_err": 0,
            "l1_err": 0,
            "diff": [
              [
                0,
                0,
                0,
                0
              ],
              [
                0,
                0,
                0,
                0
              ],
              [
                0,
                0,
                0,
                0
              ],
              [
                0,
                0,
                0,
                0
              ]
            ]
          },
          "line5_is_zero": {
            "all_rows_decrypted": true,
            "exact": true,
            "max_abs_err": 0,
            "l1_err": 0,
            "diff": [
              [
                0,
                0,
                0,
                0
              ],
              [
                0,
                0,
                0,
                0
              ],
              [
                0,
                0,
                0,
                0
              ],
              [
                0,
                0,
                0,
                0
              ]
            ]
          },
          "M10_M11_pair_equals_bonly": {
            "all_rows_decrypted": true,
            "exact": true,
            "max_abs_err": 0,
            "l1_err": 0,
            "diff": [
              [
                0,
                0,
                0,
                0
              ],
              [
                0,
                0,
                0,
                0
              ],
              [
                0,
                0,
                0,
                0
              ],
              [
                0,
                0,
                0,
                0
              ]
            ]
          },
          "full_equals_bonly": {
            "all_rows_decrypted": true,
            "exact": true,
            "max_abs_err": 0,
            "l1_err": 0,
            "diff": [
              [
                0,
                0,
                0,
                0
              ],
              [
                0,
                0,
                0,
                0
              ],
              [
                0,
                0,
                0,
                0
              ],
              [
                0,
                0,
                0,
                0
              ]
            ]
          },
          "full_equals_U_T_matmul_V": {
            "all_rows_decrypted": true,
            "exact": true,
            "max_abs_err": 0,
            "l1_err": 0,
            "diff": [
              [
                0,
                0,
                0,
                0
              ],
              [
                0,
                0,
                0,
                0
              ],
              [
                0,
                0,
                0,
                0
              ],
              [
                0,
                0,
                0,
                0
              ]
            ]
          }
        },
        "shape_summaries": {
          "line5_ks_inputs": {
            "num_rows": 4,
            "consistent_shape": true,
            "expected_parts": 3,
            "expected_towers": 4,
            "expected_ring_dim": 16384,
            "rows": [
              {
                "row_index": 0,
                "encoding_type": 1,
                "num_parts": 3,
                "level": 0,
                "slots": 0
              },
              {
                "row_index": 1,
                "encoding_type": 1,
                "num_parts": 3,
                "level": 0,
                "slots": 0
              },
              {
                "row_index": 2,
                "encoding_type": 1,
                "num_parts": 3,
                "level": 0,
                "slots": 0
              },
              {
                "row_index": 3,
                "encoding_type": 1,
                "num_parts": 3,
                "level": 0,
                "slots": 0
              }
            ]
          },
          "line5_ks_outputs": {
            "num_rows": 4,
            "consistent_shape": true,
            "expected_parts": 2,
            "expected_towers": 4,
            "expected_ring_dim": 16384,
            "rows": [
              {
                "row_index": 0,
                "encoding_type": 1,
                "num_parts": 2,
                "level": 0,
                "slots": 0
              },
              {
                "row_index": 1,
                "encoding_type": 1,
                "num_parts": 2,
                "level": 0,
                "slots": 0
              },
              {
                "row_index": 2,
                "encoding_type": 1,
                "num_parts": 2,
                "level": 0,
                "slots": 0
              },
              {
                "row_index": 3,
                "encoding_type": 1,
                "num_parts": 2,
                "level": 0,
                "slots": 0
              }
            ]
          },
          "line5_rows": {
            "num_rows": 4,
            "consistent_shape": true,
            "expected_parts": 2,
            "expected_towers": 4,
            "expected_ring_dim": 16384,
            "rows": [
              {
                "row_index": 0,
                "encoding_type": 1,
                "num_parts": 2,
                "level": 0,
                "slots": 0
              },
              {
                "row_index": 1,
                "encoding_type": 1,
                "num_parts": 2,
                "level": 0,
                "slots": 0
              },
              {
                "row_index": 2,
                "encoding_type": 1,
                "num_parts": 2,
                "level": 0,
                "slots": 0
              },
              {
                "row_index": 3,
                "encoding_type": 1,
                "num_parts": 2,
                "level": 0,
                "slots": 0
              }
            ]
          },
          "full_rows": {
            "num_rows": 4,
            "consistent_shape": true,
            "expected_parts": 2,
            "expected_towers": 4,
            "expected_ring_dim": 16384,
            "rows": [
              {
                "row_index": 0,
                "encoding_type": 1,
                "num_parts": 2,
                "level": 0,
                "slots": 0
              },
              {
                "row_index": 1,
                "encoding_type": 1,
                "num_parts": 2,
                "level": 0,
                "slots": 0
              },
              {
                "row_index": 2,
                "encoding_type": 1,
                "num_parts": 2,
                "level": 0,
                "slots": 0
              },
              {
                "row_index": 3,
                "encoding_type": 1,
                "num_parts": 2,
                "level": 0,
                "slots": 0
              }
            ]
          }
        }
      }
    },
    {
      "name": "basis_E01_times_E12",
      "input_U": [
        [
          0,
          1,
          0,
          0
        ],
        [
          0,
          0,
          0,
          0
        ],
        [
          0,
          0,
          0,
          0
        ],
        [
          0,
          0,
          0,
          0
        ]
      ],
      "input_V": [
        [
          0,
          0,
          0,
          0
        ],
        [
          0,
          0,
          1,
          0
        ],
        [
          0,
          0,
          0,
          0
        ],
        [
          0,
          0,
          0,
          0
        ]
      ],
      "expected_bonly_U_T_matmul_V": [
        [
          0,
          0,
          0,
          0
        ],
        [
          0,
          0,
          0,
          0
        ],
        [
          0,
          0,
          0,
          0
        ],
        [
          0,
          0,
          0,
          0
        ]
      ],
      "result": {
        "ppmm_zero_checks": {
          "M00_is_raw_zero": true,
          "M01_is_raw_zero": true,
          "M10_is_raw_zero": true,
          "M11_is_raw_zero": true
        },
        "exports": {
          "A_U_row0_tower0": [
            0,
            0,
            0,
            0
          ],
          "B_U_row0_tower0": [
            0,
            0,
            0,
            0
          ],
          "A_V_row0_tower0": [
            0,
            0,
            0,
            0
          ],
          "B_V_row0_tower0": [
            0,
            0,
            0,
            0
          ],
          "Ahat_export": {
            "part": 1,
            "num_rows": 4,
            "num_towers": 4,
            "ring_dim": 16384,
            "coeff_count": 16384,
            "row0_tower0_coeff_head": [
              0,
              0,
              0,
              0,
              0,
              0,
              0,
              0
            ]
          },
          "Bhat_export": {
            "part": 0,
            "num_rows": 4,
            "num_towers": 4,
            "ring_dim": 16384,
            "coeff_count": 16384,
            "row0_tower0_coeff_head": [
              0,
              0,
              0,
              0,
              0,
              0,
              0,
              0
            ]
          }
        },
        "decoded_terms": {
          "bonly": {
            "compress_reports": [
              {
                "row_index": 0,
                "ok": true,
                "error": null
              },
              {
                "row_index": 1,
                "ok": true,
                "error": null
              },
              {
                "row_index": 2,
                "ok": true,
                "error": null
              },
              {
                "row_index": 3,
                "ok": true,
                "error": null
              }
            ],
            "decrypt_reports": [
              {
                "row_index": 0,
                "ok": true,
                "error": null
              },
              {
                "row_index": 1,
                "ok": true,
                "error": null
              },
              {
                "row_index": 2,
                "ok": true,
                "error": null
              },
              {
                "row_index": 3,
                "ok": true,
                "error": null
              }
            ],
            "decoded": [
              [
                0,
                0,
                0,
                0
              ],
              [
                0,
                0,
                0,
                0
              ],
              [
                0,
                0,
                0,
                0
              ],
              [
                0,
                0,
                0,
                0
              ]
            ]
          },
          "T01_cmt": {
            "compress_reports": [
              {
                "row_index": 0,
                "ok": true,
                "error": null
              },
              {
                "row_index": 1,
                "ok": true,
                "error": null
              },
              {
                "row_index": 2,
                "ok": true,
                "error": null
              },
              {
                "row_index": 3,
                "ok": true,
                "error": null
              }
            ],
            "decrypt_reports": [
              {
                "row_index": 0,
                "ok": true,
                "error": null
              },
              {
                "row_index": 1,
                "ok": true,
                "error": null
              },
              {
                "row_index": 2,
                "ok": true,
                "error": null
              },
              {
                "row_index": 3,
                "ok": true,
                "error": null
              }
            ],
            "decoded": [
              [
                0,
                0,
                0,
                0
              ],
              [
                0,
                0,
                0,
                0
              ],
              [
                0,
                0,
                0,
                0
              ],
              [
                0,
                0,
                0,
                0
              ]
            ]
          },
          "T00_cmt": {
            "compress_reports": [
              {
                "row_index": 0,
                "ok": true,
                "error": null
              },
              {
                "row_index": 1,
                "ok": true,
                "error": null
              },
              {
                "row_index": 2,
                "ok": true,
                "error": null
              },
              {
                "row_index": 3,
                "ok": true,
                "error": null
              }
            ],
            "decrypt_reports": [
              {
                "row_index": 0,
                "ok": true,
                "error": null
              },
              {
                "row_index": 1,
                "ok": true,
                "error": null
              },
              {
                "row_index": 2,
                "ok": true,
                "error": null
              },
              {
                "row_index": 3,
                "ok": true,
                "error": null
              }
            ],
            "decoded": [
              [
                0,
                0,
                0,
                0
              ],
              [
                0,
                0,
                0,
                0
              ],
              [
                0,
                0,
                0,
                0
              ],
              [
                0,
                0,
                0,
                0
              ]
            ]
          },
          "line5": {
            "compress_reports": [
              {
                "row_index": 0,
                "ok": true,
                "error": null
              },
              {
                "row_index": 1,
                "ok": true,
                "error": null
              },
              {
                "row_index": 2,
                "ok": true,
                "error": null
              },
              {
                "row_index": 3,
                "ok": true,
                "error": null
              }
            ],
            "decrypt_reports": [
              {
                "row_index": 0,
                "ok": true,
                "error": null
              },
              {
                "row_index": 1,
                "ok": true,
                "error": null
              },
              {
                "row_index": 2,
                "ok": true,
                "error": null
              },
              {
                "row_index": 3,
                "ok": true,
                "error": null
              }
            ],
            "decoded": [
              [
                0,
                0,
                0,
                0
              ],
              [
                0,
                0,
                0,
                0
              ],
              [
                0,
                0,
                0,
                0
              ],
              [
                0,
                0,
                0,
                0
              ]
            ]
          },
          "M10_M11_pair": {
            "compress_reports": [
              {
                "row_index": 0,
                "ok": true,
                "error": null
              },
              {
                "row_index": 1,
                "ok": true,
                "error": null
              },
              {
                "row_index": 2,
                "ok": true,
                "error": null
              },
              {
                "row_index": 3,
                "ok": true,
                "error": null
              }
            ],
            "decrypt_reports": [
              {
                "row_index": 0,
                "ok": true,
                "error": null
              },
              {
                "row_index": 1,
                "ok": true,
                "error": null
              },
              {
                "row_index": 2,
                "ok": true,
                "error": null
              },
              {
                "row_index": 3,
                "ok": true,
                "error": null
              }
            ],
            "decoded": [
              [
                0,
                0,
                0,
                0
              ],
              [
                0,
                0,
                0,
                0
              ],
              [
                0,
                0,
                0,
                0
              ],
              [
                0,
                0,
                0,
                0
              ]
            ]
          },
          "full": {
            "compress_reports": [
              {
                "row_index": 0,
                "ok": true,
                "error": null
              },
              {
                "row_index": 1,
                "ok": true,
                "error": null
              },
              {
                "row_index": 2,
                "ok": true,
                "error": null
              },
              {
                "row_index": 3,
                "ok": true,
                "error": null
              }
            ],
            "decrypt_reports": [
              {
                "row_index": 0,
                "ok": true,
                "error": null
              },
              {
                "row_index": 1,
                "ok": true,
                "error": null
              },
              {
                "row_index": 2,
                "ok": true,
                "error": null
              },
              {
                "row_index": 3,
                "ok": true,
                "error": null
              }
            ],
            "decoded": [
              [
                0,
                0,
                0,
                0
              ],
              [
                0,
                0,
                0,
                0
              ],
              [
                0,
                0,
                0,
                0
              ],
              [
                0,
                0,
                0,
                0
              ]
            ]
          }
        },
        "term_comparisons": {
          "bonly_equals_U_T_matmul_V": {
            "all_rows_decrypted": true,
            "exact": true,
            "max_abs_err": 0,
            "l1_err": 0,
            "diff": [
              [
                0,
                0,
                0,
                0
              ],
              [
                0,
                0,
                0,
                0
              ],
              [
                0,
                0,
                0,
                0
              ],
              [
                0,
                0,
                0,
                0
              ]
            ]
          },
          "T01_cmt_is_zero": {
            "all_rows_decrypted": true,
            "exact": true,
            "max_abs_err": 0,
            "l1_err": 0,
            "diff": [
              [
                0,
                0,
                0,
                0
              ],
              [
                0,
                0,
                0,
                0
              ],
              [
                0,
                0,
                0,
                0
              ],
              [
                0,
                0,
                0,
                0
              ]
            ]
          },
          "T00_cmt_is_zero": {
            "all_rows_decrypted": true,
            "exact": true,
            "max_abs_err": 0,
            "l1_err": 0,
            "diff": [
              [
                0,
                0,
                0,
                0
              ],
              [
                0,
                0,
                0,
                0
              ],
              [
                0,
                0,
                0,
                0
              ],
              [
                0,
                0,
                0,
                0
              ]
            ]
          },
          "line5_is_zero": {
            "all_rows_decrypted": true,
            "exact": true,
            "max_abs_err": 0,
            "l1_err": 0,
            "diff": [
              [
                0,
                0,
                0,
                0
              ],
              [
                0,
                0,
                0,
                0
              ],
              [
                0,
                0,
                0,
                0
              ],
              [
                0,
                0,
                0,
                0
              ]
            ]
          },
          "M10_M11_pair_equals_bonly": {
            "all_rows_decrypted": true,
            "exact": true,
            "max_abs_err": 0,
            "l1_err": 0,
            "diff": [
              [
                0,
                0,
                0,
                0
              ],
              [
                0,
                0,
                0,
                0
              ],
              [
                0,
                0,
                0,
                0
              ],
              [
                0,
                0,
                0,
                0
              ]
            ]
          },
          "full_equals_bonly": {
            "all_rows_decrypted": true,
            "exact": true,
            "max_abs_err": 0,
            "l1_err": 0,
            "diff": [
              [
                0,
                0,
                0,
                0
              ],
              [
                0,
                0,
                0,
                0
              ],
              [
                0,
                0,
                0,
                0
              ],
              [
                0,
                0,
                0,
                0
              ]
            ]
          },
          "full_equals_U_T_matmul_V": {
            "all_rows_decrypted": true,
            "exact": true,
            "max_abs_err": 0,
            "l1_err": 0,
            "diff": [
              [
                0,
                0,
                0,
                0
              ],
              [
                0,
                0,
                0,
                0
              ],
              [
                0,
                0,
                0,
                0
              ],
              [
                0,
                0,
                0,
                0
              ]
            ]
          }
        },
        "shape_summaries": {
          "line5_ks_inputs": {
            "num_rows": 4,
            "consistent_shape": true,
            "expected_parts": 3,
            "expected_towers": 4,
            "expected_ring_dim": 16384,
            "rows": [
              {
                "row_index": 0,
                "encoding_type": 1,
                "num_parts": 3,
                "level": 0,
                "slots": 0
              },
              {
                "row_index": 1,
                "encoding_type": 1,
                "num_parts": 3,
                "level": 0,
                "slots": 0
              },
              {
                "row_index": 2,
                "encoding_type": 1,
                "num_parts": 3,
                "level": 0,
                "slots": 0
              },
              {
                "row_index": 3,
                "encoding_type": 1,
                "num_parts": 3,
                "level": 0,
                "slots": 0
              }
            ]
          },
          "line5_ks_outputs": {
            "num_rows": 4,
            "consistent_shape": true,
            "expected_parts": 2,
            "expected_towers": 4,
            "expected_ring_dim": 16384,
            "rows": [
              {
                "row_index": 0,
                "encoding_type": 1,
                "num_parts": 2,
                "level": 0,
                "slots": 0
              },
              {
                "row_index": 1,
                "encoding_type": 1,
                "num_parts": 2,
                "level": 0,
                "slots": 0
              },
              {
                "row_index": 2,
                "encoding_type": 1,
                "num_parts": 2,
                "level": 0,
                "slots": 0
              },
              {
                "row_index": 3,
                "encoding_type": 1,
                "num_parts": 2,
                "level": 0,
                "slots": 0
              }
            ]
          },
          "line5_rows": {
            "num_rows": 4,
            "consistent_shape": true,
            "expected_parts": 2,
            "expected_towers": 4,
            "expected_ring_dim": 16384,
            "rows": [
              {
                "row_index": 0,
                "encoding_type": 1,
                "num_parts": 2,
                "level": 0,
                "slots": 0
              },
              {
                "row_index": 1,
                "encoding_type": 1,
                "num_parts": 2,
                "level": 0,
                "slots": 0
              },
              {
                "row_index": 2,
                "encoding_type": 1,
                "num_parts": 2,
                "level": 0,
                "slots": 0
              },
              {
                "row_index": 3,
                "encoding_type": 1,
                "num_parts": 2,
                "level": 0,
                "slots": 0
              }
            ]
          },
          "full_rows": {
            "num_rows": 4,
            "consistent_shape": true,
            "expected_parts": 2,
            "expected_towers": 4,
            "expected_ring_dim": 16384,
            "rows": [
              {
                "row_index": 0,
                "encoding_type": 1,
                "num_parts": 2,
                "level": 0,
                "slots": 0
              },
              {
                "row_index": 1,
                "encoding_type": 1,
                "num_parts": 2,
                "level": 0,
                "slots": 0
              },
              {
                "row_index": 2,
                "encoding_type": 1,
                "num_parts": 2,
                "level": 0,
                "slots": 0
              },
              {
                "row_index": 3,
                "encoding_type": 1,
                "num_parts": 2,
                "level": 0,
                "slots": 0
              }
            ]
          }
        }
      }
    },
    {
      "name": "basis_E23_times_E31",
      "input_U": [
        [
          0,
          0,
          0,
          0
        ],
        [
          0,
          0,
          0,
          0
        ],
        [
          0,
          0,
          0,
          1
        ],
        [
          0,
          0,
          0,
          0
        ]
      ],
      "input_V": [
        [
          0,
          0,
          0,
          0
        ],
        [
          0,
          0,
          0,
          0
        ],
        [
          0,
          0,
          0,
          0
        ],
        [
          0,
          1,
          0,
          0
        ]
      ],
      "expected_bonly_U_T_matmul_V": [
        [
          0,
          0,
          0,
          0
        ],
        [
          0,
          0,
          0,
          0
        ],
        [
          0,
          0,
          0,
          0
        ],
        [
          0,
          0,
          0,
          0
        ]
      ],
      "result": {
        "ppmm_zero_checks": {
          "M00_is_raw_zero": true,
          "M01_is_raw_zero": true,
          "M10_is_raw_zero": true,
          "M11_is_raw_zero": true
        },
        "exports": {
          "A_U_row0_tower0": [
            0,
            0,
            0,
            0
          ],
          "B_U_row0_tower0": [
            0,
            0,
            0,
            0
          ],
          "A_V_row0_tower0": [
            0,
            0,
            0,
            0
          ],
          "B_V_row0_tower0": [
            0,
            0,
            0,
            0
          ],
          "Ahat_export": {
            "part": 1,
            "num_rows": 4,
            "num_towers": 4,
            "ring_dim": 16384,
            "coeff_count": 16384,
            "row0_tower0_coeff_head": [
              0,
              0,
              0,
              0,
              0,
              0,
              0,
              0
            ]
          },
          "Bhat_export": {
            "part": 0,
            "num_rows": 4,
            "num_towers": 4,
            "ring_dim": 16384,
            "coeff_count": 16384,
            "row0_tower0_coeff_head": [
              0,
              0,
              0,
              0,
              0,
              0,
              0,
              0
            ]
          }
        },
        "decoded_terms": {
          "bonly": {
            "compress_reports": [
              {
                "row_index": 0,
                "ok": true,
                "error": null
              },
              {
                "row_index": 1,
                "ok": true,
                "error": null
              },
              {
                "row_index": 2,
                "ok": true,
                "error": null
              },
              {
                "row_index": 3,
                "ok": true,
                "error": null
              }
            ],
            "decrypt_reports": [
              {
                "row_index": 0,
                "ok": true,
                "error": null
              },
              {
                "row_index": 1,
                "ok": true,
                "error": null
              },
              {
                "row_index": 2,
                "ok": true,
                "error": null
              },
              {
                "row_index": 3,
                "ok": true,
                "error": null
              }
            ],
            "decoded": [
              [
                0,
                0,
                0,
                0
              ],
              [
                0,
                0,
                0,
                0
              ],
              [
                0,
                0,
                0,
                0
              ],
              [
                0,
                0,
                0,
                0
              ]
            ]
          },
          "T01_cmt": {
            "compress_reports": [
              {
                "row_index": 0,
                "ok": true,
                "error": null
              },
              {
                "row_index": 1,
                "ok": true,
                "error": null
              },
              {
                "row_index": 2,
                "ok": true,
                "error": null
              },
              {
                "row_index": 3,
                "ok": true,
                "error": null
              }
            ],
            "decrypt_reports": [
              {
                "row_index": 0,
                "ok": true,
                "error": null
              },
              {
                "row_index": 1,
                "ok": true,
                "error": null
              },
              {
                "row_index": 2,
                "ok": true,
                "error": null
              },
              {
                "row_index": 3,
                "ok": true,
                "error": null
              }
            ],
            "decoded": [
              [
                0,
                0,
                0,
                0
              ],
              [
                0,
                0,
                0,
                0
              ],
              [
                0,
                0,
                0,
                0
              ],
              [
                0,
                0,
                0,
                0
              ]
            ]
          },
          "T00_cmt": {
            "compress_reports": [
              {
                "row_index": 0,
                "ok": true,
                "error": null
              },
              {
                "row_index": 1,
                "ok": true,
                "error": null
              },
              {
                "row_index": 2,
                "ok": true,
                "error": null
              },
              {
                "row_index": 3,
                "ok": true,
                "error": null
              }
            ],
            "decrypt_reports": [
              {
                "row_index": 0,
                "ok": true,
                "error": null
              },
              {
                "row_index": 1,
                "ok": true,
                "error": null
              },
              {
                "row_index": 2,
                "ok": true,
                "error": null
              },
              {
                "row_index": 3,
                "ok": true,
                "error": null
              }
            ],
            "decoded": [
              [
                0,
                0,
                0,
                0
              ],
              [
                0,
                0,
                0,
                0
              ],
              [
                0,
                0,
                0,
                0
              ],
              [
                0,
                0,
                0,
                0
              ]
            ]
          },
          "line5": {
            "compress_reports": [
              {
                "row_index": 0,
                "ok": true,
                "error": null
              },
              {
                "row_index": 1,
                "ok": true,
                "error": null
              },
              {
                "row_index": 2,
                "ok": true,
                "error": null
              },
              {
                "row_index": 3,
                "ok": true,
                "error": null
              }
            ],
            "decrypt_reports": [
              {
                "row_index": 0,
                "ok": true,
                "error": null
              },
              {
                "row_index": 1,
                "ok": true,
                "error": null
              },
              {
                "row_index": 2,
                "ok": true,
                "error": null
              },
              {
                "row_index": 3,
                "ok": true,
                "error": null
              }
            ],
            "decoded": [
              [
                0,
                0,
                0,
                0
              ],
              [
                0,
                0,
                0,
                0
              ],
              [
                0,
                0,
                0,
                0
              ],
              [
                0,
                0,
                0,
                0
              ]
            ]
          },
          "M10_M11_pair": {
            "compress_reports": [
              {
                "row_index": 0,
                "ok": true,
                "error": null
              },
              {
                "row_index": 1,
                "ok": true,
                "error": null
              },
              {
                "row_index": 2,
                "ok": true,
                "error": null
              },
              {
                "row_index": 3,
                "ok": true,
                "error": null
              }
            ],
            "decrypt_reports": [
              {
                "row_index": 0,
                "ok": true,
                "error": null
              },
              {
                "row_index": 1,
                "ok": true,
                "error": null
              },
              {
                "row_index": 2,
                "ok": true,
                "error": null
              },
              {
                "row_index": 3,
                "ok": true,
                "error": null
              }
            ],
            "decoded": [
              [
                0,
                0,
                0,
                0
              ],
              [
                0,
                0,
                0,
                0
              ],
              [
                0,
                0,
                0,
                0
              ],
              [
                0,
                0,
                0,
                0
              ]
            ]
          },
          "full": {
            "compress_reports": [
              {
                "row_index": 0,
                "ok": true,
                "error": null
              },
              {
                "row_index": 1,
                "ok": true,
                "error": null
              },
              {
                "row_index": 2,
                "ok": true,
                "error": null
              },
              {
                "row_index": 3,
                "ok": true,
                "error": null
              }
            ],
            "decrypt_reports": [
              {
                "row_index": 0,
                "ok": true,
                "error": null
              },
              {
                "row_index": 1,
                "ok": true,
                "error": null
              },
              {
                "row_index": 2,
                "ok": true,
                "error": null
              },
              {
                "row_index": 3,
                "ok": true,
                "error": null
              }
            ],
            "decoded": [
              [
                0,
                0,
                0,
                0
              ],
              [
                0,
                0,
                0,
                0
              ],
              [
                0,
                0,
                0,
                0
              ],
              [
                0,
                0,
                0,
                0
              ]
            ]
          }
        },
        "term_comparisons": {
          "bonly_equals_U_T_matmul_V": {
            "all_rows_decrypted": true,
            "exact": true,
            "max_abs_err": 0,
            "l1_err": 0,
            "diff": [
              [
                0,
                0,
                0,
                0
              ],
              [
                0,
                0,
                0,
                0
              ],
              [
                0,
                0,
                0,
                0
              ],
              [
                0,
                0,
                0,
                0
              ]
            ]
          },
          "T01_cmt_is_zero": {
            "all_rows_decrypted": true,
            "exact": true,
            "max_abs_err": 0,
            "l1_err": 0,
            "diff": [
              [
                0,
                0,
                0,
                0
              ],
              [
                0,
                0,
                0,
                0
              ],
              [
                0,
                0,
                0,
                0
              ],
              [
                0,
                0,
                0,
                0
              ]
            ]
          },
          "T00_cmt_is_zero": {
            "all_rows_decrypted": true,
            "exact": true,
            "max_abs_err": 0,
            "l1_err": 0,
            "diff": [
              [
                0,
                0,
                0,
                0
              ],
              [
                0,
                0,
                0,
                0
              ],
              [
                0,
                0,
                0,
                0
              ],
              [
                0,
                0,
                0,
                0
              ]
            ]
          },
          "line5_is_zero": {
            "all_rows_decrypted": true,
            "exact": true,
            "max_abs_err": 0,
            "l1_err": 0,
            "diff": [
              [
                0,
                0,
                0,
                0
              ],
              [
                0,
                0,
                0,
                0
              ],
              [
                0,
                0,
                0,
                0
              ],
              [
                0,
                0,
                0,
                0
              ]
            ]
          },
          "M10_M11_pair_equals_bonly": {
            "all_rows_decrypted": true,
            "exact": true,
            "max_abs_err": 0,
            "l1_err": 0,
            "diff": [
              [
                0,
                0,
                0,
                0
              ],
              [
                0,
                0,
                0,
                0
              ],
              [
                0,
                0,
                0,
                0
              ],
              [
                0,
                0,
                0,
                0
              ]
            ]
          },
          "full_equals_bonly": {
            "all_rows_decrypted": true,
            "exact": true,
            "max_abs_err": 0,
            "l1_err": 0,
            "diff": [
              [
                0,
                0,
                0,
                0
              ],
              [
                0,
                0,
                0,
                0
              ],
              [
                0,
                0,
                0,
                0
              ],
              [
                0,
                0,
                0,
                0
              ]
            ]
          },
          "full_equals_U_T_matmul_V": {
            "all_rows_decrypted": true,
            "exact": true,
            "max_abs_err": 0,
            "l1_err": 0,
            "diff": [
              [
                0,
                0,
                0,
                0
              ],
              [
                0,
                0,
                0,
                0
              ],
              [
                0,
                0,
                0,
                0
              ],
              [
                0,
                0,
                0,
                0
              ]
            ]
          }
        },
        "shape_summaries": {
          "line5_ks_inputs": {
            "num_rows": 4,
            "consistent_shape": true,
            "expected_parts": 3,
            "expected_towers": 4,
            "expected_ring_dim": 16384,
            "rows": [
              {
                "row_index": 0,
                "encoding_type": 1,
                "num_parts": 3,
                "level": 0,
                "slots": 0
              },
              {
                "row_index": 1,
                "encoding_type": 1,
                "num_parts": 3,
                "level": 0,
                "slots": 0
              },
              {
                "row_index": 2,
                "encoding_type": 1,
                "num_parts": 3,
                "level": 0,
                "slots": 0
              },
              {
                "row_index": 3,
                "encoding_type": 1,
                "num_parts": 3,
                "level": 0,
                "slots": 0
              }
            ]
          },
          "line5_ks_outputs": {
            "num_rows": 4,
            "consistent_shape": true,
            "expected_parts": 2,
            "expected_towers": 4,
            "expected_ring_dim": 16384,
            "rows": [
              {
                "row_index": 0,
                "encoding_type": 1,
                "num_parts": 2,
                "level": 0,
                "slots": 0
              },
              {
                "row_index": 1,
                "encoding_type": 1,
                "num_parts": 2,
                "level": 0,
                "slots": 0
              },
              {
                "row_index": 2,
                "encoding_type": 1,
                "num_parts": 2,
                "level": 0,
                "slots": 0
              },
              {
                "row_index": 3,
                "encoding_type": 1,
                "num_parts": 2,
                "level": 0,
                "slots": 0
              }
            ]
          },
          "line5_rows": {
            "num_rows": 4,
            "consistent_shape": true,
            "expected_parts": 2,
            "expected_towers": 4,
            "expected_ring_dim": 16384,
            "rows": [
              {
                "row_index": 0,
                "encoding_type": 1,
                "num_parts": 2,
                "level": 0,
                "slots": 0
              },
              {
                "row_index": 1,
                "encoding_type": 1,
                "num_parts": 2,
                "level": 0,
                "slots": 0
              },
              {
                "row_index": 2,
                "encoding_type": 1,
                "num_parts": 2,
                "level": 0,
                "slots": 0
              },
              {
                "row_index": 3,
                "encoding_type": 1,
                "num_parts": 2,
                "level": 0,
                "slots": 0
              }
            ]
          },
          "full_rows": {
            "num_rows": 4,
            "consistent_shape": true,
            "expected_parts": 2,
            "expected_towers": 4,
            "expected_ring_dim": 16384,
            "rows": [
              {
                "row_index": 0,
                "encoding_type": 1,
                "num_parts": 2,
                "level": 0,
                "slots": 0
              },
              {
                "row_index": 1,
                "encoding_type": 1,
                "num_parts": 2,
                "level": 0,
                "slots": 0
              },
              {
                "row_index": 2,
                "encoding_type": 1,
                "num_parts": 2,
                "level": 0,
                "slots": 0
              },
              {
                "row_index": 3,
                "encoding_type": 1,
                "num_parts": 2,
                "level": 0,
                "slots": 0
              }
            ]
          }
        }
      }
    },
    {
      "name": "identity_times_random_small",
      "input_U": [
        [
          1,
          0,
          0,
          0
        ],
        [
          0,
          1,
          0,
          0
        ],
        [
          0,
          0,
          1,
          0
        ],
        [
          0,
          0,
          0,
          1
        ]
      ],
      "input_V": [
        [
          2,
          0,
          1,
          1
        ],
        [
          2,
          0,
          1,
          2
        ],
        [
          0,
          -2,
          -2,
          2
        ],
        [
          -2,
          -2,
          -1,
          -2
        ]
      ],
      "expected_bonly_U_T_matmul_V": [
        [
          2,
          0,
          1,
          1
        ],
        [
          2,
          0,
          1,
          2
        ],
        [
          0,
          -2,
          -2,
          2
        ],
        [
          -2,
          -2,
          -1,
          -2
        ]
      ],
      "result": {
        "ppmm_zero_checks": {
          "M00_is_raw_zero": true,
          "M01_is_raw_zero": true,
          "M10_is_raw_zero": true,
          "M11_is_raw_zero": false
        },
        "exports": {
          "A_U_row0_tower0": [
            0,
            0,
            0,
            0
          ],
          "B_U_row0_tower0": [
            1,
            0,
            0,
            0
          ],
          "A_V_row0_tower0": [
            0,
            0,
            0,
            0
          ],
          "B_V_row0_tower0": [
            2,
            0,
            1,
            1
          ],
          "Ahat_export": {
            "part": 1,
            "num_rows": 4,
            "num_towers": 4,
            "ring_dim": 16384,
            "coeff_count": 16384,
            "row0_tower0_coeff_head": [
              0,
              0,
              0,
              0,
              0,
              0,
              0,
              0
            ]
          },
          "Bhat_export": {
            "part": 0,
            "num_rows": 4,
            "num_towers": 4,
            "ring_dim": 16384,
            "coeff_count": 16384,
            "row0_tower0_coeff_head": [
              0,
              0,
              0,
              0,
              0,
              0,
              0,
              0
            ]
          }
        },
        "decoded_terms": {
          "bonly": {
            "compress_reports": [
              {
                "row_index": 0,
                "ok": true,
                "error": null
              },
              {
                "row_index": 1,
                "ok": true,
                "error": null
              },
              {
                "row_index": 2,
                "ok": true,
                "error": null
              },
              {
                "row_index": 3,
                "ok": true,
                "error": null
              }
            ],
            "decrypt_reports": [
              {
                "row_index": 0,
                "ok": true,
                "error": null
              },
              {
                "row_index": 1,
                "ok": true,
                "error": null
              },
              {
                "row_index": 2,
                "ok": true,
                "error": null
              },
              {
                "row_index": 3,
                "ok": true,
                "error": null
              }
            ],
            "decoded": [
              [
                2,
                0,
                1,
                1
              ],
              [
                2,
                0,
                1,
                2
              ],
              [
                0,
                -2,
                -2,
                2
              ],
              [
                -2,
                -2,
                -1,
                -2
              ]
            ]
          },
          "T01_cmt": {
            "compress_reports": [
              {
                "row_index": 0,
                "ok": true,
                "error": null
              },
              {
                "row_index": 1,
                "ok": true,
                "error": null
              },
              {
                "row_index": 2,
                "ok": true,
                "error": null
              },
              {
                "row_index": 3,
                "ok": true,
                "error": null
              }
            ],
            "decrypt_reports": [
              {
                "row_index": 0,
                "ok": true,
                "error": null
              },
              {
                "row_index": 1,
                "ok": true,
                "error": null
              },
              {
                "row_index": 2,
                "ok": true,
                "error": null
              },
              {
                "row_index": 3,
                "ok": true,
                "error": null
              }
            ],
            "decoded": [
              [
                0,
                0,
                0,
                0
              ],
              [
                0,
                0,
                0,
                0
              ],
              [
                0,
                0,
                0,
                0
              ],
              [
                0,
                0,
                0,
                0
              ]
            ]
          },
          "T00_cmt": {
            "compress_reports": [
              {
                "row_index": 0,
                "ok": true,
                "error": null
              },
              {
                "row_index": 1,
                "ok": true,
                "error": null
              },
              {
                "row_index": 2,
                "ok": true,
                "error": null
              },
              {
                "row_index": 3,
                "ok": true,
                "error": null
              }
            ],
            "decrypt_reports": [
              {
                "row_index": 0,
                "ok": true,
                "error": null
              },
              {
                "row_index": 1,
                "ok": true,
                "error": null
              },
              {
                "row_index": 2,
                "ok": true,
                "error": null
              },
              {
                "row_index": 3,
                "ok": true,
                "error": null
              }
            ],
            "decoded": [
              [
                0,
                0,
                0,
                0
              ],
              [
                0,
                0,
                0,
                0
              ],
              [
                0,
                0,
                0,
                0
              ],
              [
                0,
                0,
                0,
                0
              ]
            ]
          },
          "line5": {
            "compress_reports": [
              {
                "row_index": 0,
                "ok": true,
                "error": null
              },
              {
                "row_index": 1,
                "ok": true,
                "error": null
              },
              {
                "row_index": 2,
                "ok": true,
                "error": null
              },
              {
                "row_index": 3,
                "ok": true,
                "error": null
              }
            ],
            "decrypt_reports": [
              {
                "row_index": 0,
                "ok": true,
                "error": null
              },
              {
                "row_index": 1,
                "ok": true,
                "error": null
              },
              {
                "row_index": 2,
                "ok": true,
                "error": null
              },
              {
                "row_index": 3,
                "ok": true,
                "error": null
              }
            ],
            "decoded": [
              [
                0,
                0,
                0,
                0
              ],
              [
                0,
                0,
                0,
                0
              ],
              [
                0,
                0,
                0,
                0
              ],
              [
                0,
                0,
                0,
                0
              ]
            ]
          },
          "M10_M11_pair": {
            "compress_reports": [
              {
                "row_index": 0,
                "ok": true,
                "error": null
              },
              {
                "row_index": 1,
                "ok": true,
                "error": null
              },
              {
                "row_index": 2,
                "ok": true,
                "error": null
              },
              {
                "row_index": 3,
                "ok": true,
                "error": null
              }
            ],
            "decrypt_reports": [
              {
                "row_index": 0,
                "ok": true,
                "error": null
              },
              {
                "row_index": 1,
                "ok": true,
                "error": null
              },
              {
                "row_index": 2,
                "ok": true,
                "error": null
              },
              {
                "row_index": 3,
                "ok": true,
                "error": null
              }
            ],
            "decoded": [
              [
                2,
                0,
                1,
                1
              ],
              [
                2,
                0,
                1,
                2
              ],
              [
                0,
                -2,
                -2,
                2
              ],
              [
                -2,
                -2,
                -1,
                -2
              ]
            ]
          },
          "full": {
            "compress_reports": [
              {
                "row_index": 0,
                "ok": true,
                "error": null
              },
              {
                "row_index": 1,
                "ok": true,
                "error": null
              },
              {
                "row_index": 2,
                "ok": true,
                "error": null
              },
              {
                "row_index": 3,
                "ok": true,
                "error": null
              }
            ],
            "decrypt_reports": [
              {
                "row_index": 0,
                "ok": true,
                "error": null
              },
              {
                "row_index": 1,
                "ok": true,
                "error": null
              },
              {
                "row_index": 2,
                "ok": true,
                "error": null
              },
              {
                "row_index": 3,
                "ok": true,
                "error": null
              }
            ],
            "decoded": [
              [
                18,
                -8,
                0,
                4
              ],
              [
                10,
                -24,
                -20,
                21
              ],
              [
                16,
                5,
                -17,
                22
              ],
              [
                6,
                16,
                -20,
                -17
              ]
            ]
          }
        },
        "term_comparisons": {
          "bonly_equals_U_T_matmul_V": {
            "all_rows_decrypted": true,
            "exact": true,
            "max_abs_err": 0,
            "l1_err": 0,
            "diff": [
              [
                0,
                0,
                0,
                0
              ],
              [
                0,
                0,
                0,
                0
              ],
              [
                0,
                0,
                0,
                0
              ],
              [
                0,
                0,
                0,
                0
              ]
            ]
          },
          "T01_cmt_is_zero": {
            "all_rows_decrypted": true,
            "exact": true,
            "max_abs_err": 0,
            "l1_err": 0,
            "diff": [
              [
                0,
                0,
                0,
                0
              ],
              [
                0,
                0,
                0,
                0
              ],
              [
                0,
                0,
                0,
                0
              ],
              [
                0,
                0,
                0,
                0
              ]
            ]
          },
          "T00_cmt_is_zero": {
            "all_rows_decrypted": true,
            "exact": true,
            "max_abs_err": 0,
            "l1_err": 0,
            "diff": [
              [
                0,
                0,
                0,
                0
              ],
              [
                0,
                0,
                0,
                0
              ],
              [
                0,
                0,
                0,
                0
              ],
              [
                0,
                0,
                0,
                0
              ]
            ]
          },
          "line5_is_zero": {
            "all_rows_decrypted": true,
            "exact": true,
            "max_abs_err": 0,
            "l1_err": 0,
            "diff": [
              [
                0,
                0,
                0,
                0
              ],
              [
                0,
                0,
                0,
                0
              ],
              [
                0,
                0,
                0,
                0
              ],
              [
                0,
                0,
                0,
                0
              ]
            ]
          },
          "M10_M11_pair_equals_bonly": {
            "all_rows_decrypted": true,
            "exact": true,
            "max_abs_err": 0,
            "l1_err": 0,
            "diff": [
              [
                0,
                0,
                0,
                0
              ],
              [
                0,
                0,
                0,
                0
              ],
              [
                0,
                0,
                0,
                0
              ],
              [
                0,
                0,
                0,
                0
              ]
            ]
          },
          "full_equals_bonly": {
            "all_rows_decrypted": true,
            "exact": false,
            "max_abs_err": 24,
            "l1_err": 218,
            "diff": [
              [
                16,
                -8,
                -1,
                3
              ],
              [
                8,
                -24,
                -21,
                19
              ],
              [
                16,
                7,
                -15,
                20
              ],
              [
                8,
                18,
                -19,
                -15
              ]
            ]
          },
          "full_equals_U_T_matmul_V": {
            "all_rows_decrypted": true,
            "exact": false,
            "max_abs_err": 24,
            "l1_err": 218,
            "diff": [
              [
                16,
                -8,
                -1,
                3
              ],
              [
                8,
                -24,
                -21,
                19
              ],
              [
                16,
                7,
                -15,
                20
              ],
              [
                8,
                18,
                -19,
                -15
              ]
            ]
          }
        },
        "shape_summaries": {
          "line5_ks_inputs": {
            "num_rows": 4,
            "consistent_shape": true,
            "expected_parts": 3,
            "expected_towers": 4,
            "expected_ring_dim": 16384,
            "rows": [
              {
                "row_index": 0,
                "encoding_type": 1,
                "num_parts": 3,
                "level": 0,
                "slots": 0
              },
              {
                "row_index": 1,
                "encoding_type": 1,
                "num_parts": 3,
                "level": 0,
                "slots": 0
              },
              {
                "row_index": 2,
                "encoding_type": 1,
                "num_parts": 3,
                "level": 0,
                "slots": 0
              },
              {
                "row_index": 3,
                "encoding_type": 1,
                "num_parts": 3,
                "level": 0,
                "slots": 0
              }
            ]
          },
          "line5_ks_outputs": {
            "num_rows": 4,
            "consistent_shape": true,
            "expected_parts": 2,
            "expected_towers": 4,
            "expected_ring_dim": 16384,
            "rows": [
              {
                "row_index": 0,
                "encoding_type": 1,
                "num_parts": 2,
                "level": 0,
                "slots": 0
              },
              {
                "row_index": 1,
                "encoding_type": 1,
                "num_parts": 2,
                "level": 0,
                "slots": 0
              },
              {
                "row_index": 2,
                "encoding_type": 1,
                "num_parts": 2,
                "level": 0,
                "slots": 0
              },
              {
                "row_index": 3,
                "encoding_type": 1,
                "num_parts": 2,
                "level": 0,
                "slots": 0
              }
            ]
          },
          "line5_rows": {
            "num_rows": 4,
            "consistent_shape": true,
            "expected_parts": 2,
            "expected_towers": 4,
            "expected_ring_dim": 16384,
            "rows": [
              {
                "row_index": 0,
                "encoding_type": 1,
                "num_parts": 2,
                "level": 0,
                "slots": 0
              },
              {
                "row_index": 1,
                "encoding_type": 1,
                "num_parts": 2,
                "level": 0,
                "slots": 0
              },
              {
                "row_index": 2,
                "encoding_type": 1,
                "num_parts": 2,
                "level": 0,
                "slots": 0
              },
              {
                "row_index": 3,
                "encoding_type": 1,
                "num_parts": 2,
                "level": 0,
                "slots": 0
              }
            ]
          },
          "full_rows": {
            "num_rows": 4,
            "consistent_shape": true,
            "expected_parts": 2,
            "expected_towers": 4,
            "expected_ring_dim": 16384,
            "rows": [
              {
                "row_index": 0,
                "encoding_type": 1,
                "num_parts": 2,
                "level": 0,
                "slots": 0
              },
              {
                "row_index": 1,
                "encoding_type": 1,
                "num_parts": 2,
                "level": 0,
                "slots": 0
              },
              {
                "row_index": 2,
                "encoding_type": 1,
                "num_parts": 2,
                "level": 0,
                "slots": 0
              },
              {
                "row_index": 3,
                "encoding_type": 1,
                "num_parts": 2,
                "level": 0,
                "slots": 0
              }
            ]
          }
        }
      }
    },
    {
      "name": "random_small_times_identity",
      "input_U": [
        [
          -1,
          1,
          0,
          1
        ],
        [
          -2,
          0,
          -2,
          2
        ],
        [
          1,
          2,
          -2,
          2
        ],
        [
          1,
          -1,
          -1,
          -2
        ]
      ],
      "input_V": [
        [
          1,
          0,
          0,
          0
        ],
        [
          0,
          1,
          0,
          0
        ],
        [
          0,
          0,
          1,
          0
        ],
        [
          0,
          0,
          0,
          1
        ]
      ],
      "expected_bonly_U_T_matmul_V": [
        [
          -1,
          -2,
          1,
          1
        ],
        [
          1,
          0,
          2,
          -1
        ],
        [
          0,
          -2,
          -2,
          -1
        ],
        [
          1,
          2,
          2,
          -2
        ]
      ],
      "result": {
        "ppmm_zero_checks": {
          "M00_is_raw_zero": true,
          "M01_is_raw_zero": true,
          "M10_is_raw_zero": true,
          "M11_is_raw_zero": false
        },
        "exports": {
          "A_U_row0_tower0": [
            0,
            0,
            0,
            0
          ],
          "B_U_row0_tower0": [
            1152921504606748672,
            1152921504606748671,
            1,
            1
          ],
          "A_V_row0_tower0": [
            0,
            0,
            0,
            0
          ],
          "B_V_row0_tower0": [
            1,
            0,
            0,
            0
          ],
          "Ahat_export": {
            "part": 1,
            "num_rows": 4,
            "num_towers": 4,
            "ring_dim": 16384,
            "coeff_count": 16384,
            "row0_tower0_coeff_head": [
              0,
              0,
              0,
              0,
              0,
              0,
              0,
              0
            ]
          },
          "Bhat_export": {
            "part": 0,
            "num_rows": 4,
            "num_towers": 4,
            "ring_dim": 16384,
            "coeff_count": 16384,
            "row0_tower0_coeff_head": [
              0,
              0,
              0,
              0,
              0,
              0,
              0,
              0
            ]
          }
        },
        "decoded_terms": {
          "bonly": {
            "compress_reports": [
              {
                "row_index": 0,
                "ok": true,
                "error": null
              },
              {
                "row_index": 1,
                "ok": true,
                "error": null
              },
              {
                "row_index": 2,
                "ok": true,
                "error": null
              },
              {
                "row_index": 3,
                "ok": true,
                "error": null
              }
            ],
            "decrypt_reports": [
              {
                "row_index": 0,
                "ok": true,
                "error": null
              },
              {
                "row_index": 1,
                "ok": true,
                "error": null
              },
              {
                "row_index": 2,
                "ok": true,
                "error": null
              },
              {
                "row_index": 3,
                "ok": true,
                "error": null
              }
            ],
            "decoded": [
              [
                -1,
                -2,
                1,
                1
              ],
              [
                1,
                0,
                2,
                -1
              ],
              [
                0,
                -2,
                -2,
                -1
              ],
              [
                1,
                2,
                2,
                -2
              ]
            ]
          },
          "T01_cmt": {
            "compress_reports": [
              {
                "row_index": 0,
                "ok": true,
                "error": null
              },
              {
                "row_index": 1,
                "ok": true,
                "error": null
              },
              {
                "row_index": 2,
                "ok": true,
                "error": null
              },
              {
                "row_index": 3,
                "ok": true,
                "error": null
              }
            ],
            "decrypt_reports": [
              {
                "row_index": 0,
                "ok": true,
                "error": null
              },
              {
                "row_index": 1,
                "ok": true,
                "error": null
              },
              {
                "row_index": 2,
                "ok": true,
                "error": null
              },
              {
                "row_index": 3,
                "ok": true,
                "error": null
              }
            ],
            "decoded": [
              [
                0,
                0,
                0,
                0
              ],
              [
                0,
                0,
                0,
                0
              ],
              [
                0,
                0,
                0,
                0
              ],
              [
                0,
                0,
                0,
                0
              ]
            ]
          },
          "T00_cmt": {
            "compress_reports": [
              {
                "row_index": 0,
                "ok": true,
                "error": null
              },
              {
                "row_index": 1,
                "ok": true,
                "error": null
              },
              {
                "row_index": 2,
                "ok": true,
                "error": null
              },
              {
                "row_index": 3,
                "ok": true,
                "error": null
              }
            ],
            "decrypt_reports": [
              {
                "row_index": 0,
                "ok": true,
                "error": null
              },
              {
                "row_index": 1,
                "ok": true,
                "error": null
              },
              {
                "row_index": 2,
                "ok": true,
                "error": null
              },
              {
                "row_index": 3,
                "ok": true,
                "error": null
              }
            ],
            "decoded": [
              [
                0,
                0,
                0,
                0
              ],
              [
                0,
                0,
                0,
                0
              ],
              [
                0,
                0,
                0,
                0
              ],
              [
                0,
                0,
                0,
                0
              ]
            ]
          },
          "line5": {
            "compress_reports": [
              {
                "row_index": 0,
                "ok": true,
                "error": null
              },
              {
                "row_index": 1,
                "ok": true,
                "error": null
              },
              {
                "row_index": 2,
                "ok": true,
                "error": null
              },
              {
                "row_index": 3,
                "ok": true,
                "error": null
              }
            ],
            "decrypt_reports": [
              {
                "row_index": 0,
                "ok": true,
                "error": null
              },
              {
                "row_index": 1,
                "ok": true,
                "error": null
              },
              {
                "row_index": 2,
                "ok": true,
                "error": null
              },
              {
                "row_index": 3,
                "ok": true,
                "error": null
              }
            ],
            "decoded": [
              [
                0,
                0,
                0,
                0
              ],
              [
                0,
                0,
                0,
                0
              ],
              [
                0,
                0,
                0,
                0
              ],
              [
                0,
                0,
                0,
                0
              ]
            ]
          },
          "M10_M11_pair": {
            "compress_reports": [
              {
                "row_index": 0,
                "ok": true,
                "error": null
              },
              {
                "row_index": 1,
                "ok": true,
                "error": null
              },
              {
                "row_index": 2,
                "ok": true,
                "error": null
              },
              {
                "row_index": 3,
                "ok": true,
                "error": null
              }
            ],
            "decrypt_reports": [
              {
                "row_index": 0,
                "ok": true,
                "error": null
              },
              {
                "row_index": 1,
                "ok": true,
                "error": null
              },
              {
                "row_index": 2,
                "ok": true,
                "error": null
              },
              {
                "row_index": 3,
                "ok": true,
                "error": null
              }
            ],
            "decoded": [
              [
                -1,
                -2,
                1,
                1
              ],
              [
                1,
                0,
                2,
                -1
              ],
              [
                0,
                -2,
                -2,
                -1
              ],
              [
                1,
                2,
                2,
                -2
              ]
            ]
          },
          "full": {
            "compress_reports": [
              {
                "row_index": 0,
                "ok": true,
                "error": null
              },
              {
                "row_index": 1,
                "ok": true,
                "error": null
              },
              {
                "row_index": 2,
                "ok": true,
                "error": null
              },
              {
                "row_index": 3,
                "ok": true,
                "error": null
              }
            ],
            "decrypt_reports": [
              {
                "row_index": 0,
                "ok": true,
                "error": null
              },
              {
                "row_index": 1,
                "ok": true,
                "error": null
              },
              {
                "row_index": 2,
                "ok": true,
                "error": null
              },
              {
                "row_index": 3,
                "ok": true,
                "error": null
              }
            ],
            "decoded": [
              [
                8,
                -4,
                -4,
                -23
              ],
              [
                -16,
                -6,
                0,
                -24
              ],
              [
                -10,
                -24,
                20,
                21
              ],
              [
                -24,
                -9,
                -13,
                5
              ]
            ]
          }
        },
        "term_comparisons": {
          "bonly_equals_U_T_matmul_V": {
            "all_rows_decrypted": true,
            "exact": true,
            "max_abs_err": 0,
            "l1_err": 0,
            "diff": [
              [
                0,
                0,
                0,
                0
              ],
              [
                0,
                0,
                0,
                0
              ],
              [
                0,
                0,
                0,
                0
              ],
              [
                0,
                0,
                0,
                0
              ]
            ]
          },
          "T01_cmt_is_zero": {
            "all_rows_decrypted": true,
            "exact": true,
            "max_abs_err": 0,
            "l1_err": 0,
            "diff": [
              [
                0,
                0,
                0,
                0
              ],
              [
                0,
                0,
                0,
                0
              ],
              [
                0,
                0,
                0,
                0
              ],
              [
                0,
                0,
                0,
                0
              ]
            ]
          },
          "T00_cmt_is_zero": {
            "all_rows_decrypted": true,
            "exact": true,
            "max_abs_err": 0,
            "l1_err": 0,
            "diff": [
              [
                0,
                0,
                0,
                0
              ],
              [
                0,
                0,
                0,
                0
              ],
              [
                0,
                0,
                0,
                0
              ],
              [
                0,
                0,
                0,
                0
              ]
            ]
          },
          "line5_is_zero": {
            "all_rows_decrypted": true,
            "exact": true,
            "max_abs_err": 0,
            "l1_err": 0,
            "diff": [
              [
                0,
                0,
                0,
                0
              ],
              [
                0,
                0,
                0,
                0
              ],
              [
                0,
                0,
                0,
                0
              ],
              [
                0,
                0,
                0,
                0
              ]
            ]
          },
          "M10_M11_pair_equals_bonly": {
            "all_rows_decrypted": true,
            "exact": true,
            "max_abs_err": 0,
            "l1_err": 0,
            "diff": [
              [
                0,
                0,
                0,
                0
              ],
              [
                0,
                0,
                0,
                0
              ],
              [
                0,
                0,
                0,
                0
              ],
              [
                0,
                0,
                0,
                0
              ]
            ]
          },
          "full_equals_bonly": {
            "all_rows_decrypted": true,
            "exact": false,
            "max_abs_err": 25,
            "l1_err": 222,
            "diff": [
              [
                9,
                -2,
                -5,
                -24
              ],
              [
                -17,
                -6,
                -2,
                -23
              ],
              [
                -10,
                -22,
                22,
                22
              ],
              [
                -25,
                -11,
                -15,
                7
              ]
            ]
          },
          "full_equals_U_T_matmul_V": {
            "all_rows_decrypted": true,
            "exact": false,
            "max_abs_err": 25,
            "l1_err": 222,
            "diff": [
              [
                9,
                -2,
                -5,
                -24
              ],
              [
                -17,
                -6,
                -2,
                -23
              ],
              [
                -10,
                -22,
                22,
                22
              ],
              [
                -25,
                -11,
                -15,
                7
              ]
            ]
          }
        },
        "shape_summaries": {
          "line5_ks_inputs": {
            "num_rows": 4,
            "consistent_shape": true,
            "expected_parts": 3,
            "expected_towers": 4,
            "expected_ring_dim": 16384,
            "rows": [
              {
                "row_index": 0,
                "encoding_type": 1,
                "num_parts": 3,
                "level": 0,
                "slots": 0
              },
              {
                "row_index": 1,
                "encoding_type": 1,
                "num_parts": 3,
                "level": 0,
                "slots": 0
              },
              {
                "row_index": 2,
                "encoding_type": 1,
                "num_parts": 3,
                "level": 0,
                "slots": 0
              },
              {
                "row_index": 3,
                "encoding_type": 1,
                "num_parts": 3,
                "level": 0,
                "slots": 0
              }
            ]
          },
          "line5_ks_outputs": {
            "num_rows": 4,
            "consistent_shape": true,
            "expected_parts": 2,
            "expected_towers": 4,
            "expected_ring_dim": 16384,
            "rows": [
              {
                "row_index": 0,
                "encoding_type": 1,
                "num_parts": 2,
                "level": 0,
                "slots": 0
              },
              {
                "row_index": 1,
                "encoding_type": 1,
                "num_parts": 2,
                "level": 0,
                "slots": 0
              },
              {
                "row_index": 2,
                "encoding_type": 1,
                "num_parts": 2,
                "level": 0,
                "slots": 0
              },
              {
                "row_index": 3,
                "encoding_type": 1,
                "num_parts": 2,
                "level": 0,
                "slots": 0
              }
            ]
          },
          "line5_rows": {
            "num_rows": 4,
            "consistent_shape": true,
            "expected_parts": 2,
            "expected_towers": 4,
            "expected_ring_dim": 16384,
            "rows": [
              {
                "row_index": 0,
                "encoding_type": 1,
                "num_parts": 2,
                "level": 0,
                "slots": 0
              },
              {
                "row_index": 1,
                "encoding_type": 1,
                "num_parts": 2,
                "level": 0,
                "slots": 0
              },
              {
                "row_index": 2,
                "encoding_type": 1,
                "num_parts": 2,
                "level": 0,
                "slots": 0
              },
              {
                "row_index": 3,
                "encoding_type": 1,
                "num_parts": 2,
                "level": 0,
                "slots": 0
              }
            ]
          },
          "full_rows": {
            "num_rows": 4,
            "consistent_shape": true,
            "expected_parts": 2,
            "expected_towers": 4,
            "expected_ring_dim": 16384,
            "rows": [
              {
                "row_index": 0,
                "encoding_type": 1,
                "num_parts": 2,
                "level": 0,
                "slots": 0
              },
              {
                "row_index": 1,
                "encoding_type": 1,
                "num_parts": 2,
                "level": 0,
                "slots": 0
              },
              {
                "row_index": 2,
                "encoding_type": 1,
                "num_parts": 2,
                "level": 0,
                "slots": 0
              },
              {
                "row_index": 3,
                "encoding_type": 1,
                "num_parts": 2,
                "level": 0,
                "slots": 0
              }
            ]
          }
        }
      }
    }
  ],
  "checks": {
    "M00_all_raw_zero（transparent 输入下 M00 全部为 raw zero）": true,
    "M01_all_raw_zero（transparent 输入下 M01 全部为 raw zero）": true,
    "M10_all_raw_zero（transparent 输入下 M10 全部为 raw zero）": true,
    "M11_not_all_raw_zero（至少部分 M11 非零）": true,
    "bonly_all_equals_U_T_matmul_V（B-only 全部等于 U.T@V）": true,
    "T01_cmt_all_zero（Transpose((M01,0)) 全部解密为 0）": true,
    "T00_cmt_all_zero（Transpose((M00,0)) 全部解密为 0）": true,
    "line5_all_zero（line5 全部解密为 0）": true,
    "M10_M11_pair_all_equals_bonly（line6 的 (M10,M11) 项全部等于 B-only）": true,
    "full_all_equals_bonly（full pipeline 全部等于 B-only）": false,
    "full_all_equals_U_T_matmul_V（full pipeline 全部等于 U.T@V）": false,
    "all_line5_ks_inputs_are_3part（line5 KS inputs 均为三分量）": true,
    "all_line5_rows_are_2part（line5 rows 均为二分量）": true,
    "all_full_rows_are_2part（full rows 均为二分量）": true
  },
  "summary": {
    "if_all_true": "The oracle full pipeline is internally consistent for transparent inputs and equals U.T@V. X7g mismatch was due to reference expectation, not implementation.",
    "if_zero_ppmm_false": "A_U/A_V are not actually zero; inspect transparent component extraction.",
    "if_T01_or_T00_false": "Oracle C-MT or zero temporary bundle construction is not preserving zero in the actual full path.",
    "if_line5_false": "Relinearize or Bhat placement introduces nonzero from zero Ahat/Bhat.",
    "if_full_not_bonly_but_terms_zero": "Add path or M10/M11 pair assembly is wrong.",
    "next_step": "WP4-X7j",
    "zh": "X7i 会定位 X7g full pipeline 与 B-only 的差异来自哪个项。"
  }
}
====================================================================================================
saved: /workspace/FIDESlib-GPT/reports/wp4x7i_full_vs_bonly_term_isolation_report.json
Cuda failure /root/fideslib/src/CKKS/Context.cu:841: 'driver shutting down'
