GPU 0: NVIDIA GeForce RTX 4090
 SMs: 128, SharedMem: 100 KB, Blocks/SM: 24, Threads/SM: 1536, L2 size: 72 MB, Bus: 384-bit
GPU 1: NVIDIA GeForce RTX 4090
 SMs: 128, SharedMem: 100 KB, Blocks/SM: 24, Threads/SM: 1536, L2 size: 72 MB, Bus: 384-bit
GPU 2: NVIDIA GeForce RTX 4090
 SMs: 128, SharedMem: 100 KB, Blocks/SM: 24, Threads/SM: 1536, L2 size: 72 MB, Bus: 384-bit
GPU 3: NVIDIA GeForce RTX 4090
 SMs: 128, SharedMem: 100 KB, Blocks/SM: 24, Threads/SM: 1536, L2 size: 72 MB, Bus: 384-bit
GPU 4: NVIDIA GeForce RTX 4090
 SMs: 128, SharedMem: 100 KB, Blocks/SM: 24, Threads/SM: 1536, L2 size: 72 MB, Bus: 384-bit
GPU 5: NVIDIA GeForce RTX 4090
 SMs: 128, SharedMem: 100 KB, Blocks/SM: 24, Threads/SM: 1536, L2 size: 72 MB, Bus: 384-bit
GPU 6: NVIDIA GeForce RTX 4090
 SMs: 128, SharedMem: 100 KB, Blocks/SM: 24, Threads/SM: 1536, L2 size: 72 MB, Bus: 384-bit
GPU 7: NVIDIA GeForce RTX 4090
 SMs: 128, SharedMem: 100 KB, Blocks/SM: 24, Threads/SM: 1536, L2 size: 72 MB, Bus: 384-bit
====================================================================================================
WP4-X7b convention sweep
{
  "experiment": "wp4x7b_convention_sweep",
  "purpose": "Sweep PP-MM orientation and component order conventions for the full paper-shaped Algorithm 3 pipeline on one-hot cases.",
  "status": "diagnostic_convention_sweep_no_code_promotion",
  "n": 4,
  "sweep_dimensions": {
    "ppmm_left_T": [
      false,
      true
    ],
    "ppmm_right_T": [
      false,
      true
    ],
    "temp_pair_mapping": [
      "normal_c0B_c1A",
      "swapped_c0A_c1B"
    ],
    "line6_pair_mapping": [
      "normal_c0B_c1A",
      "swapped_c0A_c1B"
    ]
  },
  "cases": [
    {
      "name": "basis_E00_times_E00",
      "zh": "理论输出 E00",
      "input_U": [
        [
          1,
          0,
          0,
          0
        ],
        [
          0,
          0,
          0,
          0
        ],
        [
          0,
          0,
          0,
          0
        ],
        [
          0,
          0,
          0,
          0
        ]
      ],
      "input_V": [
        [
          1,
          0,
          0,
          0
        ],
        [
          0,
          0,
          0,
          0
        ],
        [
          0,
          0,
          0,
          0
        ],
        [
          0,
          0,
          0,
          0
        ]
      ],
      "reference_U_matmul_V": [
        [
          1,
          0,
          0,
          0
        ],
        [
          0,
          0,
          0,
          0
        ],
        [
          0,
          0,
          0,
          0
        ],
        [
          0,
          0,
          0,
          0
        ]
      ]
    },
    {
      "name": "basis_E01_times_E10",
      "zh": "理论输出 E00",
      "input_U": [
        [
          0,
          1,
          0,
          0
        ],
        [
          0,
          0,
          0,
          0
        ],
        [
          0,
          0,
          0,
          0
        ],
        [
          0,
          0,
          0,
          0
        ]
      ],
      "input_V": [
        [
          0,
          0,
          0,
          0
        ],
        [
          1,
          0,
          0,
          0
        ],
        [
          0,
          0,
          0,
          0
        ],
        [
          0,
          0,
          0,
          0
        ]
      ],
      "reference_U_matmul_V": [
        [
          1,
          0,
          0,
          0
        ],
        [
          0,
          0,
          0,
          0
        ],
        [
          0,
          0,
          0,
          0
        ],
        [
          0,
          0,
          0,
          0
        ]
      ]
    },
    {
      "name": "basis_E01_times_E12",
      "zh": "理论输出 E02",
      "input_U": [
        [
          0,
          1,
          0,
          0
        ],
        [
          0,
          0,
          0,
          0
        ],
        [
          0,
          0,
          0,
          0
        ],
        [
          0,
          0,
          0,
          0
        ]
      ],
      "input_V": [
        [
          0,
          0,
          0,
          0
        ],
        [
          0,
          0,
          1,
          0
        ],
        [
          0,
          0,
          0,
          0
        ],
        [
          0,
          0,
          0,
          0
        ]
      ],
      "reference_U_matmul_V": [
        [
          0,
          0,
          1,
          0
        ],
        [
          0,
          0,
          0,
          0
        ],
        [
          0,
          0,
          0,
          0
        ],
        [
          0,
          0,
          0,
          0
        ]
      ]
    },
    {
      "name": "basis_E23_times_E31",
      "zh": "理论输出 E21",
      "input_U": [
        [
          0,
          0,
          0,
          0
        ],
        [
          0,
          0,
          0,
          0
        ],
        [
          0,
          0,
          0,
          1
        ],
        [
          0,
          0,
          0,
          0
        ]
      ],
      "input_V": [
        [
          0,
          0,
          0,
          0
        ],
        [
          0,
          0,
          0,
          0
        ],
        [
          0,
          0,
          0,
          0
        ],
        [
          0,
          1,
          0,
          0
        ]
      ],
      "reference_U_matmul_V": [
        [
          0,
          0,
          0,
          0
        ],
        [
          0,
          0,
          0,
          0
        ],
        [
          0,
          1,
          0,
          0
        ],
        [
          0,
          0,
          0,
          0
        ]
      ]
    }
  ],
  "variant_results": [
    {
      "variant": {
        "ppmm_left_T": false,
        "ppmm_right_T": false,
        "temp_pair_mapping": "normal_c0B_c1A",
        "line6_pair_mapping": "normal_c0B_c1A",
        "id": "LI_RI_pair-normal_c0B_c1A_line6-normal_c0B_c1A"
      },
      "score": {
        "exact_count": 0,
        "all_decrypted_count": 4,
        "total_l1_err": 783,
        "one_hot_got_nnz_total": 62
      },
      "case_results": [
        {
          "name": "basis_E00_times_E00",
          "reference": [
            [
              1,
              0,
              0,
              0
            ],
            [
              0,
              0,
              0,
              0
            ],
            [
              0,
              0,
              0,
              0
            ],
            [
              0,
              0,
              0,
              0
            ]
          ],
          "decoded": [
            [
              19,
              9,
              9,
              -4
            ],
            [
              -13,
              19,
              -16,
              23
            ],
            [
              -6,
              3,
              6,
              -18
            ],
            [
              7,
              -8,
              6,
              -9
            ]
          ],
          "analysis": {
            "all_rows_decrypted": true,
            "exact": false,
            "max_abs_err": 23,
            "l1_err": 174,
            "nonzero_positions_got": [
              [
                0,
                0,
                19
              ],
              [
                0,
                1,
                9
              ],
              [
                0,
                2,
                9
              ],
              [
                0,
                3,
                -4
              ],
              [
                1,
                0,
                -13
              ],
              [
                1,
                1,
                19
              ],
              [
                1,
                2,
                -16
              ],
              [
                1,
                3,
                23
              ],
              [
                2,
                0,
                -6
              ],
              [
                2,
                1,
                3
              ],
              [
                2,
                2,
                6
              ],
              [
                2,
                3,
                -18
              ],
              [
                3,
                0,
                7
              ],
              [
                3,
                1,
                -8
              ],
              [
                3,
                2,
                6
              ],
              [
                3,
                3,
                -9
              ]
            ],
            "nonzero_positions_ref": [
              [
                0,
                0,
                1
              ]
            ]
          },
          "trace_summary": {
            "U_cmt_auto_alphas": [
              1,
              3,
              5,
              7
            ],
            "T01_cmt_auto_alphas": [
              1,
              3,
              5,
              7
            ],
            "T00_cmt_auto_alphas": [
              1,
              3,
              5,
              7
            ],
            "extract_Ahat_Bhat": {
              "mapping": "normal_c0B_c1A",
              "A_part": 1,
              "B_part": 0
            },
            "line6_pre_parts": 2
          }
        },
        {
          "name": "basis_E01_times_E10",
          "reference": [
            [
              1,
              0,
              0,
              0
            ],
            [
              0,
              0,
              0,
              0
            ],
            [
              0,
              0,
              0,
              0
            ],
            [
              0,
              0,
              0,
              0
            ]
          ],
          "decoded": [
            [
              -19,
              -19,
              -9,
              -4
            ],
            [
              4,
              6,
              21,
              23
            ],
            [
              -21,
              -6,
              21,
              20
            ],
            [
              15,
              18,
              -16,
              -2
            ]
          ],
          "analysis": {
            "all_rows_decrypted": true,
            "exact": false,
            "max_abs_err": 23,
            "l1_err": 225,
            "nonzero_positions_got": [
              [
                0,
                0,
                -19
              ],
              [
                0,
                1,
                -19
              ],
              [
                0,
                2,
                -9
              ],
              [
                0,
                3,
                -4
              ],
              [
                1,
                0,
                4
              ],
              [
                1,
                1,
                6
              ],
              [
                1,
                2,
                21
              ],
              [
                1,
                3,
                23
              ],
              [
                2,
                0,
                -21
              ],
              [
                2,
                1,
                -6
              ],
              [
                2,
                2,
                21
              ],
              [
                2,
                3,
                20
              ],
              [
                3,
                0,
                15
              ],
              [
                3,
                1,
                18
              ],
              [
                3,
                2,
                -16
              ],
              [
                3,
                3,
                -2
              ]
            ],
            "nonzero_positions_ref": [
              [
                0,
                0,
                1
              ]
            ]
          },
          "trace_summary": {
            "U_cmt_auto_alphas": [
              1,
              3,
              5,
              7
            ],
            "T01_cmt_auto_alphas": [
              1,
              3,
              5,
              7
            ],
            "T00_cmt_auto_alphas": [
              1,
              3,
              5,
              7
            ],
            "extract_Ahat_Bhat": {
              "mapping": "normal_c0B_c1A",
              "A_part": 1,
              "B_part": 0
            },
            "line6_pre_parts": 2
          }
        },
        {
          "name": "basis_E01_times_E12",
          "reference": [
            [
              0,
              0,
              1,
              0
            ],
            [
              0,
              0,
              0,
              0
            ],
            [
              0,
              0,
              0,
              0
            ],
            [
              0,
              0,
              0,
              0
            ]
          ],
          "decoded": [
            [
              -20,
              -7,
              6,
              -16
            ],
            [
              14,
              13,
              2,
              10
            ],
            [
              6,
              -6,
              0,
              -10
            ],
            [
              -19,
              21,
              -11,
              5
            ]
          ],
          "analysis": {
            "all_rows_decrypted": true,
            "exact": false,
            "max_abs_err": 21,
            "l1_err": 165,
            "nonzero_positions_got": [
              [
                0,
                0,
                -20
              ],
              [
                0,
                1,
                -7
              ],
              [
                0,
                2,
                6
              ],
              [
                0,
                3,
                -16
              ],
              [
                1,
                0,
                14
              ],
              [
                1,
                1,
                13
              ],
              [
                1,
                2,
                2
              ],
              [
                1,
                3,
                10
              ],
              [
                2,
                0,
                6
              ],
              [
                2,
                1,
                -6
              ],
              [
                2,
                3,
                -10
              ],
              [
                3,
                0,
                -19
              ],
              [
                3,
                1,
                21
              ],
              [
                3,
                2,
                -11
              ],
              [
                3,
                3,
                5
              ]
            ],
            "nonzero_positions_ref": [
              [
                0,
                2,
                1
              ]
            ]
          },
          "trace_summary": {
            "U_cmt_auto_alphas": [
              1,
              3,
              5,
              7
            ],
            "T01_cmt_auto_alphas": [
              1,
              3,
              5,
              7
            ],
            "T00_cmt_auto_alphas": [
              1,
              3,
              5,
              7
            ],
            "extract_Ahat_Bhat": {
              "mapping": "normal_c0B_c1A",
              "A_part": 1,
              "B_part": 0
            },
            "line6_pre_parts": 2
          }
        },
        {
          "name": "basis_E23_times_E31",
          "reference": [
            [
              0,
              0,
              0,
              0
            ],
            [
              0,
              0,
              0,
              0
            ],
            [
              0,
              1,
              0,
              0
            ],
            [
              0,
              0,
              0,
              0
            ]
          ],
          "decoded": [
            [
              -19,
              -3,
              -19,
              21
            ],
            [
              -11,
              1,
              -11,
              18
            ],
            [
              -23,
              0,
              -15,
              16
            ],
            [
              -17,
              -10,
              13,
              21
            ]
          ],
          "analysis": {
            "all_rows_decrypted": true,
            "exact": false,
            "max_abs_err": 23,
            "l1_err": 219,
            "nonzero_positions_got": [
              [
                0,
                0,
                -19
              ],
              [
                0,
                1,
                -3
              ],
              [
                0,
                2,
                -19
              ],
              [
                0,
                3,
                21
              ],
              [
                1,
                0,
                -11
              ],
              [
                1,
                1,
                1
              ],
              [
                1,
                2,
                -11
              ],
              [
                1,
                3,
                18
              ],
              [
                2,
                0,
                -23
              ],
              [
                2,
                2,
                -15
              ],
              [
                2,
                3,
                16
              ],
              [
                3,
                0,
                -17
              ],
              [
                3,
                1,
                -10
              ],
              [
                3,
                2,
                13
              ],
              [
                3,
                3,
                21
              ]
            ],
            "nonzero_positions_ref": [
              [
                2,
                1,
                1
              ]
            ]
          },
          "trace_summary": {
            "U_cmt_auto_alphas": [
              1,
              3,
              5,
              7
            ],
            "T01_cmt_auto_alphas": [
              1,
              3,
              5,
              7
            ],
            "T00_cmt_auto_alphas": [
              1,
              3,
              5,
              7
            ],
            "extract_Ahat_Bhat": {
              "mapping": "normal_c0B_c1A",
              "A_part": 1,
              "B_part": 0
            },
            "line6_pre_parts": 2
          }
        }
      ]
    },
    {
      "variant": {
        "ppmm_left_T": false,
        "ppmm_right_T": false,
        "temp_pair_mapping": "normal_c0B_c1A",
        "line6_pair_mapping": "swapped_c0A_c1B",
        "id": "LI_RI_pair-normal_c0B_c1A_line6-swapped_c0A_c1B"
      },
      "score": {
        "exact_count": 0,
        "all_decrypted_count": 4,
        "total_l1_err": 900,
        "one_hot_got_nnz_total": 62
      },
      "case_results": [
        {
          "name": "basis_E00_times_E00",
          "reference": [
            [
              1,
              0,
              0,
              0
            ],
            [
              0,
              0,
              0,
              0
            ],
            [
              0,
              0,
              0,
              0
            ],
            [
              0,
              0,
              0,
              0
            ]
          ],
          "decoded": [
            [
              -22,
              -24,
              -11,
              -19
            ],
            [
              -19,
              12,
              -7,
              -10
            ],
            [
              11,
              8,
              0,
              -6
            ],
            [
              -5,
              21,
              -13,
              -14
            ]
          ],
          "analysis": {
            "all_rows_decrypted": true,
            "exact": false,
            "max_abs_err": 24,
            "l1_err": 203,
            "nonzero_positions_got": [
              [
                0,
                0,
                -22
              ],
              [
                0,
                1,
                -24
              ],
              [
                0,
                2,
                -11
              ],
              [
                0,
                3,
                -19
              ],
              [
                1,
                0,
                -19
              ],
              [
                1,
                1,
                12
              ],
              [
                1,
                2,
                -7
              ],
              [
                1,
                3,
                -10
              ],
              [
                2,
                0,
                11
              ],
              [
                2,
                1,
                8
              ],
              [
                2,
                3,
                -6
              ],
              [
                3,
                0,
                -5
              ],
              [
                3,
                1,
                21
              ],
              [
                3,
                2,
                -13
              ],
              [
                3,
                3,
                -14
              ]
            ],
            "nonzero_positions_ref": [
              [
                0,
                0,
                1
              ]
            ]
          },
          "trace_summary": {
            "U_cmt_auto_alphas": [
              1,
              3,
              5,
              7
            ],
            "T01_cmt_auto_alphas": [
              1,
              3,
              5,
              7
            ],
            "T00_cmt_auto_alphas": [
              1,
              3,
              5,
              7
            ],
            "extract_Ahat_Bhat": {
              "mapping": "normal_c0B_c1A",
              "A_part": 1,
              "B_part": 0
            },
            "line6_pre_parts": 2
          }
        },
        {
          "name": "basis_E01_times_E10",
          "reference": [
            [
              1,
              0,
              0,
              0
            ],
            [
              0,
              0,
              0,
              0
            ],
            [
              0,
              0,
              0,
              0
            ],
            [
              0,
              0,
              0,
              0
            ]
          ],
          "decoded": [
            [
              -19,
              21,
              -16,
              -20
            ],
            [
              6,
              -18,
              -21,
              -21
            ],
            [
              23,
              -20,
              18,
              12
            ],
            [
              10,
              21,
              -10,
              20
            ]
          ],
          "analysis": {
            "all_rows_decrypted": true,
            "exact": false,
            "max_abs_err": 23,
            "l1_err": 277,
            "nonzero_positions_got": [
              [
                0,
                0,
                -19
              ],
              [
                0,
                1,
                21
              ],
              [
                0,
                2,
                -16
              ],
              [
                0,
                3,
                -20
              ],
              [
                1,
                0,
                6
              ],
              [
                1,
                1,
                -18
              ],
              [
                1,
                2,
                -21
              ],
              [
                1,
                3,
                -21
              ],
              [
                2,
                0,
                23
              ],
              [
                2,
                1,
                -20
              ],
              [
                2,
                2,
                18
              ],
              [
                2,
                3,
                12
              ],
              [
                3,
                0,
                10
              ],
              [
                3,
                1,
                21
              ],
              [
                3,
                2,
                -10
              ],
              [
                3,
                3,
                20
              ]
            ],
            "nonzero_positions_ref": [
              [
                0,
                0,
                1
              ]
            ]
          },
          "trace_summary": {
            "U_cmt_auto_alphas": [
              1,
              3,
              5,
              7
            ],
            "T01_cmt_auto_alphas": [
              1,
              3,
              5,
              7
            ],
            "T00_cmt_auto_alphas": [
              1,
              3,
              5,
              7
            ],
            "extract_Ahat_Bhat": {
              "mapping": "normal_c0B_c1A",
              "A_part": 1,
              "B_part": 0
            },
            "line6_pre_parts": 2
          }
        },
        {
          "name": "basis_E01_times_E12",
          "reference": [
            [
              0,
              0,
              1,
              0
            ],
            [
              0,
              0,
              0,
              0
            ],
            [
              0,
              0,
              0,
              0
            ],
            [
              0,
              0,
              0,
              0
            ]
          ],
          "decoded": [
            [
              -18,
              -16,
              22,
              2
            ],
            [
              -24,
              -9,
              -1,
              24
            ],
            [
              -3,
              2,
              25,
              -19
            ],
            [
              -12,
              -10,
              5,
              23
            ]
          ],
          "analysis": {
            "all_rows_decrypted": true,
            "exact": false,
            "max_abs_err": 25,
            "l1_err": 214,
            "nonzero_positions_got": [
              [
                0,
                0,
                -18
              ],
              [
                0,
                1,
                -16
              ],
              [
                0,
                2,
                22
              ],
              [
                0,
                3,
                2
              ],
              [
                1,
                0,
                -24
              ],
              [
                1,
                1,
                -9
              ],
              [
                1,
                2,
                -1
              ],
              [
                1,
                3,
                24
              ],
              [
                2,
                0,
                -3
              ],
              [
                2,
                1,
                2
              ],
              [
                2,
                2,
                25
              ],
              [
                2,
                3,
                -19
              ],
              [
                3,
                0,
                -12
              ],
              [
                3,
                1,
                -10
              ],
              [
                3,
                2,
                5
              ],
              [
                3,
                3,
                23
              ]
            ],
            "nonzero_positions_ref": [
              [
                0,
                2,
                1
              ]
            ]
          },
          "trace_summary": {
            "U_cmt_auto_alphas": [
              1,
              3,
              5,
              7
            ],
            "T01_cmt_auto_alphas": [
              1,
              3,
              5,
              7
            ],
            "T00_cmt_auto_alphas": [
              1,
              3,
              5,
              7
            ],
            "extract_Ahat_Bhat": {
              "mapping": "normal_c0B_c1A",
              "A_part": 1,
              "B_part": 0
            },
            "line6_pre_parts": 2
          }
        },
        {
          "name": "basis_E23_times_E31",
          "reference": [
            [
              0,
              0,
              0,
              0
            ],
            [
              0,
              0,
              0,
              0
            ],
            [
              0,
              1,
              0,
              0
            ],
            [
              0,
              0,
              0,
              0
            ]
          ],
          "decoded": [
            [
              9,
              -18,
              -3,
              14
            ],
            [
              -17,
              -23,
              0,
              13
            ],
            [
              17,
              -16,
              6,
              -11
            ],
            [
              23,
              17,
              3,
              -15
            ]
          ],
          "analysis": {
            "all_rows_decrypted": true,
            "exact": false,
            "max_abs_err": 23,
            "l1_err": 206,
            "nonzero_positions_got": [
              [
                0,
                0,
                9
              ],
              [
                0,
                1,
                -18
              ],
              [
                0,
                2,
                -3
              ],
              [
                0,
                3,
                14
              ],
              [
                1,
                0,
                -17
              ],
              [
                1,
                1,
                -23
              ],
              [
                1,
                3,
                13
              ],
              [
                2,
                0,
                17
              ],
              [
                2,
                1,
                -16
              ],
              [
                2,
                2,
                6
              ],
              [
                2,
                3,
                -11
              ],
              [
                3,
                0,
                23
              ],
              [
                3,
                1,
                17
              ],
              [
                3,
                2,
                3
              ],
              [
                3,
                3,
                -15
              ]
            ],
            "nonzero_positions_ref": [
              [
                2,
                1,
                1
              ]
            ]
          },
          "trace_summary": {
            "U_cmt_auto_alphas": [
              1,
              3,
              5,
              7
            ],
            "T01_cmt_auto_alphas": [
              1,
              3,
              5,
              7
            ],
            "T00_cmt_auto_alphas": [
              1,
              3,
              5,
              7
            ],
            "extract_Ahat_Bhat": {
              "mapping": "normal_c0B_c1A",
              "A_part": 1,
              "B_part": 0
            },
            "line6_pre_parts": 2
          }
        }
      ]
    },
    {
      "variant": {
        "ppmm_left_T": false,
        "ppmm_right_T": false,
        "temp_pair_mapping": "swapped_c0A_c1B",
        "line6_pair_mapping": "normal_c0B_c1A",
        "id": "LI_RI_pair-swapped_c0A_c1B_line6-normal_c0B_c1A"
      },
      "score": {
        "exact_count": 0,
        "all_decrypted_count": 4,
        "total_l1_err": 907,
        "one_hot_got_nnz_total": 62
      },
      "case_results": [
        {
          "name": "basis_E00_times_E00",
          "reference": [
            [
              1,
              0,
              0,
              0
            ],
            [
              0,
              0,
              0,
              0
            ],
            [
              0,
              0,
              0,
              0
            ],
            [
              0,
              0,
              0,
              0
            ]
          ],
          "decoded": [
            [
              7,
              -18,
              -10,
              15
            ],
            [
              -16,
              12,
              -14,
              -5
            ],
            [
              18,
              21,
              21,
              18
            ],
            [
              -8,
              -23,
              -11,
              3
            ]
          ],
          "analysis": {
            "all_rows_decrypted": true,
            "exact": false,
            "max_abs_err": 23,
            "l1_err": 219,
            "nonzero_positions_got": [
              [
                0,
                0,
                7
              ],
              [
                0,
                1,
                -18
              ],
              [
                0,
                2,
                -10
              ],
              [
                0,
                3,
                15
              ],
              [
                1,
                0,
                -16
              ],
              [
                1,
                1,
                12
              ],
              [
                1,
                2,
                -14
              ],
              [
                1,
                3,
                -5
              ],
              [
                2,
                0,
                18
              ],
              [
                2,
                1,
                21
              ],
              [
                2,
                2,
                21
              ],
              [
                2,
                3,
                18
              ],
              [
                3,
                0,
                -8
              ],
              [
                3,
                1,
                -23
              ],
              [
                3,
                2,
                -11
              ],
              [
                3,
                3,
                3
              ]
            ],
            "nonzero_positions_ref": [
              [
                0,
                0,
                1
              ]
            ]
          },
          "trace_summary": {
            "U_cmt_auto_alphas": [
              1,
              3,
              5,
              7
            ],
            "T01_cmt_auto_alphas": [
              1,
              3,
              5,
              7
            ],
            "T00_cmt_auto_alphas": [
              1,
              3,
              5,
              7
            ],
            "extract_Ahat_Bhat": {
              "mapping": "swapped_c0A_c1B",
              "A_part": 0,
              "B_part": 1
            },
            "line6_pre_parts": 2
          }
        },
        {
          "name": "basis_E01_times_E10",
          "reference": [
            [
              1,
              0,
              0,
              0
            ],
            [
              0,
              0,
              0,
              0
            ],
            [
              0,
              0,
              0,
              0
            ],
            [
              0,
              0,
              0,
              0
            ]
          ],
          "decoded": [
            [
              23,
              5,
              -9,
              16
            ],
            [
              17,
              22,
              4,
              19
            ],
            [
              -23,
              -24,
              24,
              9
            ],
            [
              7,
              22,
              20,
              -18
            ]
          ],
          "analysis": {
            "all_rows_decrypted": true,
            "exact": false,
            "max_abs_err": 24,
            "l1_err": 261,
            "nonzero_positions_got": [
              [
                0,
                0,
                23
              ],
              [
                0,
                1,
                5
              ],
              [
                0,
                2,
                -9
              ],
              [
                0,
                3,
                16
              ],
              [
                1,
                0,
                17
              ],
              [
                1,
                1,
                22
              ],
              [
                1,
                2,
                4
              ],
              [
                1,
                3,
                19
              ],
              [
                2,
                0,
                -23
              ],
              [
                2,
                1,
                -24
              ],
              [
                2,
                2,
                24
              ],
              [
                2,
                3,
                9
              ],
              [
                3,
                0,
                7
              ],
              [
                3,
                1,
                22
              ],
              [
                3,
                2,
                20
              ],
              [
                3,
                3,
                -18
              ]
            ],
            "nonzero_positions_ref": [
              [
                0,
                0,
                1
              ]
            ]
          },
          "trace_summary": {
            "U_cmt_auto_alphas": [
              1,
              3,
              5,
              7
            ],
            "T01_cmt_auto_alphas": [
              1,
              3,
              5,
              7
            ],
            "T00_cmt_auto_alphas": [
              1,
              3,
              5,
              7
            ],
            "extract_Ahat_Bhat": {
              "mapping": "swapped_c0A_c1B",
              "A_part": 0,
              "B_part": 1
            },
            "line6_pre_parts": 2
          }
        },
        {
          "name": "basis_E01_times_E12",
          "reference": [
            [
              0,
              0,
              1,
              0
            ],
            [
              0,
              0,
              0,
              0
            ],
            [
              0,
              0,
              0,
              0
            ],
            [
              0,
              0,
              0,
              0
            ]
          ],
          "decoded": [
            [
              10,
              12,
              -22,
              -24
            ],
            [
              -24,
              -22,
              -10,
              -12
            ],
            [
              -7,
              2,
              -8,
              1
            ],
            [
              -2,
              -19,
              11,
              19
            ]
          ],
          "analysis": {
            "all_rows_decrypted": true,
            "exact": false,
            "max_abs_err": 24,
            "l1_err": 206,
            "nonzero_positions_got": [
              [
                0,
                0,
                10
              ],
              [
                0,
                1,
                12
              ],
              [
                0,
                2,
                -22
              ],
              [
                0,
                3,
                -24
              ],
              [
                1,
                0,
                -24
              ],
              [
                1,
                1,
                -22
              ],
              [
                1,
                2,
                -10
              ],
              [
                1,
                3,
                -12
              ],
              [
                2,
                0,
                -7
              ],
              [
                2,
                1,
                2
              ],
              [
                2,
                2,
                -8
              ],
              [
                2,
                3,
                1
              ],
              [
                3,
                0,
                -2
              ],
              [
                3,
                1,
                -19
              ],
              [
                3,
                2,
                11
              ],
              [
                3,
                3,
                19
              ]
            ],
            "nonzero_positions_ref": [
              [
                0,
                2,
                1
              ]
            ]
          },
          "trace_summary": {
            "U_cmt_auto_alphas": [
              1,
              3,
              5,
              7
            ],
            "T01_cmt_auto_alphas": [
              1,
              3,
              5,
              7
            ],
            "T00_cmt_auto_alphas": [
              1,
              3,
              5,
              7
            ],
            "extract_Ahat_Bhat": {
              "mapping": "swapped_c0A_c1B",
              "A_part": 0,
              "B_part": 1
            },
            "line6_pre_parts": 2
          }
        },
        {
          "name": "basis_E23_times_E31",
          "reference": [
            [
              0,
              0,
              0,
              0
            ],
            [
              0,
              0,
              0,
              0
            ],
            [
              0,
              1,
              0,
              0
            ],
            [
              0,
              0,
              0,
              0
            ]
          ],
          "decoded": [
            [
              18,
              -15,
              16,
              -6
            ],
            [
              -11,
              0,
              0,
              -13
            ],
            [
              17,
              19,
              10,
              -15
            ],
            [
              25,
              25,
              -7,
              25
            ]
          ],
          "analysis": {
            "all_rows_decrypted": true,
            "exact": false,
            "max_abs_err": 25,
            "l1_err": 221,
            "nonzero_positions_got": [
              [
                0,
                0,
                18
              ],
              [
                0,
                1,
                -15
              ],
              [
                0,
                2,
                16
              ],
              [
                0,
                3,
                -6
              ],
              [
                1,
                0,
                -11
              ],
              [
                1,
                3,
                -13
              ],
              [
                2,
                0,
                17
              ],
              [
                2,
                1,
                19
              ],
              [
                2,
                2,
                10
              ],
              [
                2,
                3,
                -15
              ],
              [
                3,
                0,
                25
              ],
              [
                3,
                1,
                25
              ],
              [
                3,
                2,
                -7
              ],
              [
                3,
                3,
                25
              ]
            ],
            "nonzero_positions_ref": [
              [
                2,
                1,
                1
              ]
            ]
          },
          "trace_summary": {
            "U_cmt_auto_alphas": [
              1,
              3,
              5,
              7
            ],
            "T01_cmt_auto_alphas": [
              1,
              3,
              5,
              7
            ],
            "T00_cmt_auto_alphas": [
              1,
              3,
              5,
              7
            ],
            "extract_Ahat_Bhat": {
              "mapping": "swapped_c0A_c1B",
              "A_part": 0,
              "B_part": 1
            },
            "line6_pre_parts": 2
          }
        }
      ]
    },
    {
      "variant": {
        "ppmm_left_T": false,
        "ppmm_right_T": false,
        "temp_pair_mapping": "swapped_c0A_c1B",
        "line6_pair_mapping": "swapped_c0A_c1B",
        "id": "LI_RI_pair-swapped_c0A_c1B_line6-swapped_c0A_c1B"
      },
      "score": {
        "exact_count": 0,
        "all_decrypted_count": 4,
        "total_l1_err": 765,
        "one_hot_got_nnz_total": 61
      },
      "case_results": [
        {
          "name": "basis_E00_times_E00",
          "reference": [
            [
              1,
              0,
              0,
              0
            ],
            [
              0,
              0,
              0,
              0
            ],
            [
              0,
              0,
              0,
              0
            ],
            [
              0,
              0,
              0,
              0
            ]
          ],
          "decoded": [
            [
              -9,
              17,
              20,
              14
            ],
            [
              -14,
              7,
              19,
              -4
            ],
            [
              0,
              4,
              -5,
              19
            ],
            [
              10,
              -18,
              5,
              -21
            ]
          ],
          "analysis": {
            "all_rows_decrypted": true,
            "exact": false,
            "max_abs_err": 21,
            "l1_err": 187,
            "nonzero_positions_got": [
              [
                0,
                0,
                -9
              ],
              [
                0,
                1,
                17
              ],
              [
                0,
                2,
                20
              ],
              [
                0,
                3,
                14
              ],
              [
                1,
                0,
                -14
              ],
              [
                1,
                1,
                7
              ],
              [
                1,
                2,
                19
              ],
              [
                1,
                3,
                -4
              ],
              [
                2,
                1,
                4
              ],
              [
                2,
                2,
                -5
              ],
              [
                2,
                3,
                19
              ],
              [
                3,
                0,
                10
              ],
              [
                3,
                1,
                -18
              ],
              [
                3,
                2,
                5
              ],
              [
                3,
                3,
                -21
              ]
            ],
            "nonzero_positions_ref": [
              [
                0,
                0,
                1
              ]
            ]
          },
          "trace_summary": {
            "U_cmt_auto_alphas": [
              1,
              3,
              5,
              7
            ],
            "T01_cmt_auto_alphas": [
              1,
              3,
              5,
              7
            ],
            "T00_cmt_auto_alphas": [
              1,
              3,
              5,
              7
            ],
            "extract_Ahat_Bhat": {
              "mapping": "swapped_c0A_c1B",
              "A_part": 0,
              "B_part": 1
            },
            "line6_pre_parts": 2
          }
        },
        {
          "name": "basis_E01_times_E10",
          "reference": [
            [
              1,
              0,
              0,
              0
            ],
            [
              0,
              0,
              0,
              0
            ],
            [
              0,
              0,
              0,
              0
            ],
            [
              0,
              0,
              0,
              0
            ]
          ],
          "decoded": [
            [
              16,
              -15,
              20,
              -4
            ],
            [
              16,
              -9,
              19,
              19
            ],
            [
              -11,
              18,
              -22,
              -16
            ],
            [
              -13,
              14,
              -4,
              16
            ]
          ],
          "analysis": {
            "all_rows_decrypted": true,
            "exact": false,
            "max_abs_err": 22,
            "l1_err": 231,
            "nonzero_positions_got": [
              [
                0,
                0,
                16
              ],
              [
                0,
                1,
                -15
              ],
              [
                0,
                2,
                20
              ],
              [
                0,
                3,
                -4
              ],
              [
                1,
                0,
                16
              ],
              [
                1,
                1,
                -9
              ],
              [
                1,
                2,
                19
              ],
              [
                1,
                3,
                19
              ],
              [
                2,
                0,
                -11
              ],
              [
                2,
                1,
                18
              ],
              [
                2,
                2,
                -22
              ],
              [
                2,
                3,
                -16
              ],
              [
                3,
                0,
                -13
              ],
              [
                3,
                1,
                14
              ],
              [
                3,
                2,
                -4
              ],
              [
                3,
                3,
                16
              ]
            ],
            "nonzero_positions_ref": [
              [
                0,
                0,
                1
              ]
            ]
          },
          "trace_summary": {
            "U_cmt_auto_alphas": [
              1,
              3,
              5,
              7
            ],
            "T01_cmt_auto_alphas": [
              1,
              3,
              5,
              7
            ],
            "T00_cmt_auto_alphas": [
              1,
              3,
              5,
              7
            ],
            "extract_Ahat_Bhat": {
              "mapping": "swapped_c0A_c1B",
              "A_part": 0,
              "B_part": 1
            },
            "line6_pre_parts": 2
          }
        },
        {
          "name": "basis_E01_times_E12",
          "reference": [
            [
              0,
              0,
              1,
              0
            ],
            [
              0,
              0,
              0,
              0
            ],
            [
              0,
              0,
              0,
              0
            ],
            [
              0,
              0,
              0,
              0
            ]
          ],
          "decoded": [
            [
              16,
              -3,
              18,
              4
            ],
            [
              17,
              10,
              11,
              -4
            ],
            [
              13,
              8,
              24,
              0
            ],
            [
              21,
              19,
              20,
              3
            ]
          ],
          "analysis": {
            "all_rows_decrypted": true,
            "exact": false,
            "max_abs_err": 24,
            "l1_err": 190,
            "nonzero_positions_got": [
              [
                0,
                0,
                16
              ],
              [
                0,
                1,
                -3
              ],
              [
                0,
                2,
                18
              ],
              [
                0,
                3,
                4
              ],
              [
                1,
                0,
                17
              ],
              [
                1,
                1,
                10
              ],
              [
                1,
                2,
                11
              ],
              [
                1,
                3,
                -4
              ],
              [
                2,
                0,
                13
              ],
              [
                2,
                1,
                8
              ],
              [
                2,
                2,
                24
              ],
              [
                3,
                0,
                21
              ],
              [
                3,
                1,
                19
              ],
              [
                3,
                2,
                20
              ],
              [
                3,
                3,
                3
              ]
            ],
            "nonzero_positions_ref": [
              [
                0,
                2,
                1
              ]
            ]
          },
          "trace_summary": {
            "U_cmt_auto_alphas": [
              1,
              3,
              5,
              7
            ],
            "T01_cmt_auto_alphas": [
              1,
              3,
              5,
              7
            ],
            "T00_cmt_auto_alphas": [
              1,
              3,
              5,
              7
            ],
            "extract_Ahat_Bhat": {
              "mapping": "swapped_c0A_c1B",
              "A_part": 0,
              "B_part": 1
            },
            "line6_pre_parts": 2
          }
        },
        {
          "name": "basis_E23_times_E31",
          "reference": [
            [
              0,
              0,
              0,
              0
            ],
            [
              0,
              0,
              0,
              0
            ],
            [
              0,
              1,
              0,
              0
            ],
            [
              0,
              0,
              0,
              0
            ]
          ],
          "decoded": [
            [
              11,
              -16,
              14,
              -11
            ],
            [
              -2,
              -21,
              -5,
              0
            ],
            [
              -6,
              -4,
              1,
              7
            ],
            [
              14,
              19,
              -7,
              -18
            ]
          ],
          "analysis": {
            "all_rows_decrypted": true,
            "exact": false,
            "max_abs_err": 21,
            "l1_err": 157,
            "nonzero_positions_got": [
              [
                0,
                0,
                11
              ],
              [
                0,
                1,
                -16
              ],
              [
                0,
                2,
                14
              ],
              [
                0,
                3,
                -11
              ],
              [
                1,
                0,
                -2
              ],
              [
                1,
                1,
                -21
              ],
              [
                1,
                2,
                -5
              ],
              [
                2,
                0,
                -6
              ],
              [
                2,
                1,
                -4
              ],
              [
                2,
                2,
                1
              ],
              [
                2,
                3,
                7
              ],
              [
                3,
                0,
                14
              ],
              [
                3,
                1,
                19
              ],
              [
                3,
                2,
                -7
              ],
              [
                3,
                3,
                -18
              ]
            ],
            "nonzero_positions_ref": [
              [
                2,
                1,
                1
              ]
            ]
          },
          "trace_summary": {
            "U_cmt_auto_alphas": [
              1,
              3,
              5,
              7
            ],
            "T01_cmt_auto_alphas": [
              1,
              3,
              5,
              7
            ],
            "T00_cmt_auto_alphas": [
              1,
              3,
              5,
              7
            ],
            "extract_Ahat_Bhat": {
              "mapping": "swapped_c0A_c1B",
              "A_part": 0,
              "B_part": 1
            },
            "line6_pre_parts": 2
          }
        }
      ]
    },
    {
      "variant": {
        "ppmm_left_T": false,
        "ppmm_right_T": true,
        "temp_pair_mapping": "normal_c0B_c1A",
        "line6_pair_mapping": "normal_c0B_c1A",
        "id": "LI_RT_pair-normal_c0B_c1A_line6-normal_c0B_c1A"
      },
      "score": {
        "exact_count": 0,
        "all_decrypted_count": 4,
        "total_l1_err": 797,
        "one_hot_got_nnz_total": 64
      },
      "case_results": [
        {
          "name": "basis_E00_times_E00",
          "reference": [
            [
              1,
              0,
              0,
              0
            ],
            [
              0,
              0,
              0,
              0
            ],
            [
              0,
              0,
              0,
              0
            ],
            [
              0,
              0,
              0,
              0
            ]
          ],
          "decoded": [
            [
              -23,
              11,
              11,
              -1
            ],
            [
              -14,
              13,
              -7,
              -7
            ],
            [
              -15,
              13,
              -5,
              -15
            ],
            [
              -20,
              16,
              9,
              18
            ]
          ],
          "analysis": {
            "all_rows_decrypted": true,
            "exact": false,
            "max_abs_err": 24,
            "l1_err": 199,
            "nonzero_positions_got": [
              [
                0,
                0,
                -23
              ],
              [
                0,
                1,
                11
              ],
              [
                0,
                2,
                11
              ],
              [
                0,
                3,
                -1
              ],
              [
                1,
                0,
                -14
              ],
              [
                1,
                1,
                13
              ],
              [
                1,
                2,
                -7
              ],
              [
                1,
                3,
                -7
              ],
              [
                2,
                0,
                -15
              ],
              [
                2,
                1,
                13
              ],
              [
                2,
                2,
                -5
              ],
              [
                2,
                3,
                -15
              ],
              [
                3,
                0,
                -20
              ],
              [
                3,
                1,
                16
              ],
              [
                3,
                2,
                9
              ],
              [
                3,
                3,
                18
              ]
            ],
            "nonzero_positions_ref": [
              [
                0,
                0,
                1
              ]
            ]
          },
          "trace_summary": {
            "U_cmt_auto_alphas": [
              1,
              3,
              5,
              7
            ],
            "T01_cmt_auto_alphas": [
              1,
              3,
              5,
              7
            ],
            "T00_cmt_auto_alphas": [
              1,
              3,
              5,
              7
            ],
            "extract_Ahat_Bhat": {
              "mapping": "normal_c0B_c1A",
              "A_part": 1,
              "B_part": 0
            },
            "line6_pre_parts": 2
          }
        },
        {
          "name": "basis_E01_times_E10",
          "reference": [
            [
              1,
              0,
              0,
              0
            ],
            [
              0,
              0,
              0,
              0
            ],
            [
              0,
              0,
              0,
              0
            ],
            [
              0,
              0,
              0,
              0
            ]
          ],
          "decoded": [
            [
              -4,
              12,
              25,
              -16
            ],
            [
              -21,
              -11,
              21,
              -1
            ],
            [
              -5,
              4,
              -20,
              -1
            ],
            [
              -12,
              -24,
              -2,
              11
            ]
          ],
          "analysis": {
            "all_rows_decrypted": true,
            "exact": false,
            "max_abs_err": 25,
            "l1_err": 191,
            "nonzero_positions_got": [
              [
                0,
                0,
                -4
              ],
              [
                0,
                1,
                12
              ],
              [
                0,
                2,
                25
              ],
              [
                0,
                3,
                -16
              ],
              [
                1,
                0,
                -21
              ],
              [
                1,
                1,
                -11
              ],
              [
                1,
                2,
                21
              ],
              [
                1,
                3,
                -1
              ],
              [
                2,
                0,
                -5
              ],
              [
                2,
                1,
                4
              ],
              [
                2,
                2,
                -20
              ],
              [
                2,
                3,
                -1
              ],
              [
                3,
                0,
                -12
              ],
              [
                3,
                1,
                -24
              ],
              [
                3,
                2,
                -2
              ],
              [
                3,
                3,
                11
              ]
            ],
            "nonzero_positions_ref": [
              [
                0,
                0,
                1
              ]
            ]
          },
          "trace_summary": {
            "U_cmt_auto_alphas": [
              1,
              3,
              5,
              7
            ],
            "T01_cmt_auto_alphas": [
              1,
              3,
              5,
              7
            ],
            "T00_cmt_auto_alphas": [
              1,
              3,
              5,
              7
            ],
            "extract_Ahat_Bhat": {
              "mapping": "normal_c0B_c1A",
              "A_part": 1,
              "B_part": 0
            },
            "line6_pre_parts": 2
          }
        },
        {
          "name": "basis_E01_times_E12",
          "reference": [
            [
              0,
              0,
              1,
              0
            ],
            [
              0,
              0,
              0,
              0
            ],
            [
              0,
              0,
              0,
              0
            ],
            [
              0,
              0,
              0,
              0
            ]
          ],
          "decoded": [
            [
              -6,
              20,
              6,
              23
            ],
            [
              1,
              -6,
              -5,
              23
            ],
            [
              -17,
              12,
              17,
              1
            ],
            [
              -13,
              -12,
              19,
              3
            ]
          ],
          "analysis": {
            "all_rows_decrypted": true,
            "exact": false,
            "max_abs_err": 23,
            "l1_err": 183,
            "nonzero_positions_got": [
              [
                0,
                0,
                -6
              ],
              [
                0,
                1,
                20
              ],
              [
                0,
                2,
                6
              ],
              [
                0,
                3,
                23
              ],
              [
                1,
                0,
                1
              ],
              [
                1,
                1,
                -6
              ],
              [
                1,
                2,
                -5
              ],
              [
                1,
                3,
                23
              ],
              [
                2,
                0,
                -17
              ],
              [
                2,
                1,
                12
              ],
              [
                2,
                2,
                17
              ],
              [
                2,
                3,
                1
              ],
              [
                3,
                0,
                -13
              ],
              [
                3,
                1,
                -12
              ],
              [
                3,
                2,
                19
              ],
              [
                3,
                3,
                3
              ]
            ],
            "nonzero_positions_ref": [
              [
                0,
                2,
                1
              ]
            ]
          },
          "trace_summary": {
            "U_cmt_auto_alphas": [
              1,
              3,
              5,
              7
            ],
            "T01_cmt_auto_alphas": [
              1,
              3,
              5,
              7
            ],
            "T00_cmt_auto_alphas": [
              1,
              3,
              5,
              7
            ],
            "extract_Ahat_Bhat": {
              "mapping": "normal_c0B_c1A",
              "A_part": 1,
              "B_part": 0
            },
            "line6_pre_parts": 2
          }
        },
        {
          "name": "basis_E23_times_E31",
          "reference": [
            [
              0,
              0,
              0,
              0
            ],
            [
              0,
              0,
              0,
              0
            ],
            [
              0,
              1,
              0,
              0
            ],
            [
              0,
              0,
              0,
              0
            ]
          ],
          "decoded": [
            [
              -24,
              7,
              -12,
              -11
            ],
            [
              15,
              18,
              14,
              16
            ],
            [
              -4,
              -10,
              -17,
              -23
            ],
            [
              -19,
              -23,
              -4,
              -6
            ]
          ],
          "analysis": {
            "all_rows_decrypted": true,
            "exact": false,
            "max_abs_err": 24,
            "l1_err": 224,
            "nonzero_positions_got": [
              [
                0,
                0,
                -24
              ],
              [
                0,
                1,
                7
              ],
              [
                0,
                2,
                -12
              ],
              [
                0,
                3,
                -11
              ],
              [
                1,
                0,
                15
              ],
              [
                1,
                1,
                18
              ],
              [
                1,
                2,
                14
              ],
              [
                1,
                3,
                16
              ],
              [
                2,
                0,
                -4
              ],
              [
                2,
                1,
                -10
              ],
              [
                2,
                2,
                -17
              ],
              [
                2,
                3,
                -23
              ],
              [
                3,
                0,
                -19
              ],
              [
                3,
                1,
                -23
              ],
              [
                3,
                2,
                -4
              ],
              [
                3,
                3,
                -6
              ]
            ],
            "nonzero_positions_ref": [
              [
                2,
                1,
                1
              ]
            ]
          },
          "trace_summary": {
            "U_cmt_auto_alphas": [
              1,
              3,
              5,
              7
            ],
            "T01_cmt_auto_alphas": [
              1,
              3,
              5,
              7
            ],
            "T00_cmt_auto_alphas": [
              1,
              3,
              5,
              7
            ],
            "extract_Ahat_Bhat": {
              "mapping": "normal_c0B_c1A",
              "A_part": 1,
              "B_part": 0
            },
            "line6_pre_parts": 2
          }
        }
      ]
    },
    {
      "variant": {
        "ppmm_left_T": false,
        "ppmm_right_T": true,
        "temp_pair_mapping": "normal_c0B_c1A",
        "line6_pair_mapping": "swapped_c0A_c1B",
        "id": "LI_RT_pair-normal_c0B_c1A_line6-swapped_c0A_c1B"
      },
      "score": {
        "exact_count": 0,
        "all_decrypted_count": 4,
        "total_l1_err": 793,
        "one_hot_got_nnz_total": 63
      },
      "case_results": [
        {
          "name": "basis_E00_times_E00",
          "reference": [
            [
              1,
              0,
              0,
              0
            ],
            [
              0,
              0,
              0,
              0
            ],
            [
              0,
              0,
              0,
              0
            ],
            [
              0,
              0,
              0,
              0
            ]
          ],
          "decoded": [
            [
              -15,
              19,
              -19,
              -4
            ],
            [
              13,
              0,
              1,
              -23
            ],
            [
              2,
              -13,
              18,
              7
            ],
            [
              -24,
              -6,
              4,
              -11
            ]
          ],
          "analysis": {
            "all_rows_decrypted": true,
            "exact": false,
            "max_abs_err": 24,
            "l1_err": 180,
            "nonzero_positions_got": [
              [
                0,
                0,
                -15
              ],
              [
                0,
                1,
                19
              ],
              [
                0,
                2,
                -19
              ],
              [
                0,
                3,
                -4
              ],
              [
                1,
                0,
                13
              ],
              [
                1,
                2,
                1
              ],
              [
                1,
                3,
                -23
              ],
              [
                2,
                0,
                2
              ],
              [
                2,
                1,
                -13
              ],
              [
                2,
                2,
                18
              ],
              [
                2,
                3,
                7
              ],
              [
                3,
                0,
                -24
              ],
              [
                3,
                1,
                -6
              ],
              [
                3,
                2,
                4
              ],
              [
                3,
                3,
                -11
              ]
            ],
            "nonzero_positions_ref": [
              [
                0,
                0,
                1
              ]
            ]
          },
          "trace_summary": {
            "U_cmt_auto_alphas": [
              1,
              3,
              5,
              7
            ],
            "T01_cmt_auto_alphas": [
              1,
              3,
              5,
              7
            ],
            "T00_cmt_auto_alphas": [
              1,
              3,
              5,
              7
            ],
            "extract_Ahat_Bhat": {
              "mapping": "normal_c0B_c1A",
              "A_part": 1,
              "B_part": 0
            },
            "line6_pre_parts": 2
          }
        },
        {
          "name": "basis_E01_times_E10",
          "reference": [
            [
              1,
              0,
              0,
              0
            ],
            [
              0,
              0,
              0,
              0
            ],
            [
              0,
              0,
              0,
              0
            ],
            [
              0,
              0,
              0,
              0
            ]
          ],
          "decoded": [
            [
              -24,
              -9,
              13,
              5
            ],
            [
              20,
              18,
              -1,
              13
            ],
            [
              -3,
              3,
              -13,
              5
            ],
            [
              -15,
              -13,
              -11,
              22
            ]
          ],
          "analysis": {
            "all_rows_decrypted": true,
            "exact": false,
            "max_abs_err": 25,
            "l1_err": 189,
            "nonzero_positions_got": [
              [
                0,
                0,
                -24
              ],
              [
                0,
                1,
                -9
              ],
              [
                0,
                2,
                13
              ],
              [
                0,
                3,
                5
              ],
              [
                1,
                0,
                20
              ],
              [
                1,
                1,
                18
              ],
              [
                1,
                2,
                -1
              ],
              [
                1,
                3,
                13
              ],
              [
                2,
                0,
                -3
              ],
              [
                2,
                1,
                3
              ],
              [
                2,
                2,
                -13
              ],
              [
                2,
                3,
                5
              ],
              [
                3,
                0,
                -15
              ],
              [
                3,
                1,
                -13
              ],
              [
                3,
                2,
                -11
              ],
              [
                3,
                3,
                22
              ]
            ],
            "nonzero_positions_ref": [
              [
                0,
                0,
                1
              ]
            ]
          },
          "trace_summary": {
            "U_cmt_auto_alphas": [
              1,
              3,
              5,
              7
            ],
            "T01_cmt_auto_alphas": [
              1,
              3,
              5,
              7
            ],
            "T00_cmt_auto_alphas": [
              1,
              3,
              5,
              7
            ],
            "extract_Ahat_Bhat": {
              "mapping": "normal_c0B_c1A",
              "A_part": 1,
              "B_part": 0
            },
            "line6_pre_parts": 2
          }
        },
        {
          "name": "basis_E01_times_E12",
          "reference": [
            [
              0,
              0,
              1,
              0
            ],
            [
              0,
              0,
              0,
              0
            ],
            [
              0,
              0,
              0,
              0
            ],
            [
              0,
              0,
              0,
              0
            ]
          ],
          "decoded": [
            [
              25,
              14,
              20,
              -24
            ],
            [
              -9,
              -17,
              17,
              -15
            ],
            [
              -10,
              -14,
              12,
              -4
            ],
            [
              3,
              -23,
              14,
              16
            ]
          ],
          "analysis": {
            "all_rows_decrypted": true,
            "exact": false,
            "max_abs_err": 25,
            "l1_err": 236,
            "nonzero_positions_got": [
              [
                0,
                0,
                25
              ],
              [
                0,
                1,
                14
              ],
              [
                0,
                2,
                20
              ],
              [
                0,
                3,
                -24
              ],
              [
                1,
                0,
                -9
              ],
              [
                1,
                1,
                -17
              ],
              [
                1,
                2,
                17
              ],
              [
                1,
                3,
                -15
              ],
              [
                2,
                0,
                -10
              ],
              [
                2,
                1,
                -14
              ],
              [
                2,
                2,
                12
              ],
              [
                2,
                3,
                -4
              ],
              [
                3,
                0,
                3
              ],
              [
                3,
                1,
                -23
              ],
              [
                3,
                2,
                14
              ],
              [
                3,
                3,
                16
              ]
            ],
            "nonzero_positions_ref": [
              [
                0,
                2,
                1
              ]
            ]
          },
          "trace_summary": {
            "U_cmt_auto_alphas": [
              1,
              3,
              5,
              7
            ],
            "T01_cmt_auto_alphas": [
              1,
              3,
              5,
              7
            ],
            "T00_cmt_auto_alphas": [
              1,
              3,
              5,
              7
            ],
            "extract_Ahat_Bhat": {
              "mapping": "normal_c0B_c1A",
              "A_part": 1,
              "B_part": 0
            },
            "line6_pre_parts": 2
          }
        },
        {
          "name": "basis_E23_times_E31",
          "reference": [
            [
              0,
              0,
              0,
              0
            ],
            [
              0,
              0,
              0,
              0
            ],
            [
              0,
              1,
              0,
              0
            ],
            [
              0,
              0,
              0,
              0
            ]
          ],
          "decoded": [
            [
              25,
              -8,
              -16,
              21
            ],
            [
              24,
              9,
              -6,
              -10
            ],
            [
              8,
              3,
              2,
              -5
            ],
            [
              1,
              20,
              18,
              13
            ]
          ],
          "analysis": {
            "all_rows_decrypted": true,
            "exact": false,
            "max_abs_err": 25,
            "l1_err": 188,
            "nonzero_positions_got": [
              [
                0,
                0,
                25
              ],
              [
                0,
                1,
                -8
              ],
              [
                0,
                2,
                -16
              ],
              [
                0,
                3,
                21
              ],
              [
                1,
                0,
                24
              ],
              [
                1,
                1,
                9
              ],
              [
                1,
                2,
                -6
              ],
              [
                1,
                3,
                -10
              ],
              [
                2,
                0,
                8
              ],
              [
                2,
                1,
                3
              ],
              [
                2,
                2,
                2
              ],
              [
                2,
                3,
                -5
              ],
              [
                3,
                0,
                1
              ],
              [
                3,
                1,
                20
              ],
              [
                3,
                2,
                18
              ],
              [
                3,
                3,
                13
              ]
            ],
            "nonzero_positions_ref": [
              [
                2,
                1,
                1
              ]
            ]
          },
          "trace_summary": {
            "U_cmt_auto_alphas": [
              1,
              3,
              5,
              7
            ],
            "T01_cmt_auto_alphas": [
              1,
              3,
              5,
              7
            ],
            "T00_cmt_auto_alphas": [
              1,
              3,
              5,
              7
            ],
            "extract_Ahat_Bhat": {
              "mapping": "normal_c0B_c1A",
              "A_part": 1,
              "B_part": 0
            },
            "line6_pre_parts": 2
          }
        }
      ]
    },
    {
      "variant": {
        "ppmm_left_T": false,
        "ppmm_right_T": true,
        "temp_pair_mapping": "swapped_c0A_c1B",
        "line6_pair_mapping": "normal_c0B_c1A",
        "id": "LI_RT_pair-swapped_c0A_c1B_line6-normal_c0B_c1A"
      },
      "score": {
        "exact_count": 0,
        "all_decrypted_count": 4,
        "total_l1_err": 742,
        "one_hot_got_nnz_total": 61
      },
      "case_results": [
        {
          "name": "basis_E00_times_E00",
          "reference": [
            [
              1,
              0,
              0,
              0
            ],
            [
              0,
              0,
              0,
              0
            ],
            [
              0,
              0,
              0,
              0
            ],
            [
              0,
              0,
              0,
              0
            ]
          ],
          "decoded": [
            [
              13,
              6,
              -24,
              9
            ],
            [
              3,
              9,
              11,
              8
            ],
            [
              15,
              23,
              14,
              2
            ],
            [
              -4,
              0,
              -18,
              -6
            ]
          ],
          "analysis": {
            "all_rows_decrypted": true,
            "exact": false,
            "max_abs_err": 24,
            "l1_err": 164,
            "nonzero_positions_got": [
              [
                0,
                0,
                13
              ],
              [
                0,
                1,
                6
              ],
              [
                0,
                2,
                -24
              ],
              [
                0,
                3,
                9
              ],
              [
                1,
                0,
                3
              ],
              [
                1,
                1,
                9
              ],
              [
                1,
                2,
                11
              ],
              [
                1,
                3,
                8
              ],
              [
                2,
                0,
                15
              ],
              [
                2,
                1,
                23
              ],
              [
                2,
                2,
                14
              ],
              [
                2,
                3,
                2
              ],
              [
                3,
                0,
                -4
              ],
              [
                3,
                2,
                -18
              ],
              [
                3,
                3,
                -6
              ]
            ],
            "nonzero_positions_ref": [
              [
                0,
                0,
                1
              ]
            ]
          },
          "trace_summary": {
            "U_cmt_auto_alphas": [
              1,
              3,
              5,
              7
            ],
            "T01_cmt_auto_alphas": [
              1,
              3,
              5,
              7
            ],
            "T00_cmt_auto_alphas": [
              1,
              3,
              5,
              7
            ],
            "extract_Ahat_Bhat": {
              "mapping": "swapped_c0A_c1B",
              "A_part": 0,
              "B_part": 1
            },
            "line6_pre_parts": 2
          }
        },
        {
          "name": "basis_E01_times_E10",
          "reference": [
            [
              1,
              0,
              0,
              0
            ],
            [
              0,
              0,
              0,
              0
            ],
            [
              0,
              0,
              0,
              0
            ],
            [
              0,
              0,
              0,
              0
            ]
          ],
          "decoded": [
            [
              7,
              12,
              18,
              7
            ],
            [
              4,
              13,
              -8,
              21
            ],
            [
              24,
              15,
              -24,
              -15
            ],
            [
              -10,
              -14,
              0,
              -11
            ]
          ],
          "analysis": {
            "all_rows_decrypted": true,
            "exact": false,
            "max_abs_err": 24,
            "l1_err": 202,
            "nonzero_positions_got": [
              [
                0,
                0,
                7
              ],
              [
                0,
                1,
                12
              ],
              [
                0,
                2,
                18
              ],
              [
                0,
                3,
                7
              ],
              [
                1,
                0,
                4
              ],
              [
                1,
                1,
                13
              ],
              [
                1,
                2,
                -8
              ],
              [
                1,
                3,
                21
              ],
              [
                2,
                0,
                24
              ],
              [
                2,
                1,
                15
              ],
              [
                2,
                2,
                -24
              ],
              [
                2,
                3,
                -15
              ],
              [
                3,
                0,
                -10
              ],
              [
                3,
                1,
                -14
              ],
              [
                3,
                3,
                -11
              ]
            ],
            "nonzero_positions_ref": [
              [
                0,
                0,
                1
              ]
            ]
          },
          "trace_summary": {
            "U_cmt_auto_alphas": [
              1,
              3,
              5,
              7
            ],
            "T01_cmt_auto_alphas": [
              1,
              3,
              5,
              7
            ],
            "T00_cmt_auto_alphas": [
              1,
              3,
              5,
              7
            ],
            "extract_Ahat_Bhat": {
              "mapping": "swapped_c0A_c1B",
              "A_part": 0,
              "B_part": 1
            },
            "line6_pre_parts": 2
          }
        },
        {
          "name": "basis_E01_times_E12",
          "reference": [
            [
              0,
              0,
              1,
              0
            ],
            [
              0,
              0,
              0,
              0
            ],
            [
              0,
              0,
              0,
              0
            ],
            [
              0,
              0,
              0,
              0
            ]
          ],
          "decoded": [
            [
              23,
              0,
              -14,
              2
            ],
            [
              -18,
              25,
              18,
              14
            ],
            [
              9,
              -12,
              12,
              -15
            ],
            [
              20,
              13,
              14,
              -17
            ]
          ],
          "analysis": {
            "all_rows_decrypted": true,
            "exact": false,
            "max_abs_err": 25,
            "l1_err": 227,
            "nonzero_positions_got": [
              [
                0,
                0,
                23
              ],
              [
                0,
                2,
                -14
              ],
              [
                0,
                3,
                2
              ],
              [
                1,
                0,
                -18
              ],
              [
                1,
                1,
                25
              ],
              [
                1,
                2,
                18
              ],
              [
                1,
                3,
                14
              ],
              [
                2,
                0,
                9
              ],
              [
                2,
                1,
                -12
              ],
              [
                2,
                2,
                12
              ],
              [
                2,
                3,
                -15
              ],
              [
                3,
                0,
                20
              ],
              [
                3,
                1,
                13
              ],
              [
                3,
                2,
                14
              ],
              [
                3,
                3,
                -17
              ]
            ],
            "nonzero_positions_ref": [
              [
                0,
                2,
                1
              ]
            ]
          },
          "trace_summary": {
            "U_cmt_auto_alphas": [
              1,
              3,
              5,
              7
            ],
            "T01_cmt_auto_alphas": [
              1,
              3,
              5,
              7
            ],
            "T00_cmt_auto_alphas": [
              1,
              3,
              5,
              7
            ],
            "extract_Ahat_Bhat": {
              "mapping": "swapped_c0A_c1B",
              "A_part": 0,
              "B_part": 1
            },
            "line6_pre_parts": 2
          }
        },
        {
          "name": "basis_E23_times_E31",
          "reference": [
            [
              0,
              0,
              0,
              0
            ],
            [
              0,
              0,
              0,
              0
            ],
            [
              0,
              1,
              0,
              0
            ],
            [
              0,
              0,
              0,
              0
            ]
          ],
          "decoded": [
            [
              1,
              9,
              10,
              9
            ],
            [
              10,
              -6,
              1,
              9
            ],
            [
              -10,
              20,
              20,
              -11
            ],
            [
              19,
              7,
              -2,
              -6
            ]
          ],
          "analysis": {
            "all_rows_decrypted": true,
            "exact": false,
            "max_abs_err": 20,
            "l1_err": 149,
            "nonzero_positions_got": [
              [
                0,
                0,
                1
              ],
              [
                0,
                1,
                9
              ],
              [
                0,
                2,
                10
              ],
              [
                0,
                3,
                9
              ],
              [
                1,
                0,
                10
              ],
              [
                1,
                1,
                -6
              ],
              [
                1,
                2,
                1
              ],
              [
                1,
                3,
                9
              ],
              [
                2,
                0,
                -10
              ],
              [
                2,
                1,
                20
              ],
              [
                2,
                2,
                20
              ],
              [
                2,
                3,
                -11
              ],
              [
                3,
                0,
                19
              ],
              [
                3,
                1,
                7
              ],
              [
                3,
                2,
                -2
              ],
              [
                3,
                3,
                -6
              ]
            ],
            "nonzero_positions_ref": [
              [
                2,
                1,
                1
              ]
            ]
          },
          "trace_summary": {
            "U_cmt_auto_alphas": [
              1,
              3,
              5,
              7
            ],
            "T01_cmt_auto_alphas": [
              1,
              3,
              5,
              7
            ],
            "T00_cmt_auto_alphas": [
              1,
              3,
              5,
              7
            ],
            "extract_Ahat_Bhat": {
              "mapping": "swapped_c0A_c1B",
              "A_part": 0,
              "B_part": 1
            },
            "line6_pre_parts": 2
          }
        }
      ]
    },
    {
      "variant": {
        "ppmm_left_T": false,
        "ppmm_right_T": true,
        "temp_pair_mapping": "swapped_c0A_c1B",
        "line6_pair_mapping": "swapped_c0A_c1B",
        "id": "LI_RT_pair-swapped_c0A_c1B_line6-swapped_c0A_c1B"
      },
      "score": {
        "exact_count": 0,
        "all_decrypted_count": 4,
        "total_l1_err": 745,
        "one_hot_got_nnz_total": 62
      },
      "case_results": [
        {
          "name": "basis_E00_times_E00",
          "reference": [
            [
              1,
              0,
              0,
              0
            ],
            [
              0,
              0,
              0,
              0
            ],
            [
              0,
              0,
              0,
              0
            ],
            [
              0,
              0,
              0,
              0
            ]
          ],
          "decoded": [
            [
              16,
              8,
              25,
              -2
            ],
            [
              23,
              -17,
              4,
              10
            ],
            [
              10,
              10,
              4,
              -15
            ],
            [
              -7,
              -2,
              13,
              15
            ]
          ],
          "analysis": {
            "all_rows_decrypted": true,
            "exact": false,
            "max_abs_err": 25,
            "l1_err": 180,
            "nonzero_positions_got": [
              [
                0,
                0,
                16
              ],
              [
                0,
                1,
                8
              ],
              [
                0,
                2,
                25
              ],
              [
                0,
                3,
                -2
              ],
              [
                1,
                0,
                23
              ],
              [
                1,
                1,
                -17
              ],
              [
                1,
                2,
                4
              ],
              [
                1,
                3,
                10
              ],
              [
                2,
                0,
                10
              ],
              [
                2,
                1,
                10
              ],
              [
                2,
                2,
                4
              ],
              [
                2,
                3,
                -15
              ],
              [
                3,
                0,
                -7
              ],
              [
                3,
                1,
                -2
              ],
              [
                3,
                2,
                13
              ],
              [
                3,
                3,
                15
              ]
            ],
            "nonzero_positions_ref": [
              [
                0,
                0,
                1
              ]
            ]
          },
          "trace_summary": {
            "U_cmt_auto_alphas": [
              1,
              3,
              5,
              7
            ],
            "T01_cmt_auto_alphas": [
              1,
              3,
              5,
              7
            ],
            "T00_cmt_auto_alphas": [
              1,
              3,
              5,
              7
            ],
            "extract_Ahat_Bhat": {
              "mapping": "swapped_c0A_c1B",
              "A_part": 0,
              "B_part": 1
            },
            "line6_pre_parts": 2
          }
        },
        {
          "name": "basis_E01_times_E10",
          "reference": [
            [
              1,
              0,
              0,
              0
            ],
            [
              0,
              0,
              0,
              0
            ],
            [
              0,
              0,
              0,
              0
            ],
            [
              0,
              0,
              0,
              0
            ]
          ],
          "decoded": [
            [
              17,
              -9,
              21,
              10
            ],
            [
              15,
              -4,
              -8,
              -23
            ],
            [
              -18,
              2,
              -20,
              10
            ],
            [
              -10,
              -4,
              12,
              10
            ]
          ],
          "analysis": {
            "all_rows_decrypted": true,
            "exact": false,
            "max_abs_err": 23,
            "l1_err": 192,
            "nonzero_positions_got": [
              [
                0,
                0,
                17
              ],
              [
                0,
                1,
                -9
              ],
              [
                0,
                2,
                21
              ],
              [
                0,
                3,
                10
              ],
              [
                1,
                0,
                15
              ],
              [
                1,
                1,
                -4
              ],
              [
                1,
                2,
                -8
              ],
              [
                1,
                3,
                -23
              ],
              [
                2,
                0,
                -18
              ],
              [
                2,
                1,
                2
              ],
              [
                2,
                2,
                -20
              ],
              [
                2,
                3,
                10
              ],
              [
                3,
                0,
                -10
              ],
              [
                3,
                1,
                -4
              ],
              [
                3,
                2,
                12
              ],
              [
                3,
                3,
                10
              ]
            ],
            "nonzero_positions_ref": [
              [
                0,
                0,
                1
              ]
            ]
          },
          "trace_summary": {
            "U_cmt_auto_alphas": [
              1,
              3,
              5,
              7
            ],
            "T01_cmt_auto_alphas": [
              1,
              3,
              5,
              7
            ],
            "T00_cmt_auto_alphas": [
              1,
              3,
              5,
              7
            ],
            "extract_Ahat_Bhat": {
              "mapping": "swapped_c0A_c1B",
              "A_part": 0,
              "B_part": 1
            },
            "line6_pre_parts": 2
          }
        },
        {
          "name": "basis_E01_times_E12",
          "reference": [
            [
              0,
              0,
              1,
              0
            ],
            [
              0,
              0,
              0,
              0
            ],
            [
              0,
              0,
              0,
              0
            ],
            [
              0,
              0,
              0,
              0
            ]
          ],
          "decoded": [
            [
              -17,
              -4,
              -13,
              -21
            ],
            [
              -15,
              0,
              -24,
              -9
            ],
            [
              10,
              25,
              7,
              -13
            ],
            [
              -23,
              14,
              -16,
              -4
            ]
          ],
          "analysis": {
            "all_rows_decrypted": true,
            "exact": false,
            "max_abs_err": 25,
            "l1_err": 216,
            "nonzero_positions_got": [
              [
                0,
                0,
                -17
              ],
              [
                0,
                1,
                -4
              ],
              [
                0,
                2,
                -13
              ],
              [
                0,
                3,
                -21
              ],
              [
                1,
                0,
                -15
              ],
              [
                1,
                2,
                -24
              ],
              [
                1,
                3,
                -9
              ],
              [
                2,
                0,
                10
              ],
              [
                2,
                1,
                25
              ],
              [
                2,
                2,
                7
              ],
              [
                2,
                3,
                -13
              ],
              [
                3,
                0,
                -23
              ],
              [
                3,
                1,
                14
              ],
              [
                3,
                2,
                -16
              ],
              [
                3,
                3,
                -4
              ]
            ],
            "nonzero_positions_ref": [
              [
                0,
                2,
                1
              ]
            ]
          },
          "trace_summary": {
            "U_cmt_auto_alphas": [
              1,
              3,
              5,
              7
            ],
            "T01_cmt_auto_alphas": [
              1,
              3,
              5,
              7
            ],
            "T00_cmt_auto_alphas": [
              1,
              3,
              5,
              7
            ],
            "extract_Ahat_Bhat": {
              "mapping": "swapped_c0A_c1B",
              "A_part": 0,
              "B_part": 1
            },
            "line6_pre_parts": 2
          }
        },
        {
          "name": "basis_E23_times_E31",
          "reference": [
            [
              0,
              0,
              0,
              0
            ],
            [
              0,
              0,
              0,
              0
            ],
            [
              0,
              1,
              0,
              0
            ],
            [
              0,
              0,
              0,
              0
            ]
          ],
          "decoded": [
            [
              2,
              -7,
              1,
              25
            ],
            [
              23,
              2,
              -14,
              -14
            ],
            [
              5,
              19,
              -10,
              -4
            ],
            [
              7,
              15,
              0,
              -10
            ]
          ],
          "analysis": {
            "all_rows_decrypted": true,
            "exact": false,
            "max_abs_err": 25,
            "l1_err": 157,
            "nonzero_positions_got": [
              [
                0,
                0,
                2
              ],
              [
                0,
                1,
                -7
              ],
              [
                0,
                2,
                1
              ],
              [
                0,
                3,
                25
              ],
              [
                1,
                0,
                23
              ],
              [
                1,
                1,
                2
              ],
              [
                1,
                2,
                -14
              ],
              [
                1,
                3,
                -14
              ],
              [
                2,
                0,
                5
              ],
              [
                2,
                1,
                19
              ],
              [
                2,
                2,
                -10
              ],
              [
                2,
                3,
                -4
              ],
              [
                3,
                0,
                7
              ],
              [
                3,
                1,
                15
              ],
              [
                3,
                3,
                -10
              ]
            ],
            "nonzero_positions_ref": [
              [
                2,
                1,
                1
              ]
            ]
          },
          "trace_summary": {
            "U_cmt_auto_alphas": [
              1,
              3,
              5,
              7
            ],
            "T01_cmt_auto_alphas": [
              1,
              3,
              5,
              7
            ],
            "T00_cmt_auto_alphas": [
              1,
              3,
              5,
              7
            ],
            "extract_Ahat_Bhat": {
              "mapping": "swapped_c0A_c1B",
              "A_part": 0,
              "B_part": 1
            },
            "line6_pre_parts": 2
          }
        }
      ]
    },
    {
      "variant": {
        "ppmm_left_T": true,
        "ppmm_right_T": false,
        "temp_pair_mapping": "normal_c0B_c1A",
        "line6_pair_mapping": "normal_c0B_c1A",
        "id": "LT_RI_pair-normal_c0B_c1A_line6-normal_c0B_c1A"
      },
      "score": {
        "exact_count": 0,
        "all_decrypted_count": 4,
        "total_l1_err": 840,
        "one_hot_got_nnz_total": 63
      },
      "case_results": [
        {
          "name": "basis_E00_times_E00",
          "reference": [
            [
              1,
              0,
              0,
              0
            ],
            [
              0,
              0,
              0,
              0
            ],
            [
              0,
              0,
              0,
              0
            ],
            [
              0,
              0,
              0,
              0
            ]
          ],
          "decoded": [
            [
              15,
              -5,
              3,
              23
            ],
            [
              24,
              19,
              -4,
              1
            ],
            [
              20,
              -5,
              15,
              -22
            ],
            [
              -6,
              15,
              -2,
              -23
            ]
          ],
          "analysis": {
            "all_rows_decrypted": true,
            "exact": false,
            "max_abs_err": 24,
            "l1_err": 201,
            "nonzero_positions_got": [
              [
                0,
                0,
                15
              ],
              [
                0,
                1,
                -5
              ],
              [
                0,
                2,
                3
              ],
              [
                0,
                3,
                23
              ],
              [
                1,
                0,
                24
              ],
              [
                1,
                1,
                19
              ],
              [
                1,
                2,
                -4
              ],
              [
                1,
                3,
                1
              ],
              [
                2,
                0,
                20
              ],
              [
                2,
                1,
                -5
              ],
              [
                2,
                2,
                15
              ],
              [
                2,
                3,
                -22
              ],
              [
                3,
                0,
                -6
              ],
              [
                3,
                1,
                15
              ],
              [
                3,
                2,
                -2
              ],
              [
                3,
                3,
                -23
              ]
            ],
            "nonzero_positions_ref": [
              [
                0,
                0,
                1
              ]
            ]
          },
          "trace_summary": {
            "U_cmt_auto_alphas": [
              1,
              3,
              5,
              7
            ],
            "T01_cmt_auto_alphas": [
              1,
              3,
              5,
              7
            ],
            "T00_cmt_auto_alphas": [
              1,
              3,
              5,
              7
            ],
            "extract_Ahat_Bhat": {
              "mapping": "normal_c0B_c1A",
              "A_part": 1,
              "B_part": 0
            },
            "line6_pre_parts": 2
          }
        },
        {
          "name": "basis_E01_times_E10",
          "reference": [
            [
              1,
              0,
              0,
              0
            ],
            [
              0,
              0,
              0,
              0
            ],
            [
              0,
              0,
              0,
              0
            ],
            [
              0,
              0,
              0,
              0
            ]
          ],
          "decoded": [
            [
              -8,
              -12,
              -3,
              -15
            ],
            [
              25,
              15,
              21,
              -20
            ],
            [
              -5,
              23,
              -19,
              -8
            ],
            [
              13,
              21,
              -24,
              -3
            ]
          ],
          "analysis": {
            "all_rows_decrypted": true,
            "exact": false,
            "max_abs_err": 25,
            "l1_err": 236,
            "nonzero_positions_got": [
              [
                0,
                0,
                -8
              ],
              [
                0,
                1,
                -12
              ],
              [
                0,
                2,
                -3
              ],
              [
                0,
                3,
                -15
              ],
              [
                1,
                0,
                25
              ],
              [
                1,
                1,
                15
              ],
              [
                1,
                2,
                21
              ],
              [
                1,
                3,
                -20
              ],
              [
                2,
                0,
                -5
              ],
              [
                2,
                1,
                23
              ],
              [
                2,
                2,
                -19
              ],
              [
                2,
                3,
                -8
              ],
              [
                3,
                0,
                13
              ],
              [
                3,
                1,
                21
              ],
              [
                3,
                2,
                -24
              ],
              [
                3,
                3,
                -3
              ]
            ],
            "nonzero_positions_ref": [
              [
                0,
                0,
                1
              ]
            ]
          },
          "trace_summary": {
            "U_cmt_auto_alphas": [
              1,
              3,
              5,
              7
            ],
            "T01_cmt_auto_alphas": [
              1,
              3,
              5,
              7
            ],
            "T00_cmt_auto_alphas": [
              1,
              3,
              5,
              7
            ],
            "extract_Ahat_Bhat": {
              "mapping": "normal_c0B_c1A",
              "A_part": 1,
              "B_part": 0
            },
            "line6_pre_parts": 2
          }
        },
        {
          "name": "basis_E01_times_E12",
          "reference": [
            [
              0,
              0,
              1,
              0
            ],
            [
              0,
              0,
              0,
              0
            ],
            [
              0,
              0,
              0,
              0
            ],
            [
              0,
              0,
              0,
              0
            ]
          ],
          "decoded": [
            [
              8,
              14,
              -22,
              -17
            ],
            [
              15,
              13,
              14,
              -19
            ],
            [
              -14,
              -14,
              -10,
              -20
            ],
            [
              -17,
              17,
              25,
              10
            ]
          ],
          "analysis": {
            "all_rows_decrypted": true,
            "exact": false,
            "max_abs_err": 25,
            "l1_err": 250,
            "nonzero_positions_got": [
              [
                0,
                0,
                8
              ],
              [
                0,
                1,
                14
              ],
              [
                0,
                2,
                -22
              ],
              [
                0,
                3,
                -17
              ],
              [
                1,
                0,
                15
              ],
              [
                1,
                1,
                13
              ],
              [
                1,
                2,
                14
              ],
              [
                1,
                3,
                -19
              ],
              [
                2,
                0,
                -14
              ],
              [
                2,
                1,
                -14
              ],
              [
                2,
                2,
                -10
              ],
              [
                2,
                3,
                -20
              ],
              [
                3,
                0,
                -17
              ],
              [
                3,
                1,
                17
              ],
              [
                3,
                2,
                25
              ],
              [
                3,
                3,
                10
              ]
            ],
            "nonzero_positions_ref": [
              [
                0,
                2,
                1
              ]
            ]
          },
          "trace_summary": {
            "U_cmt_auto_alphas": [
              1,
              3,
              5,
              7
            ],
            "T01_cmt_auto_alphas": [
              1,
              3,
              5,
              7
            ],
            "T00_cmt_auto_alphas": [
              1,
              3,
              5,
              7
            ],
            "extract_Ahat_Bhat": {
              "mapping": "normal_c0B_c1A",
              "A_part": 1,
              "B_part": 0
            },
            "line6_pre_parts": 2
          }
        },
        {
          "name": "basis_E23_times_E31",
          "reference": [
            [
              0,
              0,
              0,
              0
            ],
            [
              0,
              0,
              0,
              0
            ],
            [
              0,
              1,
              0,
              0
            ],
            [
              0,
              0,
              0,
              0
            ]
          ],
          "decoded": [
            [
              2,
              1,
              -1,
              -13
            ],
            [
              21,
              18,
              -22,
              5
            ],
            [
              4,
              -2,
              0,
              -13
            ],
            [
              17,
              -18,
              5,
              -10
            ]
          ],
          "analysis": {
            "all_rows_decrypted": true,
            "exact": false,
            "max_abs_err": 22,
            "l1_err": 153,
            "nonzero_positions_got": [
              [
                0,
                0,
                2
              ],
              [
                0,
                1,
                1
              ],
              [
                0,
                2,
                -1
              ],
              [
                0,
                3,
                -13
              ],
              [
                1,
                0,
                21
              ],
              [
                1,
                1,
                18
              ],
              [
                1,
                2,
                -22
              ],
              [
                1,
                3,
                5
              ],
              [
                2,
                0,
                4
              ],
              [
                2,
                1,
                -2
              ],
              [
                2,
                3,
                -13
              ],
              [
                3,
                0,
                17
              ],
              [
                3,
                1,
                -18
              ],
              [
                3,
                2,
                5
              ],
              [
                3,
                3,
                -10
              ]
            ],
            "nonzero_positions_ref": [
              [
                2,
                1,
                1
              ]
            ]
          },
          "trace_summary": {
            "U_cmt_auto_alphas": [
              1,
              3,
              5,
              7
            ],
            "T01_cmt_auto_alphas": [
              1,
              3,
              5,
              7
            ],
            "T00_cmt_auto_alphas": [
              1,
              3,
              5,
              7
            ],
            "extract_Ahat_Bhat": {
              "mapping": "normal_c0B_c1A",
              "A_part": 1,
              "B_part": 0
            },
            "line6_pre_parts": 2
          }
        }
      ]
    },
    {
      "variant": {
        "ppmm_left_T": true,
        "ppmm_right_T": false,
        "temp_pair_mapping": "normal_c0B_c1A",
        "line6_pair_mapping": "swapped_c0A_c1B",
        "id": "LT_RI_pair-normal_c0B_c1A_line6-swapped_c0A_c1B"
      },
      "score": {
        "exact_count": 0,
        "all_decrypted_count": 4,
        "total_l1_err": 806,
        "one_hot_got_nnz_total": 64
      },
      "case_results": [
        {
          "name": "basis_E00_times_E00",
          "reference": [
            [
              1,
              0,
              0,
              0
            ],
            [
              0,
              0,
              0,
              0
            ],
            [
              0,
              0,
              0,
              0
            ],
            [
              0,
              0,
              0,
              0
            ]
          ],
          "decoded": [
            [
              -11,
              -11,
              -8,
              25
            ],
            [
              -15,
              23,
              22,
              -8
            ],
            [
              17,
              20,
              -3,
              -12
            ],
            [
              16,
              -23,
              -9,
              15
            ]
          ],
          "analysis": {
            "all_rows_decrypted": true,
            "exact": false,
            "max_abs_err": 25,
            "l1_err": 239,
            "nonzero_positions_got": [
              [
                0,
                0,
                -11
              ],
              [
                0,
                1,
                -11
              ],
              [
                0,
                2,
                -8
              ],
              [
                0,
                3,
                25
              ],
              [
                1,
                0,
                -15
              ],
              [
                1,
                1,
                23
              ],
              [
                1,
                2,
                22
              ],
              [
                1,
                3,
                -8
              ],
              [
                2,
                0,
                17
              ],
              [
                2,
                1,
                20
              ],
              [
                2,
                2,
                -3
              ],
              [
                2,
                3,
                -12
              ],
              [
                3,
                0,
                16
              ],
              [
                3,
                1,
                -23
              ],
              [
                3,
                2,
                -9
              ],
              [
                3,
                3,
                15
              ]
            ],
            "nonzero_positions_ref": [
              [
                0,
                0,
                1
              ]
            ]
          },
          "trace_summary": {
            "U_cmt_auto_alphas": [
              1,
              3,
              5,
              7
            ],
            "T01_cmt_auto_alphas": [
              1,
              3,
              5,
              7
            ],
            "T00_cmt_auto_alphas": [
              1,
              3,
              5,
              7
            ],
            "extract_Ahat_Bhat": {
              "mapping": "normal_c0B_c1A",
              "A_part": 1,
              "B_part": 0
            },
            "line6_pre_parts": 2
          }
        },
        {
          "name": "basis_E01_times_E10",
          "reference": [
            [
              1,
              0,
              0,
              0
            ],
            [
              0,
              0,
              0,
              0
            ],
            [
              0,
              0,
              0,
              0
            ],
            [
              0,
              0,
              0,
              0
            ]
          ],
          "decoded": [
            [
              -8,
              7,
              -6,
              24
            ],
            [
              -19,
              -17,
              -4,
              -24
            ],
            [
              2,
              15,
              -1,
              -22
            ],
            [
              15,
              -7,
              22,
              -3
            ]
          ],
          "analysis": {
            "all_rows_decrypted": true,
            "exact": false,
            "max_abs_err": 24,
            "l1_err": 197,
            "nonzero_positions_got": [
              [
                0,
                0,
                -8
              ],
              [
                0,
                1,
                7
              ],
              [
                0,
                2,
                -6
              ],
              [
                0,
                3,
                24
              ],
              [
                1,
                0,
                -19
              ],
              [
                1,
                1,
                -17
              ],
              [
                1,
                2,
                -4
              ],
              [
                1,
                3,
                -24
              ],
              [
                2,
                0,
                2
              ],
              [
                2,
                1,
                15
              ],
              [
                2,
                2,
                -1
              ],
              [
                2,
                3,
                -22
              ],
              [
                3,
                0,
                15
              ],
              [
                3,
                1,
                -7
              ],
              [
                3,
                2,
                22
              ],
              [
                3,
                3,
                -3
              ]
            ],
            "nonzero_positions_ref": [
              [
                0,
                0,
                1
              ]
            ]
          },
          "trace_summary": {
            "U_cmt_auto_alphas": [
              1,
              3,
              5,
              7
            ],
            "T01_cmt_auto_alphas": [
              1,
              3,
              5,
              7
            ],
            "T00_cmt_auto_alphas": [
              1,
              3,
              5,
              7
            ],
            "extract_Ahat_Bhat": {
              "mapping": "normal_c0B_c1A",
              "A_part": 1,
              "B_part": 0
            },
            "line6_pre_parts": 2
          }
        },
        {
          "name": "basis_E01_times_E12",
          "reference": [
            [
              0,
              0,
              1,
              0
            ],
            [
              0,
              0,
              0,
              0
            ],
            [
              0,
              0,
              0,
              0
            ],
            [
              0,
              0,
              0,
              0
            ]
          ],
          "decoded": [
            [
              25,
              14,
              15,
              -2
            ],
            [
              -7,
              11,
              -1,
              10
            ],
            [
              -14,
              1,
              -11,
              16
            ],
            [
              11,
              -7,
              -22,
              22
            ]
          ],
          "analysis": {
            "all_rows_decrypted": true,
            "exact": false,
            "max_abs_err": 25,
            "l1_err": 188,
            "nonzero_positions_got": [
              [
                0,
                0,
                25
              ],
              [
                0,
                1,
                14
              ],
              [
                0,
                2,
                15
              ],
              [
                0,
                3,
                -2
              ],
              [
                1,
                0,
                -7
              ],
              [
                1,
                1,
                11
              ],
              [
                1,
                2,
                -1
              ],
              [
                1,
                3,
                10
              ],
              [
                2,
                0,
                -14
              ],
              [
                2,
                1,
                1
              ],
              [
                2,
                2,
                -11
              ],
              [
                2,
                3,
                16
              ],
              [
                3,
                0,
                11
              ],
              [
                3,
                1,
                -7
              ],
              [
                3,
                2,
                -22
              ],
              [
                3,
                3,
                22
              ]
            ],
            "nonzero_positions_ref": [
              [
                0,
                2,
                1
              ]
            ]
          },
          "trace_summary": {
            "U_cmt_auto_alphas": [
              1,
              3,
              5,
              7
            ],
            "T01_cmt_auto_alphas": [
              1,
              3,
              5,
              7
            ],
            "T00_cmt_auto_alphas": [
              1,
              3,
              5,
              7
            ],
            "extract_Ahat_Bhat": {
              "mapping": "normal_c0B_c1A",
              "A_part": 1,
              "B_part": 0
            },
            "line6_pre_parts": 2
          }
        },
        {
          "name": "basis_E23_times_E31",
          "reference": [
            [
              0,
              0,
              0,
              0
            ],
            [
              0,
              0,
              0,
              0
            ],
            [
              0,
              1,
              0,
              0
            ],
            [
              0,
              0,
              0,
              0
            ]
          ],
          "decoded": [
            [
              -7,
              19,
              -12,
              9
            ],
            [
              15,
              1,
              18,
              -9
            ],
            [
              7,
              9,
              9,
              -4
            ],
            [
              -22,
              7,
              17,
              18
            ]
          ],
          "analysis": {
            "all_rows_decrypted": true,
            "exact": false,
            "max_abs_err": 22,
            "l1_err": 182,
            "nonzero_positions_got": [
              [
                0,
                0,
                -7
              ],
              [
                0,
                1,
                19
              ],
              [
                0,
                2,
                -12
              ],
              [
                0,
                3,
                9
              ],
              [
                1,
                0,
                15
              ],
              [
                1,
                1,
                1
              ],
              [
                1,
                2,
                18
              ],
              [
                1,
                3,
                -9
              ],
              [
                2,
                0,
                7
              ],
              [
                2,
                1,
                9
              ],
              [
                2,
                2,
                9
              ],
              [
                2,
                3,
                -4
              ],
              [
                3,
                0,
                -22
              ],
              [
                3,
                1,
                7
              ],
              [
                3,
                2,
                17
              ],
              [
                3,
                3,
                18
              ]
            ],
            "nonzero_positions_ref": [
              [
                2,
                1,
                1
              ]
            ]
          },
          "trace_summary": {
            "U_cmt_auto_alphas": [
              1,
              3,
              5,
              7
            ],
            "T01_cmt_auto_alphas": [
              1,
              3,
              5,
              7
            ],
            "T00_cmt_auto_alphas": [
              1,
              3,
              5,
              7
            ],
            "extract_Ahat_Bhat": {
              "mapping": "normal_c0B_c1A",
              "A_part": 1,
              "B_part": 0
            },
            "line6_pre_parts": 2
          }
        }
      ]
    },
    {
      "variant": {
        "ppmm_left_T": true,
        "ppmm_right_T": false,
        "temp_pair_mapping": "swapped_c0A_c1B",
        "line6_pair_mapping": "normal_c0B_c1A",
        "id": "LT_RI_pair-swapped_c0A_c1B_line6-normal_c0B_c1A"
      },
      "score": {
        "exact_count": 0,
        "all_decrypted_count": 4,
        "total_l1_err": 817,
        "one_hot_got_nnz_total": 62
      },
      "case_results": [
        {
          "name": "basis_E00_times_E00",
          "reference": [
            [
              1,
              0,
              0,
              0
            ],
            [
              0,
              0,
              0,
              0
            ],
            [
              0,
              0,
              0,
              0
            ],
            [
              0,
              0,
              0,
              0
            ]
          ],
          "decoded": [
            [
              -2,
              3,
              6,
              -18
            ],
            [
              -3,
              12,
              7,
              -24
            ],
            [
              -7,
              11,
              -9,
              -4
            ],
            [
              18,
              -4,
              -19,
              -16
            ]
          ],
          "analysis": {
            "all_rows_decrypted": true,
            "exact": false,
            "max_abs_err": 24,
            "l1_err": 164,
            "nonzero_positions_got": [
              [
                0,
                0,
                -2
              ],
              [
                0,
                1,
                3
              ],
              [
                0,
                2,
                6
              ],
              [
                0,
                3,
                -18
              ],
              [
                1,
                0,
                -3
              ],
              [
                1,
                1,
                12
              ],
              [
                1,
                2,
                7
              ],
              [
                1,
                3,
                -24
              ],
              [
                2,
                0,
                -7
              ],
              [
                2,
                1,
                11
              ],
              [
                2,
                2,
                -9
              ],
              [
                2,
                3,
                -4
              ],
              [
                3,
                0,
                18
              ],
              [
                3,
                1,
                -4
              ],
              [
                3,
                2,
                -19
              ],
              [
                3,
                3,
                -16
              ]
            ],
            "nonzero_positions_ref": [
              [
                0,
                0,
                1
              ]
            ]
          },
          "trace_summary": {
            "U_cmt_auto_alphas": [
              1,
              3,
              5,
              7
            ],
            "T01_cmt_auto_alphas": [
              1,
              3,
              5,
              7
            ],
            "T00_cmt_auto_alphas": [
              1,
              3,
              5,
              7
            ],
            "extract_Ahat_Bhat": {
              "mapping": "swapped_c0A_c1B",
              "A_part": 0,
              "B_part": 1
            },
            "line6_pre_parts": 2
          }
        },
        {
          "name": "basis_E01_times_E10",
          "reference": [
            [
              1,
              0,
              0,
              0
            ],
            [
              0,
              0,
              0,
              0
            ],
            [
              0,
              0,
              0,
              0
            ],
            [
              0,
              0,
              0,
              0
            ]
          ],
          "decoded": [
            [
              -23,
              14,
              18,
              -23
            ],
            [
              0,
              10,
              -24,
              0
            ],
            [
              14,
              -21,
              22,
              -3
            ],
            [
              25,
              6,
              19,
              -13
            ]
          ],
          "analysis": {
            "all_rows_decrypted": true,
            "exact": false,
            "max_abs_err": 25,
            "l1_err": 236,
            "nonzero_positions_got": [
              [
                0,
                0,
                -23
              ],
              [
                0,
                1,
                14
              ],
              [
                0,
                2,
                18
              ],
              [
                0,
                3,
                -23
              ],
              [
                1,
                1,
                10
              ],
              [
                1,
                2,
                -24
              ],
              [
                2,
                0,
                14
              ],
              [
                2,
                1,
                -21
              ],
              [
                2,
                2,
                22
              ],
              [
                2,
                3,
                -3
              ],
              [
                3,
                0,
                25
              ],
              [
                3,
                1,
                6
              ],
              [
                3,
                2,
                19
              ],
              [
                3,
                3,
                -13
              ]
            ],
            "nonzero_positions_ref": [
              [
                0,
                0,
                1
              ]
            ]
          },
          "trace_summary": {
            "U_cmt_auto_alphas": [
              1,
              3,
              5,
              7
            ],
            "T01_cmt_auto_alphas": [
              1,
              3,
              5,
              7
            ],
            "T00_cmt_auto_alphas": [
              1,
              3,
              5,
              7
            ],
            "extract_Ahat_Bhat": {
              "mapping": "swapped_c0A_c1B",
              "A_part": 0,
              "B_part": 1
            },
            "line6_pre_parts": 2
          }
        },
        {
          "name": "basis_E01_times_E12",
          "reference": [
            [
              0,
              0,
              1,
              0
            ],
            [
              0,
              0,
              0,
              0
            ],
            [
              0,
              0,
              0,
              0
            ],
            [
              0,
              0,
              0,
              0
            ]
          ],
          "decoded": [
            [
              6,
              -22,
              -3,
              23
            ],
            [
              -24,
              9,
              -6,
              -22
            ],
            [
              14,
              -6,
              -3,
              -8
            ],
            [
              -6,
              24,
              10,
              -18
            ]
          ],
          "analysis": {
            "all_rows_decrypted": true,
            "exact": false,
            "max_abs_err": 24,
            "l1_err": 205,
            "nonzero_positions_got": [
              [
                0,
                0,
                6
              ],
              [
                0,
                1,
                -22
              ],
              [
                0,
                2,
                -3
              ],
              [
                0,
                3,
                23
              ],
              [
                1,
                0,
                -24
              ],
              [
                1,
                1,
                9
              ],
              [
                1,
                2,
                -6
              ],
              [
                1,
                3,
                -22
              ],
              [
                2,
                0,
                14
              ],
              [
                2,
                1,
                -6
              ],
              [
                2,
                2,
                -3
              ],
              [
                2,
                3,
                -8
              ],
              [
                3,
                0,
                -6
              ],
              [
                3,
                1,
                24
              ],
              [
                3,
                2,
                10
              ],
              [
                3,
                3,
                -18
              ]
            ],
            "nonzero_positions_ref": [
              [
                0,
                2,
                1
              ]
            ]
          },
          "trace_summary": {
            "U_cmt_auto_alphas": [
              1,
              3,
              5,
              7
            ],
            "T01_cmt_auto_alphas": [
              1,
              3,
              5,
              7
            ],
            "T00_cmt_auto_alphas": [
              1,
              3,
              5,
              7
            ],
            "extract_Ahat_Bhat": {
              "mapping": "swapped_c0A_c1B",
              "A_part": 0,
              "B_part": 1
            },
            "line6_pre_parts": 2
          }
        },
        {
          "name": "basis_E23_times_E31",
          "reference": [
            [
              0,
              0,
              0,
              0
            ],
            [
              0,
              0,
              0,
              0
            ],
            [
              0,
              1,
              0,
              0
            ],
            [
              0,
              0,
              0,
              0
            ]
          ],
          "decoded": [
            [
              15,
              9,
              13,
              20
            ],
            [
              7,
              24,
              11,
              24
            ],
            [
              17,
              -9,
              -4,
              -1
            ],
            [
              12,
              22,
              -7,
              16
            ]
          ],
          "analysis": {
            "all_rows_decrypted": true,
            "exact": false,
            "max_abs_err": 24,
            "l1_err": 212,
            "nonzero_positions_got": [
              [
                0,
                0,
                15
              ],
              [
                0,
                1,
                9
              ],
              [
                0,
                2,
                13
              ],
              [
                0,
                3,
                20
              ],
              [
                1,
                0,
                7
              ],
              [
                1,
                1,
                24
              ],
              [
                1,
                2,
                11
              ],
              [
                1,
                3,
                24
              ],
              [
                2,
                0,
                17
              ],
              [
                2,
                1,
                -9
              ],
              [
                2,
                2,
                -4
              ],
              [
                2,
                3,
                -1
              ],
              [
                3,
                0,
                12
              ],
              [
                3,
                1,
                22
              ],
              [
                3,
                2,
                -7
              ],
              [
                3,
                3,
                16
              ]
            ],
            "nonzero_positions_ref": [
              [
                2,
                1,
                1
              ]
            ]
          },
          "trace_summary": {
            "U_cmt_auto_alphas": [
              1,
              3,
              5,
              7
            ],
            "T01_cmt_auto_alphas": [
              1,
              3,
              5,
              7
            ],
            "T00_cmt_auto_alphas": [
              1,
              3,
              5,
              7
            ],
            "extract_Ahat_Bhat": {
              "mapping": "swapped_c0A_c1B",
              "A_part": 0,
              "B_part": 1
            },
            "line6_pre_parts": 2
          }
        }
      ]
    },
    {
      "variant": {
        "ppmm_left_T": true,
        "ppmm_right_T": false,
        "temp_pair_mapping": "swapped_c0A_c1B",
        "line6_pair_mapping": "swapped_c0A_c1B",
        "id": "LT_RI_pair-swapped_c0A_c1B_line6-swapped_c0A_c1B"
      },
      "score": {
        "exact_count": 0,
        "all_decrypted_count": 4,
        "total_l1_err": 825,
        "one_hot_got_nnz_total": 64
      },
      "case_results": [
        {
          "name": "basis_E00_times_E00",
          "reference": [
            [
              1,
              0,
              0,
              0
            ],
            [
              0,
              0,
              0,
              0
            ],
            [
              0,
              0,
              0,
              0
            ],
            [
              0,
              0,
              0,
              0
            ]
          ],
          "decoded": [
            [
              19,
              -13,
              14,
              19
            ],
            [
              -5,
              3,
              -4,
              21
            ],
            [
              2,
              21,
              9,
              10
            ],
            [
              12,
              5,
              -17,
              -7
            ]
          ],
          "analysis": {
            "all_rows_decrypted": true,
            "exact": false,
            "max_abs_err": 21,
            "l1_err": 180,
            "nonzero_positions_got": [
              [
                0,
                0,
                19
              ],
              [
                0,
                1,
                -13
              ],
              [
                0,
                2,
                14
              ],
              [
                0,
                3,
                19
              ],
              [
                1,
                0,
                -5
              ],
              [
                1,
                1,
                3
              ],
              [
                1,
                2,
                -4
              ],
              [
                1,
                3,
                21
              ],
              [
                2,
                0,
                2
              ],
              [
                2,
                1,
                21
              ],
              [
                2,
                2,
                9
              ],
              [
                2,
                3,
                10
              ],
              [
                3,
                0,
                12
              ],
              [
                3,
                1,
                5
              ],
              [
                3,
                2,
                -17
              ],
              [
                3,
                3,
                -7
              ]
            ],
            "nonzero_positions_ref": [
              [
                0,
                0,
                1
              ]
            ]
          },
          "trace_summary": {
            "U_cmt_auto_alphas": [
              1,
              3,
              5,
              7
            ],
            "T01_cmt_auto_alphas": [
              1,
              3,
              5,
              7
            ],
            "T00_cmt_auto_alphas": [
              1,
              3,
              5,
              7
            ],
            "extract_Ahat_Bhat": {
              "mapping": "swapped_c0A_c1B",
              "A_part": 0,
              "B_part": 1
            },
            "line6_pre_parts": 2
          }
        },
        {
          "name": "basis_E01_times_E10",
          "reference": [
            [
              1,
              0,
              0,
              0
            ],
            [
              0,
              0,
              0,
              0
            ],
            [
              0,
              0,
              0,
              0
            ],
            [
              0,
              0,
              0,
              0
            ]
          ],
          "decoded": [
            [
              -14,
              8,
              24,
              8
            ],
            [
              -4,
              -10,
              -23,
              -23
            ],
            [
              -16,
              17,
              -3,
              -9
            ],
            [
              4,
              -22,
              -13,
              -10
            ]
          ],
          "analysis": {
            "all_rows_decrypted": true,
            "exact": false,
            "max_abs_err": 24,
            "l1_err": 209,
            "nonzero_positions_got": [
              [
                0,
                0,
                -14
              ],
              [
                0,
                1,
                8
              ],
              [
                0,
                2,
                24
              ],
              [
                0,
                3,
                8
              ],
              [
                1,
                0,
                -4
              ],
              [
                1,
                1,
                -10
              ],
              [
                1,
                2,
                -23
              ],
              [
                1,
                3,
                -23
              ],
              [
                2,
                0,
                -16
              ],
              [
                2,
                1,
                17
              ],
              [
                2,
                2,
                -3
              ],
              [
                2,
                3,
                -9
              ],
              [
                3,
                0,
                4
              ],
              [
                3,
                1,
                -22
              ],
              [
                3,
                2,
                -13
              ],
              [
                3,
                3,
                -10
              ]
            ],
            "nonzero_positions_ref": [
              [
                0,
                0,
                1
              ]
            ]
          },
          "trace_summary": {
            "U_cmt_auto_alphas": [
              1,
              3,
              5,
              7
            ],
            "T01_cmt_auto_alphas": [
              1,
              3,
              5,
              7
            ],
            "T00_cmt_auto_alphas": [
              1,
              3,
              5,
              7
            ],
            "extract_Ahat_Bhat": {
              "mapping": "swapped_c0A_c1B",
              "A_part": 0,
              "B_part": 1
            },
            "line6_pre_parts": 2
          }
        },
        {
          "name": "basis_E01_times_E12",
          "reference": [
            [
              0,
              0,
              1,
              0
            ],
            [
              0,
              0,
              0,
              0
            ],
            [
              0,
              0,
              0,
              0
            ],
            [
              0,
              0,
              0,
              0
            ]
          ],
          "decoded": [
            [
              -15,
              17,
              -11,
              -21
            ],
            [
              -2,
              1,
              15,
              -7
            ],
            [
              3,
              25,
              -24,
              -15
            ],
            [
              -13,
              18,
              -17,
              -16
            ]
          ],
          "analysis": {
            "all_rows_decrypted": true,
            "exact": false,
            "max_abs_err": 25,
            "l1_err": 221,
            "nonzero_positions_got": [
              [
                0,
                0,
                -15
              ],
              [
                0,
                1,
                17
              ],
              [
                0,
                2,
                -11
              ],
              [
                0,
                3,
                -21
              ],
              [
                1,
                0,
                -2
              ],
              [
                1,
                1,
                1
              ],
              [
                1,
                2,
                15
              ],
              [
                1,
                3,
                -7
              ],
              [
                2,
                0,
                3
              ],
              [
                2,
                1,
                25
              ],
              [
                2,
                2,
                -24
              ],
              [
                2,
                3,
                -15
              ],
              [
                3,
                0,
                -13
              ],
              [
                3,
                1,
                18
              ],
              [
                3,
                2,
                -17
              ],
              [
                3,
                3,
                -16
              ]
            ],
            "nonzero_positions_ref": [
              [
                0,
                2,
                1
              ]
            ]
          },
          "trace_summary": {
            "U_cmt_auto_alphas": [
              1,
              3,
              5,
              7
            ],
            "T01_cmt_auto_alphas": [
              1,
              3,
              5,
              7
            ],
            "T00_cmt_auto_alphas": [
              1,
              3,
              5,
              7
            ],
            "extract_Ahat_Bhat": {
              "mapping": "swapped_c0A_c1B",
              "A_part": 0,
              "B_part": 1
            },
            "line6_pre_parts": 2
          }
        },
        {
          "name": "basis_E23_times_E31",
          "reference": [
            [
              0,
              0,
              0,
              0
            ],
            [
              0,
              0,
              0,
              0
            ],
            [
              0,
              1,
              0,
              0
            ],
            [
              0,
              0,
              0,
              0
            ]
          ],
          "decoded": [
            [
              10,
              -20,
              9,
              11
            ],
            [
              4,
              -20,
              -7,
              -7
            ],
            [
              15,
              12,
              -16,
              -14
            ],
            [
              25,
              8,
              -15,
              23
            ]
          ],
          "analysis": {
            "all_rows_decrypted": true,
            "exact": false,
            "max_abs_err": 25,
            "l1_err": 215,
            "nonzero_positions_got": [
              [
                0,
                0,
                10
              ],
              [
                0,
                1,
                -20
              ],
              [
                0,
                2,
                9
              ],
              [
                0,
                3,
                11
              ],
              [
                1,
                0,
                4
              ],
              [
                1,
                1,
                -20
              ],
              [
                1,
                2,
                -7
              ],
              [
                1,
                3,
                -7
              ],
              [
                2,
                0,
                15
              ],
              [
                2,
                1,
                12
              ],
              [
                2,
                2,
                -16
              ],
              [
                2,
                3,
                -14
              ],
              [
                3,
                0,
                25
              ],
              [
                3,
                1,
                8
              ],
              [
                3,
                2,
                -15
              ],
              [
                3,
                3,
                23
              ]
            ],
            "nonzero_positions_ref": [
              [
                2,
                1,
                1
              ]
            ]
          },
          "trace_summary": {
            "U_cmt_auto_alphas": [
              1,
              3,
              5,
              7
            ],
            "T01_cmt_auto_alphas": [
              1,
              3,
              5,
              7
            ],
            "T00_cmt_auto_alphas": [
              1,
              3,
              5,
              7
            ],
            "extract_Ahat_Bhat": {
              "mapping": "swapped_c0A_c1B",
              "A_part": 0,
              "B_part": 1
            },
            "line6_pre_parts": 2
          }
        }
      ]
    },
    {
      "variant": {
        "ppmm_left_T": true,
        "ppmm_right_T": true,
        "temp_pair_mapping": "normal_c0B_c1A",
        "line6_pair_mapping": "normal_c0B_c1A",
        "id": "LT_RT_pair-normal_c0B_c1A_line6-normal_c0B_c1A"
      },
      "score": {
        "exact_count": 0,
        "all_decrypted_count": 4,
        "total_l1_err": 909,
        "one_hot_got_nnz_total": 62
      },
      "case_results": [
        {
          "name": "basis_E00_times_E00",
          "reference": [
            [
              1,
              0,
              0,
              0
            ],
            [
              0,
              0,
              0,
              0
            ],
            [
              0,
              0,
              0,
              0
            ],
            [
              0,
              0,
              0,
              0
            ]
          ],
          "decoded": [
            [
              -13,
              -11,
              -17,
              18
            ],
            [
              22,
              -16,
              -14,
              12
            ],
            [
              -24,
              22,
              9,
              -17
            ],
            [
              -16,
              14,
              1,
              -20
            ]
          ],
          "analysis": {
            "all_rows_decrypted": true,
            "exact": false,
            "max_abs_err": 24,
            "l1_err": 247,
            "nonzero_positions_got": [
              [
                0,
                0,
                -13
              ],
              [
                0,
                1,
                -11
              ],
              [
                0,
                2,
                -17
              ],
              [
                0,
                3,
                18
              ],
              [
                1,
                0,
                22
              ],
              [
                1,
                1,
                -16
              ],
              [
                1,
                2,
                -14
              ],
              [
                1,
                3,
                12
              ],
              [
                2,
                0,
                -24
              ],
              [
                2,
                1,
                22
              ],
              [
                2,
                2,
                9
              ],
              [
                2,
                3,
                -17
              ],
              [
                3,
                0,
                -16
              ],
              [
                3,
                1,
                14
              ],
              [
                3,
                2,
                1
              ],
              [
                3,
                3,
                -20
              ]
            ],
            "nonzero_positions_ref": [
              [
                0,
                0,
                1
              ]
            ]
          },
          "trace_summary": {
            "U_cmt_auto_alphas": [
              1,
              3,
              5,
              7
            ],
            "T01_cmt_auto_alphas": [
              1,
              3,
              5,
              7
            ],
            "T00_cmt_auto_alphas": [
              1,
              3,
              5,
              7
            ],
            "extract_Ahat_Bhat": {
              "mapping": "normal_c0B_c1A",
              "A_part": 1,
              "B_part": 0
            },
            "line6_pre_parts": 2
          }
        },
        {
          "name": "basis_E01_times_E10",
          "reference": [
            [
              1,
              0,
              0,
              0
            ],
            [
              0,
              0,
              0,
              0
            ],
            [
              0,
              0,
              0,
              0
            ],
            [
              0,
              0,
              0,
              0
            ]
          ],
          "decoded": [
            [
              -7,
              18,
              -16,
              -13
            ],
            [
              -4,
              -8,
              23,
              -17
            ],
            [
              20,
              -2,
              -23,
              23
            ],
            [
              11,
              15,
              -14,
              -7
            ]
          ],
          "analysis": {
            "all_rows_decrypted": true,
            "exact": false,
            "max_abs_err": 23,
            "l1_err": 222,
            "nonzero_positions_got": [
              [
                0,
                0,
                -7
              ],
              [
                0,
                1,
                18
              ],
              [
                0,
                2,
                -16
              ],
              [
                0,
                3,
                -13
              ],
              [
                1,
                0,
                -4
              ],
              [
                1,
                1,
                -8
              ],
              [
                1,
                2,
                23
              ],
              [
                1,
                3,
                -17
              ],
              [
                2,
                0,
                20
              ],
              [
                2,
                1,
                -2
              ],
              [
                2,
                2,
                -23
              ],
              [
                2,
                3,
                23
              ],
              [
                3,
                0,
                11
              ],
              [
                3,
                1,
                15
              ],
              [
                3,
                2,
                -14
              ],
              [
                3,
                3,
                -7
              ]
            ],
            "nonzero_positions_ref": [
              [
                0,
                0,
                1
              ]
            ]
          },
          "trace_summary": {
            "U_cmt_auto_alphas": [
              1,
              3,
              5,
              7
            ],
            "T01_cmt_auto_alphas": [
              1,
              3,
              5,
              7
            ],
            "T00_cmt_auto_alphas": [
              1,
              3,
              5,
              7
            ],
            "extract_Ahat_Bhat": {
              "mapping": "normal_c0B_c1A",
              "A_part": 1,
              "B_part": 0
            },
            "line6_pre_parts": 2
          }
        },
        {
          "name": "basis_E01_times_E12",
          "reference": [
            [
              0,
              0,
              1,
              0
            ],
            [
              0,
              0,
              0,
              0
            ],
            [
              0,
              0,
              0,
              0
            ],
            [
              0,
              0,
              0,
              0
            ]
          ],
          "decoded": [
            [
              9,
              11,
              -8,
              1
            ],
            [
              15,
              21,
              0,
              -7
            ],
            [
              8,
              13,
              -1,
              -10
            ],
            [
              -20,
              24,
              -23,
              -23
            ]
          ],
          "analysis": {
            "all_rows_decrypted": true,
            "exact": false,
            "max_abs_err": 24,
            "l1_err": 195,
            "nonzero_positions_got": [
              [
                0,
                0,
                9
              ],
              [
                0,
                1,
                11
              ],
              [
                0,
                2,
                -8
              ],
              [
                0,
                3,
                1
              ],
              [
                1,
                0,
                15
              ],
              [
                1,
                1,
                21
              ],
              [
                1,
                3,
                -7
              ],
              [
                2,
                0,
                8
              ],
              [
                2,
                1,
                13
              ],
              [
                2,
                2,
                -1
              ],
              [
                2,
                3,
                -10
              ],
              [
                3,
                0,
                -20
              ],
              [
                3,
                1,
                24
              ],
              [
                3,
                2,
                -23
              ],
              [
                3,
                3,
                -23
              ]
            ],
            "nonzero_positions_ref": [
              [
                0,
                2,
                1
              ]
            ]
          },
          "trace_summary": {
            "U_cmt_auto_alphas": [
              1,
              3,
              5,
              7
            ],
            "T01_cmt_auto_alphas": [
              1,
              3,
              5,
              7
            ],
            "T00_cmt_auto_alphas": [
              1,
              3,
              5,
              7
            ],
            "extract_Ahat_Bhat": {
              "mapping": "normal_c0B_c1A",
              "A_part": 1,
              "B_part": 0
            },
            "line6_pre_parts": 2
          }
        },
        {
          "name": "basis_E23_times_E31",
          "reference": [
            [
              0,
              0,
              0,
              0
            ],
            [
              0,
              0,
              0,
              0
            ],
            [
              0,
              1,
              0,
              0
            ],
            [
              0,
              0,
              0,
              0
            ]
          ],
          "decoded": [
            [
              -21,
              21,
              -21,
              -20
            ],
            [
              21,
              -1,
              -16,
              0
            ],
            [
              -20,
              8,
              6,
              25
            ],
            [
              25,
              6,
              25,
              -10
            ]
          ],
          "analysis": {
            "all_rows_decrypted": true,
            "exact": false,
            "max_abs_err": 25,
            "l1_err": 245,
            "nonzero_positions_got": [
              [
                0,
                0,
                -21
              ],
              [
                0,
                1,
                21
              ],
              [
                0,
                2,
                -21
              ],
              [
                0,
                3,
                -20
              ],
              [
                1,
                0,
                21
              ],
              [
                1,
                1,
                -1
              ],
              [
                1,
                2,
                -16
              ],
              [
                2,
                0,
                -20
              ],
              [
                2,
                1,
                8
              ],
              [
                2,
                2,
                6
              ],
              [
                2,
                3,
                25
              ],
              [
                3,
                0,
                25
              ],
              [
                3,
                1,
                6
              ],
              [
                3,
                2,
                25
              ],
              [
                3,
                3,
                -10
              ]
            ],
            "nonzero_positions_ref": [
              [
                2,
                1,
                1
              ]
            ]
          },
          "trace_summary": {
            "U_cmt_auto_alphas": [
              1,
              3,
              5,
              7
            ],
            "T01_cmt_auto_alphas": [
              1,
              3,
              5,
              7
            ],
            "T00_cmt_auto_alphas": [
              1,
              3,
              5,
              7
            ],
            "extract_Ahat_Bhat": {
              "mapping": "normal_c0B_c1A",
              "A_part": 1,
              "B_part": 0
            },
            "line6_pre_parts": 2
          }
        }
      ]
    },
    {
      "variant": {
        "ppmm_left_T": true,
        "ppmm_right_T": true,
        "temp_pair_mapping": "normal_c0B_c1A",
        "line6_pair_mapping": "swapped_c0A_c1B",
        "id": "LT_RT_pair-normal_c0B_c1A_line6-swapped_c0A_c1B"
      },
      "score": {
        "exact_count": 0,
        "all_decrypted_count": 4,
        "total_l1_err": 833,
        "one_hot_got_nnz_total": 62
      },
      "case_results": [
        {
          "name": "basis_E00_times_E00",
          "reference": [
            [
              1,
              0,
              0,
              0
            ],
            [
              0,
              0,
              0,
              0
            ],
            [
              0,
              0,
              0,
              0
            ],
            [
              0,
              0,
              0,
              0
            ]
          ],
          "decoded": [
            [
              -1,
              -24,
              -17,
              2
            ],
            [
              -6,
              4,
              -10,
              -17
            ],
            [
              -23,
              -7,
              21,
              17
            ],
            [
              22,
              13,
              0,
              -20
            ]
          ],
          "analysis": {
            "all_rows_decrypted": true,
            "exact": false,
            "max_abs_err": 24,
            "l1_err": 205,
            "nonzero_positions_got": [
              [
                0,
                0,
                -1
              ],
              [
                0,
                1,
                -24
              ],
              [
                0,
                2,
                -17
              ],
              [
                0,
                3,
                2
              ],
              [
                1,
                0,
                -6
              ],
              [
                1,
                1,
                4
              ],
              [
                1,
                2,
                -10
              ],
              [
                1,
                3,
                -17
              ],
              [
                2,
                0,
                -23
              ],
              [
                2,
                1,
                -7
              ],
              [
                2,
                2,
                21
              ],
              [
                2,
                3,
                17
              ],
              [
                3,
                0,
                22
              ],
              [
                3,
                1,
                13
              ],
              [
                3,
                3,
                -20
              ]
            ],
            "nonzero_positions_ref": [
              [
                0,
                0,
                1
              ]
            ]
          },
          "trace_summary": {
            "U_cmt_auto_alphas": [
              1,
              3,
              5,
              7
            ],
            "T01_cmt_auto_alphas": [
              1,
              3,
              5,
              7
            ],
            "T00_cmt_auto_alphas": [
              1,
              3,
              5,
              7
            ],
            "extract_Ahat_Bhat": {
              "mapping": "normal_c0B_c1A",
              "A_part": 1,
              "B_part": 0
            },
            "line6_pre_parts": 2
          }
        },
        {
          "name": "basis_E01_times_E10",
          "reference": [
            [
              1,
              0,
              0,
              0
            ],
            [
              0,
              0,
              0,
              0
            ],
            [
              0,
              0,
              0,
              0
            ],
            [
              0,
              0,
              0,
              0
            ]
          ],
          "decoded": [
            [
              -7,
              16,
              5,
              -14
            ],
            [
              -22,
              -14,
              20,
              22
            ],
            [
              7,
              25,
              -1,
              23
            ],
            [
              -6,
              25,
              14,
              -16
            ]
          ],
          "analysis": {
            "all_rows_decrypted": true,
            "exact": false,
            "max_abs_err": 25,
            "l1_err": 238,
            "nonzero_positions_got": [
              [
                0,
                0,
                -7
              ],
              [
                0,
                1,
                16
              ],
              [
                0,
                2,
                5
              ],
              [
                0,
                3,
                -14
              ],
              [
                1,
                0,
                -22
              ],
              [
                1,
                1,
                -14
              ],
              [
                1,
                2,
                20
              ],
              [
                1,
                3,
                22
              ],
              [
                2,
                0,
                7
              ],
              [
                2,
                1,
                25
              ],
              [
                2,
                2,
                -1
              ],
              [
                2,
                3,
                23
              ],
              [
                3,
                0,
                -6
              ],
              [
                3,
                1,
                25
              ],
              [
                3,
                2,
                14
              ],
              [
                3,
                3,
                -16
              ]
            ],
            "nonzero_positions_ref": [
              [
                0,
                0,
                1
              ]
            ]
          },
          "trace_summary": {
            "U_cmt_auto_alphas": [
              1,
              3,
              5,
              7
            ],
            "T01_cmt_auto_alphas": [
              1,
              3,
              5,
              7
            ],
            "T00_cmt_auto_alphas": [
              1,
              3,
              5,
              7
            ],
            "extract_Ahat_Bhat": {
              "mapping": "normal_c0B_c1A",
              "A_part": 1,
              "B_part": 0
            },
            "line6_pre_parts": 2
          }
        },
        {
          "name": "basis_E01_times_E12",
          "reference": [
            [
              0,
              0,
              1,
              0
            ],
            [
              0,
              0,
              0,
              0
            ],
            [
              0,
              0,
              0,
              0
            ],
            [
              0,
              0,
              0,
              0
            ]
          ],
          "decoded": [
            [
              23,
              23,
              0,
              15
            ],
            [
              12,
              1,
              -4,
              3
            ],
            [
              -17,
              6,
              -2,
              24
            ],
            [
              -18,
              -5,
              -15,
              13
            ]
          ],
          "analysis": {
            "all_rows_decrypted": true,
            "exact": false,
            "max_abs_err": 24,
            "l1_err": 182,
            "nonzero_positions_got": [
              [
                0,
                0,
                23
              ],
              [
                0,
                1,
                23
              ],
              [
                0,
                3,
                15
              ],
              [
                1,
                0,
                12
              ],
              [
                1,
                1,
                1
              ],
              [
                1,
                2,
                -4
              ],
              [
                1,
                3,
                3
              ],
              [
                2,
                0,
                -17
              ],
              [
                2,
                1,
                6
              ],
              [
                2,
                2,
                -2
              ],
              [
                2,
                3,
                24
              ],
              [
                3,
                0,
                -18
              ],
              [
                3,
                1,
                -5
              ],
              [
                3,
                2,
                -15
              ],
              [
                3,
                3,
                13
              ]
            ],
            "nonzero_positions_ref": [
              [
                0,
                2,
                1
              ]
            ]
          },
          "trace_summary": {
            "U_cmt_auto_alphas": [
              1,
              3,
              5,
              7
            ],
            "T01_cmt_auto_alphas": [
              1,
              3,
              5,
              7
            ],
            "T00_cmt_auto_alphas": [
              1,
              3,
              5,
              7
            ],
            "extract_Ahat_Bhat": {
              "mapping": "normal_c0B_c1A",
              "A_part": 1,
              "B_part": 0
            },
            "line6_pre_parts": 2
          }
        },
        {
          "name": "basis_E23_times_E31",
          "reference": [
            [
              0,
              0,
              0,
              0
            ],
            [
              0,
              0,
              0,
              0
            ],
            [
              0,
              1,
              0,
              0
            ],
            [
              0,
              0,
              0,
              0
            ]
          ],
          "decoded": [
            [
              -19,
              -23,
              -15,
              3
            ],
            [
              -20,
              -15,
              -21,
              12
            ],
            [
              -6,
              9,
              15,
              -13
            ],
            [
              8,
              -5,
              15,
              -10
            ]
          ],
          "analysis": {
            "all_rows_decrypted": true,
            "exact": false,
            "max_abs_err": 23,
            "l1_err": 208,
            "nonzero_positions_got": [
              [
                0,
                0,
                -19
              ],
              [
                0,
                1,
                -23
              ],
              [
                0,
                2,
                -15
              ],
              [
                0,
                3,
                3
              ],
              [
                1,
                0,
                -20
              ],
              [
                1,
                1,
                -15
              ],
              [
                1,
                2,
                -21
              ],
              [
                1,
                3,
                12
              ],
              [
                2,
                0,
                -6
              ],
              [
                2,
                1,
                9
              ],
              [
                2,
                2,
                15
              ],
              [
                2,
                3,
                -13
              ],
              [
                3,
                0,
                8
              ],
              [
                3,
                1,
                -5
              ],
              [
                3,
                2,
                15
              ],
              [
                3,
                3,
                -10
              ]
            ],
            "nonzero_positions_ref": [
              [
                2,
                1,
                1
              ]
            ]
          },
          "trace_summary": {
            "U_cmt_auto_alphas": [
              1,
              3,
              5,
              7
            ],
            "T01_cmt_auto_alphas": [
              1,
              3,
              5,
              7
            ],
            "T00_cmt_auto_alphas": [
              1,
              3,
              5,
              7
            ],
            "extract_Ahat_Bhat": {
              "mapping": "normal_c0B_c1A",
              "A_part": 1,
              "B_part": 0
            },
            "line6_pre_parts": 2
          }
        }
      ]
    },
    {
      "variant": {
        "ppmm_left_T": true,
        "ppmm_right_T": true,
        "temp_pair_mapping": "swapped_c0A_c1B",
        "line6_pair_mapping": "normal_c0B_c1A",
        "id": "LT_RT_pair-swapped_c0A_c1B_line6-normal_c0B_c1A"
      },
      "score": {
        "exact_count": 0,
        "all_decrypted_count": 4,
        "total_l1_err": 816,
        "one_hot_got_nnz_total": 64
      },
      "case_results": [
        {
          "name": "basis_E00_times_E00",
          "reference": [
            [
              1,
              0,
              0,
              0
            ],
            [
              0,
              0,
              0,
              0
            ],
            [
              0,
              0,
              0,
              0
            ],
            [
              0,
              0,
              0,
              0
            ]
          ],
          "decoded": [
            [
              -1,
              10,
              24,
              -14
            ],
            [
              22,
              -6,
              23,
              3
            ],
            [
              14,
              16,
              1,
              6
            ],
            [
              -13,
              -2,
              -21,
              21
            ]
          ],
          "analysis": {
            "all_rows_decrypted": true,
            "exact": false,
            "max_abs_err": 24,
            "l1_err": 198,
            "nonzero_positions_got": [
              [
                0,
                0,
                -1
              ],
              [
                0,
                1,
                10
              ],
              [
                0,
                2,
                24
              ],
              [
                0,
                3,
                -14
              ],
              [
                1,
                0,
                22
              ],
              [
                1,
                1,
                -6
              ],
              [
                1,
                2,
                23
              ],
              [
                1,
                3,
                3
              ],
              [
                2,
                0,
                14
              ],
              [
                2,
                1,
                16
              ],
              [
                2,
                2,
                1
              ],
              [
                2,
                3,
                6
              ],
              [
                3,
                0,
                -13
              ],
              [
                3,
                1,
                -2
              ],
              [
                3,
                2,
                -21
              ],
              [
                3,
                3,
                21
              ]
            ],
            "nonzero_positions_ref": [
              [
                0,
                0,
                1
              ]
            ]
          },
          "trace_summary": {
            "U_cmt_auto_alphas": [
              1,
              3,
              5,
              7
            ],
            "T01_cmt_auto_alphas": [
              1,
              3,
              5,
              7
            ],
            "T00_cmt_auto_alphas": [
              1,
              3,
              5,
              7
            ],
            "extract_Ahat_Bhat": {
              "mapping": "swapped_c0A_c1B",
              "A_part": 0,
              "B_part": 1
            },
            "line6_pre_parts": 2
          }
        },
        {
          "name": "basis_E01_times_E10",
          "reference": [
            [
              1,
              0,
              0,
              0
            ],
            [
              0,
              0,
              0,
              0
            ],
            [
              0,
              0,
              0,
              0
            ],
            [
              0,
              0,
              0,
              0
            ]
          ],
          "decoded": [
            [
              3,
              -23,
              11,
              -5
            ],
            [
              11,
              22,
              -16,
              12
            ],
            [
              -19,
              -18,
              8,
              11
            ],
            [
              -7,
              17,
              -12,
              -3
            ]
          ],
          "analysis": {
            "all_rows_decrypted": true,
            "exact": false,
            "max_abs_err": 23,
            "l1_err": 197,
            "nonzero_positions_got": [
              [
                0,
                0,
                3
              ],
              [
                0,
                1,
                -23
              ],
              [
                0,
                2,
                11
              ],
              [
                0,
                3,
                -5
              ],
              [
                1,
                0,
                11
              ],
              [
                1,
                1,
                22
              ],
              [
                1,
                2,
                -16
              ],
              [
                1,
                3,
                12
              ],
              [
                2,
                0,
                -19
              ],
              [
                2,
                1,
                -18
              ],
              [
                2,
                2,
                8
              ],
              [
                2,
                3,
                11
              ],
              [
                3,
                0,
                -7
              ],
              [
                3,
                1,
                17
              ],
              [
                3,
                2,
                -12
              ],
              [
                3,
                3,
                -3
              ]
            ],
            "nonzero_positions_ref": [
              [
                0,
                0,
                1
              ]
            ]
          },
          "trace_summary": {
            "U_cmt_auto_alphas": [
              1,
              3,
              5,
              7
            ],
            "T01_cmt_auto_alphas": [
              1,
              3,
              5,
              7
            ],
            "T00_cmt_auto_alphas": [
              1,
              3,
              5,
              7
            ],
            "extract_Ahat_Bhat": {
              "mapping": "swapped_c0A_c1B",
              "A_part": 0,
              "B_part": 1
            },
            "line6_pre_parts": 2
          }
        },
        {
          "name": "basis_E01_times_E12",
          "reference": [
            [
              0,
              0,
              1,
              0
            ],
            [
              0,
              0,
              0,
              0
            ],
            [
              0,
              0,
              0,
              0
            ],
            [
              0,
              0,
              0,
              0
            ]
          ],
          "decoded": [
            [
              -1,
              -8,
              7,
              25
            ],
            [
              4,
              18,
              -5,
              8
            ],
            [
              -23,
              15,
              -7,
              9
            ],
            [
              -16,
              11,
              11,
              -2
            ]
          ],
          "analysis": {
            "all_rows_decrypted": true,
            "exact": false,
            "max_abs_err": 25,
            "l1_err": 169,
            "nonzero_positions_got": [
              [
                0,
                0,
                -1
              ],
              [
                0,
                1,
                -8
              ],
              [
                0,
                2,
                7
              ],
              [
                0,
                3,
                25
              ],
              [
                1,
                0,
                4
              ],
              [
                1,
                1,
                18
              ],
              [
                1,
                2,
                -5
              ],
              [
                1,
                3,
                8
              ],
              [
                2,
                0,
                -23
              ],
              [
                2,
                1,
                15
              ],
              [
                2,
                2,
                -7
              ],
              [
                2,
                3,
                9
              ],
              [
                3,
                0,
                -16
              ],
              [
                3,
                1,
                11
              ],
              [
                3,
                2,
                11
              ],
              [
                3,
                3,
                -2
              ]
            ],
            "nonzero_positions_ref": [
              [
                0,
                2,
                1
              ]
            ]
          },
          "trace_summary": {
            "U_cmt_auto_alphas": [
              1,
              3,
              5,
              7
            ],
            "T01_cmt_auto_alphas": [
              1,
              3,
              5,
              7
            ],
            "T00_cmt_auto_alphas": [
              1,
              3,
              5,
              7
            ],
            "extract_Ahat_Bhat": {
              "mapping": "swapped_c0A_c1B",
              "A_part": 0,
              "B_part": 1
            },
            "line6_pre_parts": 2
          }
        },
        {
          "name": "basis_E23_times_E31",
          "reference": [
            [
              0,
              0,
              0,
              0
            ],
            [
              0,
              0,
              0,
              0
            ],
            [
              0,
              1,
              0,
              0
            ],
            [
              0,
              0,
              0,
              0
            ]
          ],
          "decoded": [
            [
              13,
              11,
              18,
              -20
            ],
            [
              16,
              -24,
              25,
              3
            ],
            [
              -20,
              -24,
              8,
              16
            ],
            [
              8,
              -16,
              -11,
              -18
            ]
          ],
          "analysis": {
            "all_rows_decrypted": true,
            "exact": false,
            "max_abs_err": 25,
            "l1_err": 252,
            "nonzero_positions_got": [
              [
                0,
                0,
                13
              ],
              [
                0,
                1,
                11
              ],
              [
                0,
                2,
                18
              ],
              [
                0,
                3,
                -20
              ],
              [
                1,
                0,
                16
              ],
              [
                1,
                1,
                -24
              ],
              [
                1,
                2,
                25
              ],
              [
                1,
                3,
                3
              ],
              [
                2,
                0,
                -20
              ],
              [
                2,
                1,
                -24
              ],
              [
                2,
                2,
                8
              ],
              [
                2,
                3,
                16
              ],
              [
                3,
                0,
                8
              ],
              [
                3,
                1,
                -16
              ],
              [
                3,
                2,
                -11
              ],
              [
                3,
                3,
                -18
              ]
            ],
            "nonzero_positions_ref": [
              [
                2,
                1,
                1
              ]
            ]
          },
          "trace_summary": {
            "U_cmt_auto_alphas": [
              1,
              3,
              5,
              7
            ],
            "T01_cmt_auto_alphas": [
              1,
              3,
              5,
              7
            ],
            "T00_cmt_auto_alphas": [
              1,
              3,
              5,
              7
            ],
            "extract_Ahat_Bhat": {
              "mapping": "swapped_c0A_c1B",
              "A_part": 0,
              "B_part": 1
            },
            "line6_pre_parts": 2
          }
        }
      ]
    },
    {
      "variant": {
        "ppmm_left_T": true,
        "ppmm_right_T": true,
        "temp_pair_mapping": "swapped_c0A_c1B",
        "line6_pair_mapping": "swapped_c0A_c1B",
        "id": "LT_RT_pair-swapped_c0A_c1B_line6-swapped_c0A_c1B"
      },
      "score": {
        "exact_count": 0,
        "all_decrypted_count": 4,
        "total_l1_err": 825,
        "one_hot_got_nnz_total": 63
      },
      "case_results": [
        {
          "name": "basis_E00_times_E00",
          "reference": [
            [
              1,
              0,
              0,
              0
            ],
            [
              0,
              0,
              0,
              0
            ],
            [
              0,
              0,
              0,
              0
            ],
            [
              0,
              0,
              0,
              0
            ]
          ],
          "decoded": [
            [
              15,
              -19,
              -12,
              15
            ],
            [
              -14,
              23,
              -11,
              15
            ],
            [
              -7,
              -13,
              12,
              -19
            ],
            [
              15,
              10,
              -19,
              6
            ]
          ],
          "analysis": {
            "all_rows_decrypted": true,
            "exact": false,
            "max_abs_err": 23,
            "l1_err": 224,
            "nonzero_positions_got": [
              [
                0,
                0,
                15
              ],
              [
                0,
                1,
                -19
              ],
              [
                0,
                2,
                -12
              ],
              [
                0,
                3,
                15
              ],
              [
                1,
                0,
                -14
              ],
              [
                1,
                1,
                23
              ],
              [
                1,
                2,
                -11
              ],
              [
                1,
                3,
                15
              ],
              [
                2,
                0,
                -7
              ],
              [
                2,
                1,
                -13
              ],
              [
                2,
                2,
                12
              ],
              [
                2,
                3,
                -19
              ],
              [
                3,
                0,
                15
              ],
              [
                3,
                1,
                10
              ],
              [
                3,
                2,
                -19
              ],
              [
                3,
                3,
                6
              ]
            ],
            "nonzero_positions_ref": [
              [
                0,
                0,
                1
              ]
            ]
          },
          "trace_summary": {
            "U_cmt_auto_alphas": [
              1,
              3,
              5,
              7
            ],
            "T01_cmt_auto_alphas": [
              1,
              3,
              5,
              7
            ],
            "T00_cmt_auto_alphas": [
              1,
              3,
              5,
              7
            ],
            "extract_Ahat_Bhat": {
              "mapping": "swapped_c0A_c1B",
              "A_part": 0,
              "B_part": 1
            },
            "line6_pre_parts": 2
          }
        },
        {
          "name": "basis_E01_times_E10",
          "reference": [
            [
              1,
              0,
              0,
              0
            ],
            [
              0,
              0,
              0,
              0
            ],
            [
              0,
              0,
              0,
              0
            ],
            [
              0,
              0,
              0,
              0
            ]
          ],
          "decoded": [
            [
              -5,
              8,
              21,
              -19
            ],
            [
              5,
              -21,
              3,
              14
            ],
            [
              -1,
              -16,
              2,
              21
            ],
            [
              3,
              -19,
              -11,
              -24
            ]
          ],
          "analysis": {
            "all_rows_decrypted": true,
            "exact": false,
            "max_abs_err": 24,
            "l1_err": 194,
            "nonzero_positions_got": [
              [
                0,
                0,
                -5
              ],
              [
                0,
                1,
                8
              ],
              [
                0,
                2,
                21
              ],
              [
                0,
                3,
                -19
              ],
              [
                1,
                0,
                5
              ],
              [
                1,
                1,
                -21
              ],
              [
                1,
                2,
                3
              ],
              [
                1,
                3,
                14
              ],
              [
                2,
                0,
                -1
              ],
              [
                2,
                1,
                -16
              ],
              [
                2,
                2,
                2
              ],
              [
                2,
                3,
                21
              ],
              [
                3,
                0,
                3
              ],
              [
                3,
                1,
                -19
              ],
              [
                3,
                2,
                -11
              ],
              [
                3,
                3,
                -24
              ]
            ],
            "nonzero_positions_ref": [
              [
                0,
                0,
                1
              ]
            ]
          },
          "trace_summary": {
            "U_cmt_auto_alphas": [
              1,
              3,
              5,
              7
            ],
            "T01_cmt_auto_alphas": [
              1,
              3,
              5,
              7
            ],
            "T00_cmt_auto_alphas": [
              1,
              3,
              5,
              7
            ],
            "extract_Ahat_Bhat": {
              "mapping": "swapped_c0A_c1B",
              "A_part": 0,
              "B_part": 1
            },
            "line6_pre_parts": 2
          }
        },
        {
          "name": "basis_E01_times_E12",
          "reference": [
            [
              0,
              0,
              1,
              0
            ],
            [
              0,
              0,
              0,
              0
            ],
            [
              0,
              0,
              0,
              0
            ],
            [
              0,
              0,
              0,
              0
            ]
          ],
          "decoded": [
            [
              -23,
              22,
              11,
              -6
            ],
            [
              24,
              20,
              -6,
              23
            ],
            [
              -11,
              -5,
              19,
              -6
            ],
            [
              6,
              22,
              -15,
              -24
            ]
          ],
          "analysis": {
            "all_rows_decrypted": true,
            "exact": false,
            "max_abs_err": 24,
            "l1_err": 242,
            "nonzero_positions_got": [
              [
                0,
                0,
                -23
              ],
              [
                0,
                1,
                22
              ],
              [
                0,
                2,
                11
              ],
              [
                0,
                3,
                -6
              ],
              [
                1,
                0,
                24
              ],
              [
                1,
                1,
                20
              ],
              [
                1,
                2,
                -6
              ],
              [
                1,
                3,
                23
              ],
              [
                2,
                0,
                -11
              ],
              [
                2,
                1,
                -5
              ],
              [
                2,
                2,
                19
              ],
              [
                2,
                3,
                -6
              ],
              [
                3,
                0,
                6
              ],
              [
                3,
                1,
                22
              ],
              [
                3,
                2,
                -15
              ],
              [
                3,
                3,
                -24
              ]
            ],
            "nonzero_positions_ref": [
              [
                0,
                2,
                1
              ]
            ]
          },
          "trace_summary": {
            "U_cmt_auto_alphas": [
              1,
              3,
              5,
              7
            ],
            "T01_cmt_auto_alphas": [
              1,
              3,
              5,
              7
            ],
            "T00_cmt_auto_alphas": [
              1,
              3,
              5,
              7
            ],
            "extract_Ahat_Bhat": {
              "mapping": "swapped_c0A_c1B",
              "A_part": 0,
              "B_part": 1
            },
            "line6_pre_parts": 2
          }
        },
        {
          "name": "basis_E23_times_E31",
          "reference": [
            [
              0,
              0,
              0,
              0
            ],
            [
              0,
              0,
              0,
              0
            ],
            [
              0,
              1,
              0,
              0
            ],
            [
              0,
              0,
              0,
              0
            ]
          ],
          "decoded": [
            [
              3,
              24,
              0,
              2
            ],
            [
              15,
              -14,
              5,
              -8
            ],
            [
              -12,
              -12,
              16,
              5
            ],
            [
              -7,
              20,
              -13,
              -8
            ]
          ],
          "analysis": {
            "all_rows_decrypted": true,
            "exact": false,
            "max_abs_err": 24,
            "l1_err": 165,
            "nonzero_positions_got": [
              [
                0,
                0,
                3
              ],
              [
                0,
                1,
                24
              ],
              [
                0,
                3,
                2
              ],
              [
                1,
                0,
                15
              ],
              [
                1,
                1,
                -14
              ],
              [
                1,
                2,
                5
              ],
              [
                1,
                3,
                -8
              ],
              [
                2,
                0,
                -12
              ],
              [
                2,
                1,
                -12
              ],
              [
                2,
                2,
                16
              ],
              [
                2,
                3,
                5
              ],
              [
                3,
                0,
                -7
              ],
              [
                3,
                1,
                20
              ],
              [
                3,
                2,
                -13
              ],
              [
                3,
                3,
                -8
              ]
            ],
            "nonzero_positions_ref": [
              [
                2,
                1,
                1
              ]
            ]
          },
          "trace_summary": {
            "U_cmt_auto_alphas": [
              1,
              3,
              5,
              7
            ],
            "T01_cmt_auto_alphas": [
              1,
              3,
              5,
              7
            ],
            "T00_cmt_auto_alphas": [
              1,
              3,
              5,
              7
            ],
            "extract_Ahat_Bhat": {
              "mapping": "swapped_c0A_c1B",
              "A_part": 0,
              "B_part": 1
            },
            "line6_pre_parts": 2
          }
        }
      ]
    }
  ],
  "ranking": [
    {
      "rank": 1,
      "variant": {
        "ppmm_left_T": false,
        "ppmm_right_T": true,
        "temp_pair_mapping": "swapped_c0A_c1B",
        "line6_pair_mapping": "normal_c0B_c1A",
        "id": "LI_RT_pair-swapped_c0A_c1B_line6-normal_c0B_c1A"
      },
      "score": {
        "exact_count": 0,
        "all_decrypted_count": 4,
        "total_l1_err": 742,
        "one_hot_got_nnz_total": 61
      }
    },
    {
      "rank": 2,
      "variant": {
        "ppmm_left_T": false,
        "ppmm_right_T": true,
        "temp_pair_mapping": "swapped_c0A_c1B",
        "line6_pair_mapping": "swapped_c0A_c1B",
        "id": "LI_RT_pair-swapped_c0A_c1B_line6-swapped_c0A_c1B"
      },
      "score": {
        "exact_count": 0,
        "all_decrypted_count": 4,
        "total_l1_err": 745,
        "one_hot_got_nnz_total": 62
      }
    },
    {
      "rank": 3,
      "variant": {
        "ppmm_left_T": false,
        "ppmm_right_T": false,
        "temp_pair_mapping": "swapped_c0A_c1B",
        "line6_pair_mapping": "swapped_c0A_c1B",
        "id": "LI_RI_pair-swapped_c0A_c1B_line6-swapped_c0A_c1B"
      },
      "score": {
        "exact_count": 0,
        "all_decrypted_count": 4,
        "total_l1_err": 765,
        "one_hot_got_nnz_total": 61
      }
    },
    {
      "rank": 4,
      "variant": {
        "ppmm_left_T": false,
        "ppmm_right_T": false,
        "temp_pair_mapping": "normal_c0B_c1A",
        "line6_pair_mapping": "normal_c0B_c1A",
        "id": "LI_RI_pair-normal_c0B_c1A_line6-normal_c0B_c1A"
      },
      "score": {
        "exact_count": 0,
        "all_decrypted_count": 4,
        "total_l1_err": 783,
        "one_hot_got_nnz_total": 62
      }
    },
    {
      "rank": 5,
      "variant": {
        "ppmm_left_T": false,
        "ppmm_right_T": true,
        "temp_pair_mapping": "normal_c0B_c1A",
        "line6_pair_mapping": "swapped_c0A_c1B",
        "id": "LI_RT_pair-normal_c0B_c1A_line6-swapped_c0A_c1B"
      },
      "score": {
        "exact_count": 0,
        "all_decrypted_count": 4,
        "total_l1_err": 793,
        "one_hot_got_nnz_total": 63
      }
    },
    {
      "rank": 6,
      "variant": {
        "ppmm_left_T": false,
        "ppmm_right_T": true,
        "temp_pair_mapping": "normal_c0B_c1A",
        "line6_pair_mapping": "normal_c0B_c1A",
        "id": "LI_RT_pair-normal_c0B_c1A_line6-normal_c0B_c1A"
      },
      "score": {
        "exact_count": 0,
        "all_decrypted_count": 4,
        "total_l1_err": 797,
        "one_hot_got_nnz_total": 64
      }
    },
    {
      "rank": 7,
      "variant": {
        "ppmm_left_T": true,
        "ppmm_right_T": false,
        "temp_pair_mapping": "normal_c0B_c1A",
        "line6_pair_mapping": "swapped_c0A_c1B",
        "id": "LT_RI_pair-normal_c0B_c1A_line6-swapped_c0A_c1B"
      },
      "score": {
        "exact_count": 0,
        "all_decrypted_count": 4,
        "total_l1_err": 806,
        "one_hot_got_nnz_total": 64
      }
    },
    {
      "rank": 8,
      "variant": {
        "ppmm_left_T": true,
        "ppmm_right_T": true,
        "temp_pair_mapping": "swapped_c0A_c1B",
        "line6_pair_mapping": "normal_c0B_c1A",
        "id": "LT_RT_pair-swapped_c0A_c1B_line6-normal_c0B_c1A"
      },
      "score": {
        "exact_count": 0,
        "all_decrypted_count": 4,
        "total_l1_err": 816,
        "one_hot_got_nnz_total": 64
      }
    },
    {
      "rank": 9,
      "variant": {
        "ppmm_left_T": true,
        "ppmm_right_T": false,
        "temp_pair_mapping": "swapped_c0A_c1B",
        "line6_pair_mapping": "normal_c0B_c1A",
        "id": "LT_RI_pair-swapped_c0A_c1B_line6-normal_c0B_c1A"
      },
      "score": {
        "exact_count": 0,
        "all_decrypted_count": 4,
        "total_l1_err": 817,
        "one_hot_got_nnz_total": 62
      }
    },
    {
      "rank": 10,
      "variant": {
        "ppmm_left_T": true,
        "ppmm_right_T": true,
        "temp_pair_mapping": "swapped_c0A_c1B",
        "line6_pair_mapping": "swapped_c0A_c1B",
        "id": "LT_RT_pair-swapped_c0A_c1B_line6-swapped_c0A_c1B"
      },
      "score": {
        "exact_count": 0,
        "all_decrypted_count": 4,
        "total_l1_err": 825,
        "one_hot_got_nnz_total": 63
      }
    },
    {
      "rank": 11,
      "variant": {
        "ppmm_left_T": true,
        "ppmm_right_T": false,
        "temp_pair_mapping": "swapped_c0A_c1B",
        "line6_pair_mapping": "swapped_c0A_c1B",
        "id": "LT_RI_pair-swapped_c0A_c1B_line6-swapped_c0A_c1B"
      },
      "score": {
        "exact_count": 0,
        "all_decrypted_count": 4,
        "total_l1_err": 825,
        "one_hot_got_nnz_total": 64
      }
    },
    {
      "rank": 12,
      "variant": {
        "ppmm_left_T": true,
        "ppmm_right_T": true,
        "temp_pair_mapping": "normal_c0B_c1A",
        "line6_pair_mapping": "swapped_c0A_c1B",
        "id": "LT_RT_pair-normal_c0B_c1A_line6-swapped_c0A_c1B"
      },
      "score": {
        "exact_count": 0,
        "all_decrypted_count": 4,
        "total_l1_err": 833,
        "one_hot_got_nnz_total": 62
      }
    },
    {
      "rank": 13,
      "variant": {
        "ppmm_left_T": true,
        "ppmm_right_T": false,
        "temp_pair_mapping": "normal_c0B_c1A",
        "line6_pair_mapping": "normal_c0B_c1A",
        "id": "LT_RI_pair-normal_c0B_c1A_line6-normal_c0B_c1A"
      },
      "score": {
        "exact_count": 0,
        "all_decrypted_count": 4,
        "total_l1_err": 840,
        "one_hot_got_nnz_total": 63
      }
    },
    {
      "rank": 14,
      "variant": {
        "ppmm_left_T": false,
        "ppmm_right_T": false,
        "temp_pair_mapping": "normal_c0B_c1A",
        "line6_pair_mapping": "swapped_c0A_c1B",
        "id": "LI_RI_pair-normal_c0B_c1A_line6-swapped_c0A_c1B"
      },
      "score": {
        "exact_count": 0,
        "all_decrypted_count": 4,
        "total_l1_err": 900,
        "one_hot_got_nnz_total": 62
      }
    },
    {
      "rank": 15,
      "variant": {
        "ppmm_left_T": false,
        "ppmm_right_T": false,
        "temp_pair_mapping": "swapped_c0A_c1B",
        "line6_pair_mapping": "normal_c0B_c1A",
        "id": "LI_RI_pair-swapped_c0A_c1B_line6-normal_c0B_c1A"
      },
      "score": {
        "exact_count": 0,
        "all_decrypted_count": 4,
        "total_l1_err": 907,
        "one_hot_got_nnz_total": 62
      }
    },
    {
      "rank": 16,
      "variant": {
        "ppmm_left_T": true,
        "ppmm_right_T": true,
        "temp_pair_mapping": "normal_c0B_c1A",
        "line6_pair_mapping": "normal_c0B_c1A",
        "id": "LT_RT_pair-normal_c0B_c1A_line6-normal_c0B_c1A"
      },
      "score": {
        "exact_count": 0,
        "all_decrypted_count": 4,
        "total_l1_err": 909,
        "one_hot_got_nnz_total": 62
      }
    }
  ],
  "checks": {
    "variants_tested（扫描的约定组合数量）": 16,
    "cases_per_variant（每个约定组合测试的 one-hot case 数量）": 4,
    "best_exact_count（最佳组合完全正确的 case 数量）": 0,
    "best_all_cases_decrypted_count（最佳组合成功解密 case 数量）": 4,
    "any_variant_solves_all_one_hot（是否存在完全通过 4 个 one-hot 的组合）": false,
    "best_variant_id（当前最佳组合 id）": "LI_RT_pair-swapped_c0A_c1B_line6-normal_c0B_c1A"
  },
  "summary": {
    "best_variant": {
      "ppmm_left_T": false,
      "ppmm_right_T": true,
      "temp_pair_mapping": "swapped_c0A_c1B",
      "line6_pair_mapping": "normal_c0B_c1A",
      "id": "LI_RT_pair-swapped_c0A_c1B_line6-normal_c0B_c1A"
    },
    "best_score": {
      "exact_count": 0,
      "all_decrypted_count": 4,
      "total_l1_err": 742,
      "one_hot_got_nnz_total": 61
    },
    "next_if_best_exact_4": "Promote this convention into X8 full identity/random diagnostics.",
    "next_if_best_exact_0": "The error is likely not a simple transpose/component-order convention. Move to X7c plaintext-symbolic Algorithm 3 simulation with the paper's exact C-MT definitions.",
    "zh": "如果扫描没有任何 one-hot 通过，说明问题不是这三类简单约定，需要回到论文 C-MT/PP-MM 的明文符号模拟。"
  }
}
====================================================================================================
saved: /workspace/FIDESlib-GPT/reports/wp4x7b_convention_sweep_report.json
Cuda failure /root/fideslib/src/CKKS/Context.cu:841: 'driver shutting down'
