GPU 0: NVIDIA GeForce RTX 4090
 SMs: 128, SharedMem: 100 KB, Blocks/SM: 24, Threads/SM: 1536, L2 size: 72 MB, Bus: 384-bit
GPU 1: NVIDIA GeForce RTX 4090
 SMs: 128, SharedMem: 100 KB, Blocks/SM: 24, Threads/SM: 1536, L2 size: 72 MB, Bus: 384-bit
GPU 2: NVIDIA GeForce RTX 4090
 SMs: 128, SharedMem: 100 KB, Blocks/SM: 24, Threads/SM: 1536, L2 size: 72 MB, Bus: 384-bit
GPU 3: NVIDIA GeForce RTX 4090
 SMs: 128, SharedMem: 100 KB, Blocks/SM: 24, Threads/SM: 1536, L2 size: 72 MB, Bus: 384-bit
GPU 4: NVIDIA GeForce RTX 4090
 SMs: 128, SharedMem: 100 KB, Blocks/SM: 24, Threads/SM: 1536, L2 size: 72 MB, Bus: 384-bit
GPU 5: NVIDIA GeForce RTX 4090
 SMs: 128, SharedMem: 100 KB, Blocks/SM: 24, Threads/SM: 1536, L2 size: 72 MB, Bus: 384-bit
GPU 6: NVIDIA GeForce RTX 4090
 SMs: 128, SharedMem: 100 KB, Blocks/SM: 24, Threads/SM: 1536, L2 size: 72 MB, Bus: 384-bit
GPU 7: NVIDIA GeForce RTX 4090
 SMs: 128, SharedMem: 100 KB, Blocks/SM: 24, Threads/SM: 1536, L2 size: 72 MB, Bus: 384-bit
====================================================================================================
WP4-Y2i controlled phase-aware full CCMM oracle
{
  "experiment": "wp4y2i_controlled_phase_aware_full_ccmm",
  "purpose": "Run full Algorithm 3 debug/oracle pipeline using controlled RLWE inputs and phase-aware logical-n C-MT oracle. Line6 uses raw RNS add per X7k.",
  "status": "debug_full_ccmm_oracle_not_secure",
  "n": 4,
  "warning": {
    "value": "This uses secret-key phase-aware C-MT oracle and controlled RLWE construction. It is not secure/homomorphic.",
    "zh": "该脚本用于语义定位，不是最终安全 CCMM。"
  },
  "cases": [
    {
      "name": "basis_E00_times_E00",
      "a_scalar": 1,
      "input_U": [
        [
          1,
          0,
          0,
          0
        ],
        [
          0,
          0,
          0,
          0
        ],
        [
          0,
          0,
          0,
          0
        ],
        [
          0,
          0,
          0,
          0
        ]
      ],
      "input_V": [
        [
          1,
          0,
          0,
          0
        ],
        [
          0,
          0,
          0,
          0
        ],
        [
          0,
          0,
          0,
          0
        ],
        [
          0,
          0,
          0,
          0
        ]
      ],
      "references": {
        "U_matmul_V": [
          [
            1,
            0,
            0,
            0
          ],
          [
            0,
            0,
            0,
            0
          ],
          [
            0,
            0,
            0,
            0
          ],
          [
            0,
            0,
            0,
            0
          ]
        ],
        "U_T_matmul_V": [
          [
            1,
            0,
            0,
            0
          ],
          [
            0,
            0,
            0,
            0
          ],
          [
            0,
            0,
            0,
            0
          ],
          [
            0,
            0,
            0,
            0
          ]
        ],
        "U_matmul_V_T": [
          [
            1,
            0,
            0,
            0
          ],
          [
            0,
            0,
            0,
            0
          ],
          [
            0,
            0,
            0,
            0
          ],
          [
            0,
            0,
            0,
            0
          ]
        ],
        "V_matmul_U": [
          [
            1,
            0,
            0,
            0
          ],
          [
            0,
            0,
            0,
            0
          ],
          [
            0,
            0,
            0,
            0
          ],
          [
            0,
            0,
            0,
            0
          ]
        ],
        "V_T_matmul_U": [
          [
            1,
            0,
            0,
            0
          ],
          [
            0,
            0,
            0,
            0
          ],
          [
            0,
            0,
            0,
            0
          ],
          [
            0,
            0,
            0,
            0
          ]
        ],
        "U_T_matmul_V_T": [
          [
            1,
            0,
            0,
            0
          ],
          [
            0,
            0,
            0,
            0
          ],
          [
            0,
            0,
            0,
            0
          ],
          [
            0,
            0,
            0,
            0
          ]
        ]
      },
      "final": {
        "compress_reports": [
          {
            "row_index": 0,
            "ok": true,
            "error": null
          },
          {
            "row_index": 1,
            "ok": true,
            "error": null
          },
          {
            "row_index": 2,
            "ok": true,
            "error": null
          },
          {
            "row_index": 3,
            "ok": true,
            "error": null
          }
        ],
        "decrypt_reports": [
          {
            "row_index": 0,
            "ok": true,
            "error": null
          },
          {
            "row_index": 1,
            "ok": true,
            "error": null
          },
          {
            "row_index": 2,
            "ok": true,
            "error": null
          },
          {
            "row_index": 3,
            "ok": true,
            "error": null
          }
        ],
        "decoded": [
          [
            21,
            -9,
            24,
            -5
          ],
          [
            18,
            -11,
            22,
            -7
          ],
          [
            -12,
            9,
            14,
            -1
          ],
          [
            6,
            -23,
            -4,
            -1
          ]
        ]
      },
      "trace": {
        "U_info": {
          "a_scalar": 1,
          "template_ring_dim": 16384,
          "template_num_towers": 4,
          "moduli_u64": [
            1152921504606748673,
            1125899904679937,
            1125899908022273,
            557057
          ],
          "sk_num_towers": 4,
          "sk_coeff_count": 4,
          "sk_tower0_coeffs": [
            1152921504606748672,
            1152921504606748672,
            1,
            0
          ]
        },
        "V_info": {
          "a_scalar": 1,
          "template_ring_dim": 16384,
          "template_num_towers": 4,
          "moduli_u64": [
            1152921504606748673,
            1125899904679937,
            1125899908022273,
            557057
          ],
          "sk_num_towers": 4,
          "sk_coeff_count": 4,
          "sk_tower0_coeffs": [
            1152921504606748672,
            1152921504606748672,
            1,
            0
          ]
        },
        "U_decrypt_exact": {
          "all_rows_decrypted": true,
          "exact": true,
          "max_abs_err": 0,
          "l1_err": 0,
          "diff": [
            [
              0,
              0,
              0,
              0
            ],
            [
              0,
              0,
              0,
              0
            ],
            [
              0,
              0,
              0,
              0
            ],
            [
              0,
              0,
              0,
              0
            ]
          ]
        },
        "V_decrypt_exact": {
          "all_rows_decrypted": true,
          "exact": true,
          "max_abs_err": 0,
          "l1_err": 0,
          "diff": [
            [
              0,
              0,
              0,
              0
            ],
            [
              0,
              0,
              0,
              0
            ],
            [
              0,
              0,
              0,
              0
            ],
            [
              0,
              0,
              0,
              0
            ]
          ]
        },
        "U_cmt_trace": {
          "input_plaintext_matrix": [
            [
              1,
              0,
              0,
              0
            ],
            [
              0,
              0,
              0,
              0
            ],
            [
              0,
              0,
              0,
              0
            ],
            [
              0,
              0,
              0,
              0
            ]
          ],
          "output_plaintext_transpose": [
            [
              1,
              0,
              0,
              0
            ],
            [
              0,
              0,
              0,
              0
            ],
            [
              0,
              0,
              0,
              0
            ],
            [
              0,
              0,
              0,
              0
            ]
          ],
          "a_scalar": 1,
          "warning": "debug-only decrypt-transpose-reencrypt oracle"
        },
        "T01_cmt_trace": {
          "input_plaintext_matrix": [
            [
              -2,
              -4,
              2,
              2
            ],
            [
              -2,
              -4,
              2,
              2
            ],
            [
              -2,
              -4,
              2,
              2
            ],
            [
              -2,
              -4,
              2,
              2
            ]
          ],
          "output_plaintext_transpose": [
            [
              -2,
              -2,
              -2,
              -2
            ],
            [
              -4,
              -4,
              -4,
              -4
            ],
            [
              2,
              2,
              2,
              2
            ],
            [
              2,
              2,
              2,
              2
            ]
          ],
          "a_scalar": 1,
          "warning": "debug-only decrypt-transpose-reencrypt oracle"
        },
        "T00_cmt_trace": {
          "input_plaintext_matrix": [
            [
              -1,
              -1,
              1,
              0
            ],
            [
              -1,
              -1,
              1,
              0
            ],
            [
              -1,
              -1,
              1,
              0
            ],
            [
              -1,
              -1,
              1,
              0
            ]
          ],
          "output_plaintext_transpose": [
            [
              -1,
              -1,
              -1,
              -1
            ],
            [
              -1,
              -1,
              -1,
              -1
            ],
            [
              1,
              1,
              1,
              1
            ],
            [
              0,
              0,
              0,
              0
            ]
          ],
          "a_scalar": 1,
          "warning": "debug-only decrypt-transpose-reencrypt oracle"
        },
        "Ahat_export": {
          "part": 1,
          "num_rows": 4,
          "num_towers": 4,
          "ring_dim": 16384,
          "coeff_count": 16384,
          "row0_tower0_coeff_head": [
            1,
            0,
            0,
            0,
            0,
            0,
            0,
            0
          ]
        },
        "Bhat_export": {
          "part": 0,
          "num_rows": 4,
          "num_towers": 4,
          "ring_dim": 16384,
          "coeff_count": 16384,
          "row0_tower0_coeff_head": [
            0,
            0,
            1152921504606748671,
            1152921504606748672,
            0,
            0,
            0,
            0
          ]
        },
        "line5_ks_inputs_summary": {
          "num_rows": 4,
          "consistent_shape": true,
          "expected_parts": 3,
          "expected_towers": 4,
          "expected_ring_dim": 16384,
          "rows": [
            {
              "row_index": 0,
              "encoding_type": 1,
              "num_parts": 3,
              "level": 0,
              "slots": 0
            },
            {
              "row_index": 1,
              "encoding_type": 1,
              "num_parts": 3,
              "level": 0,
              "slots": 0
            },
            {
              "row_index": 2,
              "encoding_type": 1,
              "num_parts": 3,
              "level": 0,
              "slots": 0
            },
            {
              "row_index": 3,
              "encoding_type": 1,
              "num_parts": 3,
              "level": 0,
              "slots": 0
            }
          ]
        },
        "line5_ks_outputs_summary": {
          "num_rows": 4,
          "consistent_shape": true,
          "expected_parts": 2,
          "expected_towers": 4,
          "expected_ring_dim": 16384,
          "rows": [
            {
              "row_index": 0,
              "encoding_type": 1,
              "num_parts": 2,
              "level": 0,
              "slots": 0
            },
            {
              "row_index": 1,
              "encoding_type": 1,
              "num_parts": 2,
              "level": 0,
              "slots": 0
            },
            {
              "row_index": 2,
              "encoding_type": 1,
              "num_parts": 2,
              "level": 0,
              "slots": 0
            },
            {
              "row_index": 3,
              "encoding_type": 1,
              "num_parts": 2,
              "level": 0,
              "slots": 0
            }
          ]
        },
        "line5_rows_summary": {
          "num_rows": 4,
          "consistent_shape": true,
          "expected_parts": 2,
          "expected_towers": 4,
          "expected_ring_dim": 16384,
          "rows": [
            {
              "row_index": 0,
              "encoding_type": 1,
              "num_parts": 2,
              "level": 0,
              "slots": 0
            },
            {
              "row_index": 1,
              "encoding_type": 1,
              "num_parts": 2,
              "level": 0,
              "slots": 0
            },
            {
              "row_index": 2,
              "encoding_type": 1,
              "num_parts": 2,
              "level": 0,
              "slots": 0
            },
            {
              "row_index": 3,
              "encoding_type": 1,
              "num_parts": 2,
              "level": 0,
              "slots": 0
            }
          ]
        },
        "T01_cmt_rows_summary": {
          "num_rows": 4,
          "consistent_shape": true,
          "expected_parts": 2,
          "expected_towers": 4,
          "expected_ring_dim": 16384,
          "rows": [
            {
              "row_index": 0,
              "encoding_type": 1,
              "num_parts": 2,
              "level": 0,
              "slots": 0
            },
            {
              "row_index": 1,
              "encoding_type": 1,
              "num_parts": 2,
              "level": 0,
              "slots": 0
            },
            {
              "row_index": 2,
              "encoding_type": 1,
              "num_parts": 2,
              "level": 0,
              "slots": 0
            },
            {
              "row_index": 3,
              "encoding_type": 1,
              "num_parts": 2,
              "level": 0,
              "slots": 0
            }
          ]
        },
        "M10_M11_pair_rows_summary": {
          "num_rows": 4,
          "consistent_shape": true,
          "expected_parts": 2,
          "expected_towers": 4,
          "expected_ring_dim": 16384,
          "rows": [
            {
              "row_index": 0,
              "encoding_type": 1,
              "num_parts": 2,
              "level": 0,
              "slots": 0
            },
            {
              "row_index": 1,
              "encoding_type": 1,
              "num_parts": 2,
              "level": 0,
              "slots": 0
            },
            {
              "row_index": 2,
              "encoding_type": 1,
              "num_parts": 2,
              "level": 0,
              "slots": 0
            },
            {
              "row_index": 3,
              "encoding_type": 1,
              "num_parts": 2,
              "level": 0,
              "slots": 0
            }
          ]
        },
        "final_rows_summary": {
          "num_rows": 4,
          "consistent_shape": true,
          "expected_parts": 2,
          "expected_towers": 4,
          "expected_ring_dim": 16384,
          "rows": [
            {
              "row_index": 0,
              "encoding_type": 1,
              "num_parts": 2,
              "level": 0,
              "slots": 0
            },
            {
              "row_index": 1,
              "encoding_type": 1,
              "num_parts": 2,
              "level": 0,
              "slots": 0
            },
            {
              "row_index": 2,
              "encoding_type": 1,
              "num_parts": 2,
              "level": 0,
              "slots": 0
            },
            {
              "row_index": 3,
              "encoding_type": 1,
              "num_parts": 2,
              "level": 0,
              "slots": 0
            }
          ]
        }
      },
      "comparisons": {
        "U_matmul_V": {
          "all_rows_decrypted": true,
          "exact": false,
          "max_abs_err": 24,
          "l1_err": 186,
          "diff": [
            [
              20,
              -9,
              24,
              -5
            ],
            [
              18,
              -11,
              22,
              -7
            ],
            [
              -12,
              9,
              14,
              -1
            ],
            [
              6,
              -23,
              -4,
              -1
            ]
          ]
        },
        "U_T_matmul_V": {
          "all_rows_decrypted": true,
          "exact": false,
          "max_abs_err": 24,
          "l1_err": 186,
          "diff": [
            [
              20,
              -9,
              24,
              -5
            ],
            [
              18,
              -11,
              22,
              -7
            ],
            [
              -12,
              9,
              14,
              -1
            ],
            [
              6,
              -23,
              -4,
              -1
            ]
          ]
        },
        "U_matmul_V_T": {
          "all_rows_decrypted": true,
          "exact": false,
          "max_abs_err": 24,
          "l1_err": 186,
          "diff": [
            [
              20,
              -9,
              24,
              -5
            ],
            [
              18,
              -11,
              22,
              -7
            ],
            [
              -12,
              9,
              14,
              -1
            ],
            [
              6,
              -23,
              -4,
              -1
            ]
          ]
        },
        "V_matmul_U": {
          "all_rows_decrypted": true,
          "exact": false,
          "max_abs_err": 24,
          "l1_err": 186,
          "diff": [
            [
              20,
              -9,
              24,
              -5
            ],
            [
              18,
              -11,
              22,
              -7
            ],
            [
              -12,
              9,
              14,
              -1
            ],
            [
              6,
              -23,
              -4,
              -1
            ]
          ]
        },
        "V_T_matmul_U": {
          "all_rows_decrypted": true,
          "exact": false,
          "max_abs_err": 24,
          "l1_err": 186,
          "diff": [
            [
              20,
              -9,
              24,
              -5
            ],
            [
              18,
              -11,
              22,
              -7
            ],
            [
              -12,
              9,
              14,
              -1
            ],
            [
              6,
              -23,
              -4,
              -1
            ]
          ]
        },
        "U_T_matmul_V_T": {
          "all_rows_decrypted": true,
          "exact": false,
          "max_abs_err": 24,
          "l1_err": 186,
          "diff": [
            [
              20,
              -9,
              24,
              -5
            ],
            [
              18,
              -11,
              22,
              -7
            ],
            [
              -12,
              9,
              14,
              -1
            ],
            [
              6,
              -23,
              -4,
              -1
            ]
          ]
        }
      }
    },
    {
      "name": "basis_E01_times_E10",
      "a_scalar": 1,
      "input_U": [
        [
          0,
          1,
          0,
          0
        ],
        [
          0,
          0,
          0,
          0
        ],
        [
          0,
          0,
          0,
          0
        ],
        [
          0,
          0,
          0,
          0
        ]
      ],
      "input_V": [
        [
          0,
          0,
          0,
          0
        ],
        [
          1,
          0,
          0,
          0
        ],
        [
          0,
          0,
          0,
          0
        ],
        [
          0,
          0,
          0,
          0
        ]
      ],
      "references": {
        "U_matmul_V": [
          [
            1,
            0,
            0,
            0
          ],
          [
            0,
            0,
            0,
            0
          ],
          [
            0,
            0,
            0,
            0
          ],
          [
            0,
            0,
            0,
            0
          ]
        ],
        "U_T_matmul_V": [
          [
            0,
            0,
            0,
            0
          ],
          [
            0,
            0,
            0,
            0
          ],
          [
            0,
            0,
            0,
            0
          ],
          [
            0,
            0,
            0,
            0
          ]
        ],
        "U_matmul_V_T": [
          [
            0,
            0,
            0,
            0
          ],
          [
            0,
            0,
            0,
            0
          ],
          [
            0,
            0,
            0,
            0
          ],
          [
            0,
            0,
            0,
            0
          ]
        ],
        "V_matmul_U": [
          [
            0,
            0,
            0,
            0
          ],
          [
            0,
            1,
            0,
            0
          ],
          [
            0,
            0,
            0,
            0
          ],
          [
            0,
            0,
            0,
            0
          ]
        ],
        "V_T_matmul_U": [
          [
            0,
            0,
            0,
            0
          ],
          [
            0,
            0,
            0,
            0
          ],
          [
            0,
            0,
            0,
            0
          ],
          [
            0,
            0,
            0,
            0
          ]
        ],
        "U_T_matmul_V_T": [
          [
            0,
            0,
            0,
            0
          ],
          [
            0,
            1,
            0,
            0
          ],
          [
            0,
            0,
            0,
            0
          ],
          [
            0,
            0,
            0,
            0
          ]
        ]
      },
      "final": {
        "compress_reports": [
          {
            "row_index": 0,
            "ok": true,
            "error": null
          },
          {
            "row_index": 1,
            "ok": true,
            "error": null
          },
          {
            "row_index": 2,
            "ok": true,
            "error": null
          },
          {
            "row_index": 3,
            "ok": true,
            "error": null
          }
        ],
        "decrypt_reports": [
          {
            "row_index": 0,
            "ok": true,
            "error": null
          },
          {
            "row_index": 1,
            "ok": true,
            "error": null
          },
          {
            "row_index": 2,
            "ok": true,
            "error": null
          },
          {
            "row_index": 3,
            "ok": true,
            "error": null
          }
        ],
        "decoded": [
          [
            21,
            -8,
            25,
            -4
          ],
          [
            19,
            -10,
            23,
            -6
          ],
          [
            -13,
            8,
            13,
            -2
          ],
          [
            6,
            -23,
            -4,
            -1
          ]
        ]
      },
      "trace": {
        "U_info": {
          "a_scalar": 1,
          "template_ring_dim": 16384,
          "template_num_towers": 4,
          "moduli_u64": [
            1152921504606748673,
            1125899904679937,
            1125899908022273,
            557057
          ],
          "sk_num_towers": 4,
          "sk_coeff_count": 4,
          "sk_tower0_coeffs": [
            1152921504606748672,
            1152921504606748672,
            1,
            0
          ]
        },
        "V_info": {
          "a_scalar": 1,
          "template_ring_dim": 16384,
          "template_num_towers": 4,
          "moduli_u64": [
            1152921504606748673,
            1125899904679937,
            1125899908022273,
            557057
          ],
          "sk_num_towers": 4,
          "sk_coeff_count": 4,
          "sk_tower0_coeffs": [
            1152921504606748672,
            1152921504606748672,
            1,
            0
          ]
        },
        "U_decrypt_exact": {
          "all_rows_decrypted": true,
          "exact": true,
          "max_abs_err": 0,
          "l1_err": 0,
          "diff": [
            [
              0,
              0,
              0,
              0
            ],
            [
              0,
              0,
              0,
              0
            ],
            [
              0,
              0,
              0,
              0
            ],
            [
              0,
              0,
              0,
              0
            ]
          ]
        },
        "V_decrypt_exact": {
          "all_rows_decrypted": true,
          "exact": true,
          "max_abs_err": 0,
          "l1_err": 0,
          "diff": [
            [
              0,
              0,
              0,
              0
            ],
            [
              0,
              0,
              0,
              0
            ],
            [
              0,
              0,
              0,
              0
            ],
            [
              0,
              0,
              0,
              0
            ]
          ]
        },
        "U_cmt_trace": {
          "input_plaintext_matrix": [
            [
              0,
              1,
              0,
              0
            ],
            [
              0,
              0,
              0,
              0
            ],
            [
              0,
              0,
              0,
              0
            ],
            [
              0,
              0,
              0,
              0
            ]
          ],
          "output_plaintext_transpose": [
            [
              0,
              0,
              0,
              0
            ],
            [
              1,
              0,
              0,
              0
            ],
            [
              0,
              0,
              0,
              0
            ],
            [
              0,
              0,
              0,
              0
            ]
          ],
          "a_scalar": 1,
          "warning": "debug-only decrypt-transpose-reencrypt oracle"
        },
        "T01_cmt_trace": {
          "input_plaintext_matrix": [
            [
              -1,
              -3,
              1,
              2
            ],
            [
              -1,
              -3,
              1,
              2
            ],
            [
              -1,
              -3,
              1,
              2
            ],
            [
              -1,
              -3,
              1,
              2
            ]
          ],
          "output_plaintext_transpose": [
            [
              -1,
              -1,
              -1,
              -1
            ],
            [
              -3,
              -3,
              -3,
              -3
            ],
            [
              1,
              1,
              1,
              1
            ],
            [
              2,
              2,
              2,
              2
            ]
          ],
          "a_scalar": 1,
          "warning": "debug-only decrypt-transpose-reencrypt oracle"
        },
        "T00_cmt_trace": {
          "input_plaintext_matrix": [
            [
              -1,
              -1,
              1,
              0
            ],
            [
              -1,
              -1,
              1,
              0
            ],
            [
              -1,
              -1,
              1,
              0
            ],
            [
              -1,
              -1,
              1,
              0
            ]
          ],
          "output_plaintext_transpose": [
            [
              -1,
              -1,
              -1,
              -1
            ],
            [
              -1,
              -1,
              -1,
              -1
            ],
            [
              1,
              1,
              1,
              1
            ],
            [
              0,
              0,
              0,
              0
            ]
          ],
          "a_scalar": 1,
          "warning": "debug-only decrypt-transpose-reencrypt oracle"
        },
        "Ahat_export": {
          "part": 1,
          "num_rows": 4,
          "num_towers": 4,
          "ring_dim": 16384,
          "coeff_count": 16384,
          "row0_tower0_coeff_head": [
            1,
            0,
            0,
            0,
            0,
            0,
            0,
            0
          ]
        },
        "Bhat_export": {
          "part": 0,
          "num_rows": 4,
          "num_towers": 4,
          "ring_dim": 16384,
          "coeff_count": 16384,
          "row0_tower0_coeff_head": [
            0,
            0,
            1152921504606748671,
            1152921504606748672,
            0,
            0,
            0,
            0
          ]
        },
        "line5_ks_inputs_summary": {
          "num_rows": 4,
          "consistent_shape": true,
          "expected_parts": 3,
          "expected_towers": 4,
          "expected_ring_dim": 16384,
          "rows": [
            {
              "row_index": 0,
              "encoding_type": 1,
              "num_parts": 3,
              "level": 0,
              "slots": 0
            },
            {
              "row_index": 1,
              "encoding_type": 1,
              "num_parts": 3,
              "level": 0,
              "slots": 0
            },
            {
              "row_index": 2,
              "encoding_type": 1,
              "num_parts": 3,
              "level": 0,
              "slots": 0
            },
            {
              "row_index": 3,
              "encoding_type": 1,
              "num_parts": 3,
              "level": 0,
              "slots": 0
            }
          ]
        },
        "line5_ks_outputs_summary": {
          "num_rows": 4,
          "consistent_shape": true,
          "expected_parts": 2,
          "expected_towers": 4,
          "expected_ring_dim": 16384,
          "rows": [
            {
              "row_index": 0,
              "encoding_type": 1,
              "num_parts": 2,
              "level": 0,
              "slots": 0
            },
            {
              "row_index": 1,
              "encoding_type": 1,
              "num_parts": 2,
              "level": 0,
              "slots": 0
            },
            {
              "row_index": 2,
              "encoding_type": 1,
              "num_parts": 2,
              "level": 0,
              "slots": 0
            },
            {
              "row_index": 3,
              "encoding_type": 1,
              "num_parts": 2,
              "level": 0,
              "slots": 0
            }
          ]
        },
        "line5_rows_summary": {
          "num_rows": 4,
          "consistent_shape": true,
          "expected_parts": 2,
          "expected_towers": 4,
          "expected_ring_dim": 16384,
          "rows": [
            {
              "row_index": 0,
              "encoding_type": 1,
              "num_parts": 2,
              "level": 0,
              "slots": 0
            },
            {
              "row_index": 1,
              "encoding_type": 1,
              "num_parts": 2,
              "level": 0,
              "slots": 0
            },
            {
              "row_index": 2,
              "encoding_type": 1,
              "num_parts": 2,
              "level": 0,
              "slots": 0
            },
            {
              "row_index": 3,
              "encoding_type": 1,
              "num_parts": 2,
              "level": 0,
              "slots": 0
            }
          ]
        },
        "T01_cmt_rows_summary": {
          "num_rows": 4,
          "consistent_shape": true,
          "expected_parts": 2,
          "expected_towers": 4,
          "expected_ring_dim": 16384,
          "rows": [
            {
              "row_index": 0,
              "encoding_type": 1,
              "num_parts": 2,
              "level": 0,
              "slots": 0
            },
            {
              "row_index": 1,
              "encoding_type": 1,
              "num_parts": 2,
              "level": 0,
              "slots": 0
            },
            {
              "row_index": 2,
              "encoding_type": 1,
              "num_parts": 2,
              "level": 0,
              "slots": 0
            },
            {
              "row_index": 3,
              "encoding_type": 1,
              "num_parts": 2,
              "level": 0,
              "slots": 0
            }
          ]
        },
        "M10_M11_pair_rows_summary": {
          "num_rows": 4,
          "consistent_shape": true,
          "expected_parts": 2,
          "expected_towers": 4,
          "expected_ring_dim": 16384,
          "rows": [
            {
              "row_index": 0,
              "encoding_type": 1,
              "num_parts": 2,
              "level": 0,
              "slots": 0
            },
            {
              "row_index": 1,
              "encoding_type": 1,
              "num_parts": 2,
              "level": 0,
              "slots": 0
            },
            {
              "row_index": 2,
              "encoding_type": 1,
              "num_parts": 2,
              "level": 0,
              "slots": 0
            },
            {
              "row_index": 3,
              "encoding_type": 1,
              "num_parts": 2,
              "level": 0,
              "slots": 0
            }
          ]
        },
        "final_rows_summary": {
          "num_rows": 4,
          "consistent_shape": true,
          "expected_parts": 2,
          "expected_towers": 4,
          "expected_ring_dim": 16384,
          "rows": [
            {
              "row_index": 0,
              "encoding_type": 1,
              "num_parts": 2,
              "level": 0,
              "slots": 0
            },
            {
              "row_index": 1,
              "encoding_type": 1,
              "num_parts": 2,
              "level": 0,
              "slots": 0
            },
            {
              "row_index": 2,
              "encoding_type": 1,
              "num_parts": 2,
              "level": 0,
              "slots": 0
            },
            {
              "row_index": 3,
              "encoding_type": 1,
              "num_parts": 2,
              "level": 0,
              "slots": 0
            }
          ]
        }
      },
      "comparisons": {
        "U_matmul_V": {
          "all_rows_decrypted": true,
          "exact": false,
          "max_abs_err": 25,
          "l1_err": 185,
          "diff": [
            [
              20,
              -8,
              25,
              -4
            ],
            [
              19,
              -10,
              23,
              -6
            ],
            [
              -13,
              8,
              13,
              -2
            ],
            [
              6,
              -23,
              -4,
              -1
            ]
          ]
        },
        "U_T_matmul_V": {
          "all_rows_decrypted": true,
          "exact": false,
          "max_abs_err": 25,
          "l1_err": 186,
          "diff": [
            [
              21,
              -8,
              25,
              -4
            ],
            [
              19,
              -10,
              23,
              -6
            ],
            [
              -13,
              8,
              13,
              -2
            ],
            [
              6,
              -23,
              -4,
              -1
            ]
          ]
        },
        "U_matmul_V_T": {
          "all_rows_decrypted": true,
          "exact": false,
          "max_abs_err": 25,
          "l1_err": 186,
          "diff": [
            [
              21,
              -8,
              25,
              -4
            ],
            [
              19,
              -10,
              23,
              -6
            ],
            [
              -13,
              8,
              13,
              -2
            ],
            [
              6,
              -23,
              -4,
              -1
            ]
          ]
        },
        "V_matmul_U": {
          "all_rows_decrypted": true,
          "exact": false,
          "max_abs_err": 25,
          "l1_err": 187,
          "diff": [
            [
              21,
              -8,
              25,
              -4
            ],
            [
              19,
              -11,
              23,
              -6
            ],
            [
              -13,
              8,
              13,
              -2
            ],
            [
              6,
              -23,
              -4,
              -1
            ]
          ]
        },
        "V_T_matmul_U": {
          "all_rows_decrypted": true,
          "exact": false,
          "max_abs_err": 25,
          "l1_err": 186,
          "diff": [
            [
              21,
              -8,
              25,
              -4
            ],
            [
              19,
              -10,
              23,
              -6
            ],
            [
              -13,
              8,
              13,
              -2
            ],
            [
              6,
              -23,
              -4,
              -1
            ]
          ]
        },
        "U_T_matmul_V_T": {
          "all_rows_decrypted": true,
          "exact": false,
          "max_abs_err": 25,
          "l1_err": 187,
          "diff": [
            [
              21,
              -8,
              25,
              -4
            ],
            [
              19,
              -11,
              23,
              -6
            ],
            [
              -13,
              8,
              13,
              -2
            ],
            [
              6,
              -23,
              -4,
              -1
            ]
          ]
        }
      }
    },
    {
      "name": "basis_E01_times_E12",
      "a_scalar": 1,
      "input_U": [
        [
          0,
          1,
          0,
          0
        ],
        [
          0,
          0,
          0,
          0
        ],
        [
          0,
          0,
          0,
          0
        ],
        [
          0,
          0,
          0,
          0
        ]
      ],
      "input_V": [
        [
          0,
          0,
          0,
          0
        ],
        [
          0,
          0,
          1,
          0
        ],
        [
          0,
          0,
          0,
          0
        ],
        [
          0,
          0,
          0,
          0
        ]
      ],
      "references": {
        "U_matmul_V": [
          [
            0,
            0,
            1,
            0
          ],
          [
            0,
            0,
            0,
            0
          ],
          [
            0,
            0,
            0,
            0
          ],
          [
            0,
            0,
            0,
            0
          ]
        ],
        "U_T_matmul_V": [
          [
            0,
            0,
            0,
            0
          ],
          [
            0,
            0,
            0,
            0
          ],
          [
            0,
            0,
            0,
            0
          ],
          [
            0,
            0,
            0,
            0
          ]
        ],
        "U_matmul_V_T": [
          [
            0,
            0,
            0,
            0
          ],
          [
            0,
            0,
            0,
            0
          ],
          [
            0,
            0,
            0,
            0
          ],
          [
            0,
            0,
            0,
            0
          ]
        ],
        "V_matmul_U": [
          [
            0,
            0,
            0,
            0
          ],
          [
            0,
            0,
            0,
            0
          ],
          [
            0,
            0,
            0,
            0
          ],
          [
            0,
            0,
            0,
            0
          ]
        ],
        "V_T_matmul_U": [
          [
            0,
            0,
            0,
            0
          ],
          [
            0,
            0,
            0,
            0
          ],
          [
            0,
            0,
            0,
            0
          ],
          [
            0,
            0,
            0,
            0
          ]
        ],
        "U_T_matmul_V_T": [
          [
            0,
            0,
            0,
            0
          ],
          [
            0,
            0,
            0,
            0
          ],
          [
            0,
            0,
            0,
            0
          ],
          [
            0,
            0,
            0,
            0
          ]
        ]
      },
      "final": {
        "compress_reports": [
          {
            "row_index": 0,
            "ok": true,
            "error": null
          },
          {
            "row_index": 1,
            "ok": true,
            "error": null
          },
          {
            "row_index": 2,
            "ok": true,
            "error": null
          },
          {
            "row_index": 3,
            "ok": true,
            "error": null
          }
        ],
        "decrypt_reports": [
          {
            "row_index": 0,
            "ok": true,
            "error": null
          },
          {
            "row_index": 1,
            "ok": true,
            "error": null
          },
          {
            "row_index": 2,
            "ok": true,
            "error": null
          },
          {
            "row_index": 3,
            "ok": true,
            "error": null
          }
        ],
        "decoded": [
          [
            20,
            -8,
            -24,
            -4
          ],
          [
            18,
            -10,
            24,
            -6
          ],
          [
            -14,
            8,
            14,
            -2
          ],
          [
            5,
            -23,
            -3,
            -1
          ]
        ]
      },
      "trace": {
        "U_info": {
          "a_scalar": 1,
          "template_ring_dim": 16384,
          "template_num_towers": 4,
          "moduli_u64": [
            1152921504606748673,
            1125899904679937,
            1125899908022273,
            557057
          ],
          "sk_num_towers": 4,
          "sk_coeff_count": 4,
          "sk_tower0_coeffs": [
            1152921504606748672,
            1152921504606748672,
            1,
            0
          ]
        },
        "V_info": {
          "a_scalar": 1,
          "template_ring_dim": 16384,
          "template_num_towers": 4,
          "moduli_u64": [
            1152921504606748673,
            1125899904679937,
            1125899908022273,
            557057
          ],
          "sk_num_towers": 4,
          "sk_coeff_count": 4,
          "sk_tower0_coeffs": [
            1152921504606748672,
            1152921504606748672,
            1,
            0
          ]
        },
        "U_decrypt_exact": {
          "all_rows_decrypted": true,
          "exact": true,
          "max_abs_err": 0,
          "l1_err": 0,
          "diff": [
            [
              0,
              0,
              0,
              0
            ],
            [
              0,
              0,
              0,
              0
            ],
            [
              0,
              0,
              0,
              0
            ],
            [
              0,
              0,
              0,
              0
            ]
          ]
        },
        "V_decrypt_exact": {
          "all_rows_decrypted": true,
          "exact": true,
          "max_abs_err": 0,
          "l1_err": 0,
          "diff": [
            [
              0,
              0,
              0,
              0
            ],
            [
              0,
              0,
              0,
              0
            ],
            [
              0,
              0,
              0,
              0
            ],
            [
              0,
              0,
              0,
              0
            ]
          ]
        },
        "U_cmt_trace": {
          "input_plaintext_matrix": [
            [
              0,
              1,
              0,
              0
            ],
            [
              0,
              0,
              0,
              0
            ],
            [
              0,
              0,
              0,
              0
            ],
            [
              0,
              0,
              0,
              0
            ]
          ],
          "output_plaintext_transpose": [
            [
              0,
              0,
              0,
              0
            ],
            [
              1,
              0,
              0,
              0
            ],
            [
              0,
              0,
              0,
              0
            ],
            [
              0,
              0,
              0,
              0
            ]
          ],
          "a_scalar": 1,
          "warning": "debug-only decrypt-transpose-reencrypt oracle"
        },
        "T01_cmt_trace": {
          "input_plaintext_matrix": [
            [
              -1,
              -3,
              1,
              2
            ],
            [
              -1,
              -3,
              1,
              2
            ],
            [
              -1,
              -3,
              1,
              2
            ],
            [
              -1,
              -3,
              1,
              2
            ]
          ],
          "output_plaintext_transpose": [
            [
              -1,
              -1,
              -1,
              -1
            ],
            [
              -3,
              -3,
              -3,
              -3
            ],
            [
              1,
              1,
              1,
              1
            ],
            [
              2,
              2,
              2,
              2
            ]
          ],
          "a_scalar": 1,
          "warning": "debug-only decrypt-transpose-reencrypt oracle"
        },
        "T00_cmt_trace": {
          "input_plaintext_matrix": [
            [
              -1,
              -1,
              1,
              0
            ],
            [
              -1,
              -1,
              1,
              0
            ],
            [
              -1,
              -1,
              1,
              0
            ],
            [
              -1,
              -1,
              1,
              0
            ]
          ],
          "output_plaintext_transpose": [
            [
              -1,
              -1,
              -1,
              -1
            ],
            [
              -1,
              -1,
              -1,
              -1
            ],
            [
              1,
              1,
              1,
              1
            ],
            [
              0,
              0,
              0,
              0
            ]
          ],
          "a_scalar": 1,
          "warning": "debug-only decrypt-transpose-reencrypt oracle"
        },
        "Ahat_export": {
          "part": 1,
          "num_rows": 4,
          "num_towers": 4,
          "ring_dim": 16384,
          "coeff_count": 16384,
          "row0_tower0_coeff_head": [
            1,
            0,
            0,
            0,
            0,
            0,
            0,
            0
          ]
        },
        "Bhat_export": {
          "part": 0,
          "num_rows": 4,
          "num_towers": 4,
          "ring_dim": 16384,
          "coeff_count": 16384,
          "row0_tower0_coeff_head": [
            0,
            0,
            1152921504606748671,
            1152921504606748672,
            0,
            0,
            0,
            0
          ]
        },
        "line5_ks_inputs_summary": {
          "num_rows": 4,
          "consistent_shape": true,
          "expected_parts": 3,
          "expected_towers": 4,
          "expected_ring_dim": 16384,
          "rows": [
            {
              "row_index": 0,
              "encoding_type": 1,
              "num_parts": 3,
              "level": 0,
              "slots": 0
            },
            {
              "row_index": 1,
              "encoding_type": 1,
              "num_parts": 3,
              "level": 0,
              "slots": 0
            },
            {
              "row_index": 2,
              "encoding_type": 1,
              "num_parts": 3,
              "level": 0,
              "slots": 0
            },
            {
              "row_index": 3,
              "encoding_type": 1,
              "num_parts": 3,
              "level": 0,
              "slots": 0
            }
          ]
        },
        "line5_ks_outputs_summary": {
          "num_rows": 4,
          "consistent_shape": true,
          "expected_parts": 2,
          "expected_towers": 4,
          "expected_ring_dim": 16384,
          "rows": [
            {
              "row_index": 0,
              "encoding_type": 1,
              "num_parts": 2,
              "level": 0,
              "slots": 0
            },
            {
              "row_index": 1,
              "encoding_type": 1,
              "num_parts": 2,
              "level": 0,
              "slots": 0
            },
            {
              "row_index": 2,
              "encoding_type": 1,
              "num_parts": 2,
              "level": 0,
              "slots": 0
            },
            {
              "row_index": 3,
              "encoding_type": 1,
              "num_parts": 2,
              "level": 0,
              "slots": 0
            }
          ]
        },
        "line5_rows_summary": {
          "num_rows": 4,
          "consistent_shape": true,
          "expected_parts": 2,
          "expected_towers": 4,
          "expected_ring_dim": 16384,
          "rows": [
            {
              "row_index": 0,
              "encoding_type": 1,
              "num_parts": 2,
              "level": 0,
              "slots": 0
            },
            {
              "row_index": 1,
              "encoding_type": 1,
              "num_parts": 2,
              "level": 0,
              "slots": 0
            },
            {
              "row_index": 2,
              "encoding_type": 1,
              "num_parts": 2,
              "level": 0,
              "slots": 0
            },
            {
              "row_index": 3,
              "encoding_type": 1,
              "num_parts": 2,
              "level": 0,
              "slots": 0
            }
          ]
        },
        "T01_cmt_rows_summary": {
          "num_rows": 4,
          "consistent_shape": true,
          "expected_parts": 2,
          "expected_towers": 4,
          "expected_ring_dim": 16384,
          "rows": [
            {
              "row_index": 0,
              "encoding_type": 1,
              "num_parts": 2,
              "level": 0,
              "slots": 0
            },
            {
              "row_index": 1,
              "encoding_type": 1,
              "num_parts": 2,
              "level": 0,
              "slots": 0
            },
            {
              "row_index": 2,
              "encoding_type": 1,
              "num_parts": 2,
              "level": 0,
              "slots": 0
            },
            {
              "row_index": 3,
              "encoding_type": 1,
              "num_parts": 2,
              "level": 0,
              "slots": 0
            }
          ]
        },
        "M10_M11_pair_rows_summary": {
          "num_rows": 4,
          "consistent_shape": true,
          "expected_parts": 2,
          "expected_towers": 4,
          "expected_ring_dim": 16384,
          "rows": [
            {
              "row_index": 0,
              "encoding_type": 1,
              "num_parts": 2,
              "level": 0,
              "slots": 0
            },
            {
              "row_index": 1,
              "encoding_type": 1,
              "num_parts": 2,
              "level": 0,
              "slots": 0
            },
            {
              "row_index": 2,
              "encoding_type": 1,
              "num_parts": 2,
              "level": 0,
              "slots": 0
            },
            {
              "row_index": 3,
              "encoding_type": 1,
              "num_parts": 2,
              "level": 0,
              "slots": 0
            }
          ]
        },
        "final_rows_summary": {
          "num_rows": 4,
          "consistent_shape": true,
          "expected_parts": 2,
          "expected_towers": 4,
          "expected_ring_dim": 16384,
          "rows": [
            {
              "row_index": 0,
              "encoding_type": 1,
              "num_parts": 2,
              "level": 0,
              "slots": 0
            },
            {
              "row_index": 1,
              "encoding_type": 1,
              "num_parts": 2,
              "level": 0,
              "slots": 0
            },
            {
              "row_index": 2,
              "encoding_type": 1,
              "num_parts": 2,
              "level": 0,
              "slots": 0
            },
            {
              "row_index": 3,
              "encoding_type": 1,
              "num_parts": 2,
              "level": 0,
              "slots": 0
            }
          ]
        }
      },
      "comparisons": {
        "U_matmul_V": {
          "all_rows_decrypted": true,
          "exact": false,
          "max_abs_err": 25,
          "l1_err": 185,
          "diff": [
            [
              20,
              -8,
              -25,
              -4
            ],
            [
              18,
              -10,
              24,
              -6
            ],
            [
              -14,
              8,
              14,
              -2
            ],
            [
              5,
              -23,
              -3,
              -1
            ]
          ]
        },
        "U_T_matmul_V": {
          "all_rows_decrypted": true,
          "exact": false,
          "max_abs_err": 24,
          "l1_err": 184,
          "diff": [
            [
              20,
              -8,
              -24,
              -4
            ],
            [
              18,
              -10,
              24,
              -6
            ],
            [
              -14,
              8,
              14,
              -2
            ],
            [
              5,
              -23,
              -3,
              -1
            ]
          ]
        },
        "U_matmul_V_T": {
          "all_rows_decrypted": true,
          "exact": false,
          "max_abs_err": 24,
          "l1_err": 184,
          "diff": [
            [
              20,
              -8,
              -24,
              -4
            ],
            [
              18,
              -10,
              24,
              -6
            ],
            [
              -14,
              8,
              14,
              -2
            ],
            [
              5,
              -23,
              -3,
              -1
            ]
          ]
        },
        "V_matmul_U": {
          "all_rows_decrypted": true,
          "exact": false,
          "max_abs_err": 24,
          "l1_err": 184,
          "diff": [
            [
              20,
              -8,
              -24,
              -4
            ],
            [
              18,
              -10,
              24,
              -6
            ],
            [
              -14,
              8,
              14,
              -2
            ],
            [
              5,
              -23,
              -3,
              -1
            ]
          ]
        },
        "V_T_matmul_U": {
          "all_rows_decrypted": true,
          "exact": false,
          "max_abs_err": 24,
          "l1_err": 184,
          "diff": [
            [
              20,
              -8,
              -24,
              -4
            ],
            [
              18,
              -10,
              24,
              -6
            ],
            [
              -14,
              8,
              14,
              -2
            ],
            [
              5,
              -23,
              -3,
              -1
            ]
          ]
        },
        "U_T_matmul_V_T": {
          "all_rows_decrypted": true,
          "exact": false,
          "max_abs_err": 24,
          "l1_err": 184,
          "diff": [
            [
              20,
              -8,
              -24,
              -4
            ],
            [
              18,
              -10,
              24,
              -6
            ],
            [
              -14,
              8,
              14,
              -2
            ],
            [
              5,
              -23,
              -3,
              -1
            ]
          ]
        }
      }
    },
    {
      "name": "basis_E23_times_E31",
      "a_scalar": 1,
      "input_U": [
        [
          0,
          0,
          0,
          0
        ],
        [
          0,
          0,
          0,
          0
        ],
        [
          0,
          0,
          0,
          1
        ],
        [
          0,
          0,
          0,
          0
        ]
      ],
      "input_V": [
        [
          0,
          0,
          0,
          0
        ],
        [
          0,
          0,
          0,
          0
        ],
        [
          0,
          0,
          0,
          0
        ],
        [
          0,
          1,
          0,
          0
        ]
      ],
      "references": {
        "U_matmul_V": [
          [
            0,
            0,
            0,
            0
          ],
          [
            0,
            0,
            0,
            0
          ],
          [
            0,
            1,
            0,
            0
          ],
          [
            0,
            0,
            0,
            0
          ]
        ],
        "U_T_matmul_V": [
          [
            0,
            0,
            0,
            0
          ],
          [
            0,
            0,
            0,
            0
          ],
          [
            0,
            0,
            0,
            0
          ],
          [
            0,
            0,
            0,
            0
          ]
        ],
        "U_matmul_V_T": [
          [
            0,
            0,
            0,
            0
          ],
          [
            0,
            0,
            0,
            0
          ],
          [
            0,
            0,
            0,
            0
          ],
          [
            0,
            0,
            0,
            0
          ]
        ],
        "V_matmul_U": [
          [
            0,
            0,
            0,
            0
          ],
          [
            0,
            0,
            0,
            0
          ],
          [
            0,
            0,
            0,
            0
          ],
          [
            0,
            0,
            0,
            0
          ]
        ],
        "V_T_matmul_U": [
          [
            0,
            0,
            0,
            0
          ],
          [
            0,
            0,
            0,
            0
          ],
          [
            0,
            0,
            0,
            0
          ],
          [
            0,
            0,
            0,
            0
          ]
        ],
        "U_T_matmul_V_T": [
          [
            0,
            0,
            0,
            0
          ],
          [
            0,
            0,
            0,
            0
          ],
          [
            0,
            0,
            0,
            0
          ],
          [
            0,
            0,
            0,
            0
          ]
        ]
      },
      "final": {
        "compress_reports": [
          {
            "row_index": 0,
            "ok": true,
            "error": null
          },
          {
            "row_index": 1,
            "ok": true,
            "error": null
          },
          {
            "row_index": 2,
            "ok": true,
            "error": null
          },
          {
            "row_index": 3,
            "ok": true,
            "error": null
          }
        ],
        "decrypt_reports": [
          {
            "row_index": 0,
            "ok": true,
            "error": null
          },
          {
            "row_index": 1,
            "ok": true,
            "error": null
          },
          {
            "row_index": 2,
            "ok": true,
            "error": null
          },
          {
            "row_index": 3,
            "ok": true,
            "error": null
          }
        ],
        "decoded": [
          [
            20,
            -8,
            25,
            -4
          ],
          [
            18,
            -10,
            23,
            -6
          ],
          [
            -14,
            8,
            13,
            -2
          ],
          [
            5,
            -23,
            -4,
            -1
          ]
        ]
      },
      "trace": {
        "U_info": {
          "a_scalar": 1,
          "template_ring_dim": 16384,
          "template_num_towers": 4,
          "moduli_u64": [
            1152921504606748673,
            1125899904679937,
            1125899908022273,
            557057
          ],
          "sk_num_towers": 4,
          "sk_coeff_count": 4,
          "sk_tower0_coeffs": [
            1152921504606748672,
            1152921504606748672,
            1,
            0
          ]
        },
        "V_info": {
          "a_scalar": 1,
          "template_ring_dim": 16384,
          "template_num_towers": 4,
          "moduli_u64": [
            1152921504606748673,
            1125899904679937,
            1125899908022273,
            557057
          ],
          "sk_num_towers": 4,
          "sk_coeff_count": 4,
          "sk_tower0_coeffs": [
            1152921504606748672,
            1152921504606748672,
            1,
            0
          ]
        },
        "U_decrypt_exact": {
          "all_rows_decrypted": true,
          "exact": true,
          "max_abs_err": 0,
          "l1_err": 0,
          "diff": [
            [
              0,
              0,
              0,
              0
            ],
            [
              0,
              0,
              0,
              0
            ],
            [
              0,
              0,
              0,
              0
            ],
            [
              0,
              0,
              0,
              0
            ]
          ]
        },
        "V_decrypt_exact": {
          "all_rows_decrypted": true,
          "exact": true,
          "max_abs_err": 0,
          "l1_err": 0,
          "diff": [
            [
              0,
              0,
              0,
              0
            ],
            [
              0,
              0,
              0,
              0
            ],
            [
              0,
              0,
              0,
              0
            ],
            [
              0,
              0,
              0,
              0
            ]
          ]
        },
        "U_cmt_trace": {
          "input_plaintext_matrix": [
            [
              0,
              0,
              0,
              0
            ],
            [
              0,
              0,
              0,
              0
            ],
            [
              0,
              0,
              0,
              1
            ],
            [
              0,
              0,
              0,
              0
            ]
          ],
          "output_plaintext_transpose": [
            [
              0,
              0,
              0,
              0
            ],
            [
              0,
              0,
              0,
              0
            ],
            [
              0,
              0,
              0,
              0
            ],
            [
              0,
              0,
              1,
              0
            ]
          ],
          "a_scalar": 1,
          "warning": "debug-only decrypt-transpose-reencrypt oracle"
        },
        "T01_cmt_trace": {
          "input_plaintext_matrix": [
            [
              -1,
              -3,
              1,
              2
            ],
            [
              -1,
              -3,
              1,
              2
            ],
            [
              -1,
              -3,
              1,
              2
            ],
            [
              -1,
              -3,
              1,
              2
            ]
          ],
          "output_plaintext_transpose": [
            [
              -1,
              -1,
              -1,
              -1
            ],
            [
              -3,
              -3,
              -3,
              -3
            ],
            [
              1,
              1,
              1,
              1
            ],
            [
              2,
              2,
              2,
              2
            ]
          ],
          "a_scalar": 1,
          "warning": "debug-only decrypt-transpose-reencrypt oracle"
        },
        "T00_cmt_trace": {
          "input_plaintext_matrix": [
            [
              -1,
              -1,
              1,
              0
            ],
            [
              -1,
              -1,
              1,
              0
            ],
            [
              -1,
              -1,
              1,
              0
            ],
            [
              -1,
              -1,
              1,
              0
            ]
          ],
          "output_plaintext_transpose": [
            [
              -1,
              -1,
              -1,
              -1
            ],
            [
              -1,
              -1,
              -1,
              -1
            ],
            [
              1,
              1,
              1,
              1
            ],
            [
              0,
              0,
              0,
              0
            ]
          ],
          "a_scalar": 1,
          "warning": "debug-only decrypt-transpose-reencrypt oracle"
        },
        "Ahat_export": {
          "part": 1,
          "num_rows": 4,
          "num_towers": 4,
          "ring_dim": 16384,
          "coeff_count": 16384,
          "row0_tower0_coeff_head": [
            1,
            0,
            0,
            0,
            0,
            0,
            0,
            0
          ]
        },
        "Bhat_export": {
          "part": 0,
          "num_rows": 4,
          "num_towers": 4,
          "ring_dim": 16384,
          "coeff_count": 16384,
          "row0_tower0_coeff_head": [
            0,
            0,
            1152921504606748671,
            1152921504606748672,
            0,
            0,
            0,
            0
          ]
        },
        "line5_ks_inputs_summary": {
          "num_rows": 4,
          "consistent_shape": true,
          "expected_parts": 3,
          "expected_towers": 4,
          "expected_ring_dim": 16384,
          "rows": [
            {
              "row_index": 0,
              "encoding_type": 1,
              "num_parts": 3,
              "level": 0,
              "slots": 0
            },
            {
              "row_index": 1,
              "encoding_type": 1,
              "num_parts": 3,
              "level": 0,
              "slots": 0
            },
            {
              "row_index": 2,
              "encoding_type": 1,
              "num_parts": 3,
              "level": 0,
              "slots": 0
            },
            {
              "row_index": 3,
              "encoding_type": 1,
              "num_parts": 3,
              "level": 0,
              "slots": 0
            }
          ]
        },
        "line5_ks_outputs_summary": {
          "num_rows": 4,
          "consistent_shape": true,
          "expected_parts": 2,
          "expected_towers": 4,
          "expected_ring_dim": 16384,
          "rows": [
            {
              "row_index": 0,
              "encoding_type": 1,
              "num_parts": 2,
              "level": 0,
              "slots": 0
            },
            {
              "row_index": 1,
              "encoding_type": 1,
              "num_parts": 2,
              "level": 0,
              "slots": 0
            },
            {
              "row_index": 2,
              "encoding_type": 1,
              "num_parts": 2,
              "level": 0,
              "slots": 0
            },
            {
              "row_index": 3,
              "encoding_type": 1,
              "num_parts": 2,
              "level": 0,
              "slots": 0
            }
          ]
        },
        "line5_rows_summary": {
          "num_rows": 4,
          "consistent_shape": true,
          "expected_parts": 2,
          "expected_towers": 4,
          "expected_ring_dim": 16384,
          "rows": [
            {
              "row_index": 0,
              "encoding_type": 1,
              "num_parts": 2,
              "level": 0,
              "slots": 0
            },
            {
              "row_index": 1,
              "encoding_type": 1,
              "num_parts": 2,
              "level": 0,
              "slots": 0
            },
            {
              "row_index": 2,
              "encoding_type": 1,
              "num_parts": 2,
              "level": 0,
              "slots": 0
            },
            {
              "row_index": 3,
              "encoding_type": 1,
              "num_parts": 2,
              "level": 0,
              "slots": 0
            }
          ]
        },
        "T01_cmt_rows_summary": {
          "num_rows": 4,
          "consistent_shape": true,
          "expected_parts": 2,
          "expected_towers": 4,
          "expected_ring_dim": 16384,
          "rows": [
            {
              "row_index": 0,
              "encoding_type": 1,
              "num_parts": 2,
              "level": 0,
              "slots": 0
            },
            {
              "row_index": 1,
              "encoding_type": 1,
              "num_parts": 2,
              "level": 0,
              "slots": 0
            },
            {
              "row_index": 2,
              "encoding_type": 1,
              "num_parts": 2,
              "level": 0,
              "slots": 0
            },
            {
              "row_index": 3,
              "encoding_type": 1,
              "num_parts": 2,
              "level": 0,
              "slots": 0
            }
          ]
        },
        "M10_M11_pair_rows_summary": {
          "num_rows": 4,
          "consistent_shape": true,
          "expected_parts": 2,
          "expected_towers": 4,
          "expected_ring_dim": 16384,
          "rows": [
            {
              "row_index": 0,
              "encoding_type": 1,
              "num_parts": 2,
              "level": 0,
              "slots": 0
            },
            {
              "row_index": 1,
              "encoding_type": 1,
              "num_parts": 2,
              "level": 0,
              "slots": 0
            },
            {
              "row_index": 2,
              "encoding_type": 1,
              "num_parts": 2,
              "level": 0,
              "slots": 0
            },
            {
              "row_index": 3,
              "encoding_type": 1,
              "num_parts": 2,
              "level": 0,
              "slots": 0
            }
          ]
        },
        "final_rows_summary": {
          "num_rows": 4,
          "consistent_shape": true,
          "expected_parts": 2,
          "expected_towers": 4,
          "expected_ring_dim": 16384,
          "rows": [
            {
              "row_index": 0,
              "encoding_type": 1,
              "num_parts": 2,
              "level": 0,
              "slots": 0
            },
            {
              "row_index": 1,
              "encoding_type": 1,
              "num_parts": 2,
              "level": 0,
              "slots": 0
            },
            {
              "row_index": 2,
              "encoding_type": 1,
              "num_parts": 2,
              "level": 0,
              "slots": 0
            },
            {
              "row_index": 3,
              "encoding_type": 1,
              "num_parts": 2,
              "level": 0,
              "slots": 0
            }
          ]
        }
      },
      "comparisons": {
        "U_matmul_V": {
          "all_rows_decrypted": true,
          "exact": false,
          "max_abs_err": 25,
          "l1_err": 183,
          "diff": [
            [
              20,
              -8,
              25,
              -4
            ],
            [
              18,
              -10,
              23,
              -6
            ],
            [
              -14,
              7,
              13,
              -2
            ],
            [
              5,
              -23,
              -4,
              -1
            ]
          ]
        },
        "U_T_matmul_V": {
          "all_rows_decrypted": true,
          "exact": false,
          "max_abs_err": 25,
          "l1_err": 184,
          "diff": [
            [
              20,
              -8,
              25,
              -4
            ],
            [
              18,
              -10,
              23,
              -6
            ],
            [
              -14,
              8,
              13,
              -2
            ],
            [
              5,
              -23,
              -4,
              -1
            ]
          ]
        },
        "U_matmul_V_T": {
          "all_rows_decrypted": true,
          "exact": false,
          "max_abs_err": 25,
          "l1_err": 184,
          "diff": [
            [
              20,
              -8,
              25,
              -4
            ],
            [
              18,
              -10,
              23,
              -6
            ],
            [
              -14,
              8,
              13,
              -2
            ],
            [
              5,
              -23,
              -4,
              -1
            ]
          ]
        },
        "V_matmul_U": {
          "all_rows_decrypted": true,
          "exact": false,
          "max_abs_err": 25,
          "l1_err": 184,
          "diff": [
            [
              20,
              -8,
              25,
              -4
            ],
            [
              18,
              -10,
              23,
              -6
            ],
            [
              -14,
              8,
              13,
              -2
            ],
            [
              5,
              -23,
              -4,
              -1
            ]
          ]
        },
        "V_T_matmul_U": {
          "all_rows_decrypted": true,
          "exact": false,
          "max_abs_err": 25,
          "l1_err": 184,
          "diff": [
            [
              20,
              -8,
              25,
              -4
            ],
            [
              18,
              -10,
              23,
              -6
            ],
            [
              -14,
              8,
              13,
              -2
            ],
            [
              5,
              -23,
              -4,
              -1
            ]
          ]
        },
        "U_T_matmul_V_T": {
          "all_rows_decrypted": true,
          "exact": false,
          "max_abs_err": 25,
          "l1_err": 184,
          "diff": [
            [
              20,
              -8,
              25,
              -4
            ],
            [
              18,
              -10,
              23,
              -6
            ],
            [
              -14,
              8,
              13,
              -2
            ],
            [
              5,
              -23,
              -4,
              -1
            ]
          ]
        }
      }
    },
    {
      "name": "identity_times_random_small",
      "a_scalar": 1,
      "input_U": [
        [
          1,
          0,
          0,
          0
        ],
        [
          0,
          1,
          0,
          0
        ],
        [
          0,
          0,
          1,
          0
        ],
        [
          0,
          0,
          0,
          1
        ]
      ],
      "input_V": [
        [
          -1,
          1,
          2,
          -2
        ],
        [
          -2,
          2,
          0,
          -2
        ],
        [
          -2,
          -1,
          -1,
          1
        ],
        [
          -2,
          0,
          -1,
          0
        ]
      ],
      "references": {
        "U_matmul_V": [
          [
            -1,
            1,
            2,
            -2
          ],
          [
            -2,
            2,
            0,
            -2
          ],
          [
            -2,
            -1,
            -1,
            1
          ],
          [
            -2,
            0,
            -1,
            0
          ]
        ],
        "U_T_matmul_V": [
          [
            -1,
            1,
            2,
            -2
          ],
          [
            -2,
            2,
            0,
            -2
          ],
          [
            -2,
            -1,
            -1,
            1
          ],
          [
            -2,
            0,
            -1,
            0
          ]
        ],
        "U_matmul_V_T": [
          [
            -1,
            -2,
            -2,
            -2
          ],
          [
            1,
            2,
            -1,
            0
          ],
          [
            2,
            0,
            -1,
            -1
          ],
          [
            -2,
            -2,
            1,
            0
          ]
        ],
        "V_matmul_U": [
          [
            -1,
            1,
            2,
            -2
          ],
          [
            -2,
            2,
            0,
            -2
          ],
          [
            -2,
            -1,
            -1,
            1
          ],
          [
            -2,
            0,
            -1,
            0
          ]
        ],
        "V_T_matmul_U": [
          [
            -1,
            -2,
            -2,
            -2
          ],
          [
            1,
            2,
            -1,
            0
          ],
          [
            2,
            0,
            -1,
            -1
          ],
          [
            -2,
            -2,
            1,
            0
          ]
        ],
        "U_T_matmul_V_T": [
          [
            -1,
            -2,
            -2,
            -2
          ],
          [
            1,
            2,
            -1,
            0
          ],
          [
            2,
            0,
            -1,
            -1
          ],
          [
            -2,
            -2,
            1,
            0
          ]
        ]
      },
      "final": {
        "compress_reports": [
          {
            "row_index": 0,
            "ok": true,
            "error": null
          },
          {
            "row_index": 1,
            "ok": true,
            "error": null
          },
          {
            "row_index": 2,
            "ok": true,
            "error": null
          },
          {
            "row_index": 3,
            "ok": true,
            "error": null
          }
        ],
        "decrypt_reports": [
          {
            "row_index": 0,
            "ok": true,
            "error": null
          },
          {
            "row_index": 1,
            "ok": true,
            "error": null
          },
          {
            "row_index": 2,
            "ok": true,
            "error": null
          },
          {
            "row_index": 3,
            "ok": true,
            "error": null
          }
        ],
        "decoded": [
          [
            20,
            -1,
            -18,
            -9
          ],
          [
            15,
            -4,
            -24,
            -13
          ],
          [
            -23,
            5,
            9,
            -12
          ],
          [
            3,
            -18,
            -1,
            -5
          ]
        ]
      },
      "trace": {
        "U_info": {
          "a_scalar": 1,
          "template_ring_dim": 16384,
          "template_num_towers": 4,
          "moduli_u64": [
            1152921504606748673,
            1125899904679937,
            1125899908022273,
            557057
          ],
          "sk_num_towers": 4,
          "sk_coeff_count": 4,
          "sk_tower0_coeffs": [
            1152921504606748672,
            1152921504606748672,
            1,
            0
          ]
        },
        "V_info": {
          "a_scalar": 1,
          "template_ring_dim": 16384,
          "template_num_towers": 4,
          "moduli_u64": [
            1152921504606748673,
            1125899904679937,
            1125899908022273,
            557057
          ],
          "sk_num_towers": 4,
          "sk_coeff_count": 4,
          "sk_tower0_coeffs": [
            1152921504606748672,
            1152921504606748672,
            1,
            0
          ]
        },
        "U_decrypt_exact": {
          "all_rows_decrypted": true,
          "exact": true,
          "max_abs_err": 0,
          "l1_err": 0,
          "diff": [
            [
              0,
              0,
              0,
              0
            ],
            [
              0,
              0,
              0,
              0
            ],
            [
              0,
              0,
              0,
              0
            ],
            [
              0,
              0,
              0,
              0
            ]
          ]
        },
        "V_decrypt_exact": {
          "all_rows_decrypted": true,
          "exact": true,
          "max_abs_err": 0,
          "l1_err": 0,
          "diff": [
            [
              0,
              0,
              0,
              0
            ],
            [
              0,
              0,
              0,
              0
            ],
            [
              0,
              0,
              0,
              0
            ],
            [
              0,
              0,
              0,
              0
            ]
          ]
        },
        "U_cmt_trace": {
          "input_plaintext_matrix": [
            [
              1,
              0,
              0,
              0
            ],
            [
              0,
              1,
              0,
              0
            ],
            [
              0,
              0,
              1,
              0
            ],
            [
              0,
              0,
              0,
              1
            ]
          ],
          "output_plaintext_transpose": [
            [
              1,
              0,
              0,
              0
            ],
            [
              0,
              1,
              0,
              0
            ],
            [
              0,
              0,
              1,
              0
            ],
            [
              0,
              0,
              0,
              1
            ]
          ],
          "a_scalar": 1,
          "warning": "debug-only decrypt-transpose-reencrypt oracle"
        },
        "T01_cmt_trace": {
          "input_plaintext_matrix": [
            [
              1,
              -3,
              -5,
              3
            ],
            [
              1,
              -3,
              -5,
              3
            ],
            [
              1,
              -3,
              -5,
              3
            ],
            [
              1,
              -3,
              -5,
              3
            ]
          ],
          "output_plaintext_transpose": [
            [
              1,
              1,
              1,
              1
            ],
            [
              -3,
              -3,
              -3,
              -3
            ],
            [
              -5,
              -5,
              -5,
              -5
            ],
            [
              3,
              3,
              3,
              3
            ]
          ],
          "a_scalar": 1,
          "warning": "debug-only decrypt-transpose-reencrypt oracle"
        },
        "T00_cmt_trace": {
          "input_plaintext_matrix": [
            [
              -1,
              -1,
              1,
              0
            ],
            [
              -1,
              -1,
              1,
              0
            ],
            [
              -1,
              -1,
              1,
              0
            ],
            [
              -1,
              -1,
              1,
              0
            ]
          ],
          "output_plaintext_transpose": [
            [
              -1,
              -1,
              -1,
              -1
            ],
            [
              -1,
              -1,
              -1,
              -1
            ],
            [
              1,
              1,
              1,
              1
            ],
            [
              0,
              0,
              0,
              0
            ]
          ],
          "a_scalar": 1,
          "warning": "debug-only decrypt-transpose-reencrypt oracle"
        },
        "Ahat_export": {
          "part": 1,
          "num_rows": 4,
          "num_towers": 4,
          "ring_dim": 16384,
          "coeff_count": 16384,
          "row0_tower0_coeff_head": [
            1,
            0,
            0,
            0,
            0,
            0,
            0,
            0
          ]
        },
        "Bhat_export": {
          "part": 0,
          "num_rows": 4,
          "num_towers": 4,
          "ring_dim": 16384,
          "coeff_count": 16384,
          "row0_tower0_coeff_head": [
            0,
            0,
            1152921504606748671,
            1152921504606748672,
            0,
            0,
            0,
            0
          ]
        },
        "line5_ks_inputs_summary": {
          "num_rows": 4,
          "consistent_shape": true,
          "expected_parts": 3,
          "expected_towers": 4,
          "expected_ring_dim": 16384,
          "rows": [
            {
              "row_index": 0,
              "encoding_type": 1,
              "num_parts": 3,
              "level": 0,
              "slots": 0
            },
            {
              "row_index": 1,
              "encoding_type": 1,
              "num_parts": 3,
              "level": 0,
              "slots": 0
            },
            {
              "row_index": 2,
              "encoding_type": 1,
              "num_parts": 3,
              "level": 0,
              "slots": 0
            },
            {
              "row_index": 3,
              "encoding_type": 1,
              "num_parts": 3,
              "level": 0,
              "slots": 0
            }
          ]
        },
        "line5_ks_outputs_summary": {
          "num_rows": 4,
          "consistent_shape": true,
          "expected_parts": 2,
          "expected_towers": 4,
          "expected_ring_dim": 16384,
          "rows": [
            {
              "row_index": 0,
              "encoding_type": 1,
              "num_parts": 2,
              "level": 0,
              "slots": 0
            },
            {
              "row_index": 1,
              "encoding_type": 1,
              "num_parts": 2,
              "level": 0,
              "slots": 0
            },
            {
              "row_index": 2,
              "encoding_type": 1,
              "num_parts": 2,
              "level": 0,
              "slots": 0
            },
            {
              "row_index": 3,
              "encoding_type": 1,
              "num_parts": 2,
              "level": 0,
              "slots": 0
            }
          ]
        },
        "line5_rows_summary": {
          "num_rows": 4,
          "consistent_shape": true,
          "expected_parts": 2,
          "expected_towers": 4,
          "expected_ring_dim": 16384,
          "rows": [
            {
              "row_index": 0,
              "encoding_type": 1,
              "num_parts": 2,
              "level": 0,
              "slots": 0
            },
            {
              "row_index": 1,
              "encoding_type": 1,
              "num_parts": 2,
              "level": 0,
              "slots": 0
            },
            {
              "row_index": 2,
              "encoding_type": 1,
              "num_parts": 2,
              "level": 0,
              "slots": 0
            },
            {
              "row_index": 3,
              "encoding_type": 1,
              "num_parts": 2,
              "level": 0,
              "slots": 0
            }
          ]
        },
        "T01_cmt_rows_summary": {
          "num_rows": 4,
          "consistent_shape": true,
          "expected_parts": 2,
          "expected_towers": 4,
          "expected_ring_dim": 16384,
          "rows": [
            {
              "row_index": 0,
              "encoding_type": 1,
              "num_parts": 2,
              "level": 0,
              "slots": 0
            },
            {
              "row_index": 1,
              "encoding_type": 1,
              "num_parts": 2,
              "level": 0,
              "slots": 0
            },
            {
              "row_index": 2,
              "encoding_type": 1,
              "num_parts": 2,
              "level": 0,
              "slots": 0
            },
            {
              "row_index": 3,
              "encoding_type": 1,
              "num_parts": 2,
              "level": 0,
              "slots": 0
            }
          ]
        },
        "M10_M11_pair_rows_summary": {
          "num_rows": 4,
          "consistent_shape": true,
          "expected_parts": 2,
          "expected_towers": 4,
          "expected_ring_dim": 16384,
          "rows": [
            {
              "row_index": 0,
              "encoding_type": 1,
              "num_parts": 2,
              "level": 0,
              "slots": 0
            },
            {
              "row_index": 1,
              "encoding_type": 1,
              "num_parts": 2,
              "level": 0,
              "slots": 0
            },
            {
              "row_index": 2,
              "encoding_type": 1,
              "num_parts": 2,
              "level": 0,
              "slots": 0
            },
            {
              "row_index": 3,
              "encoding_type": 1,
              "num_parts": 2,
              "level": 0,
              "slots": 0
            }
          ]
        },
        "final_rows_summary": {
          "num_rows": 4,
          "consistent_shape": true,
          "expected_parts": 2,
          "expected_towers": 4,
          "expected_ring_dim": 16384,
          "rows": [
            {
              "row_index": 0,
              "encoding_type": 1,
              "num_parts": 2,
              "level": 0,
              "slots": 0
            },
            {
              "row_index": 1,
              "encoding_type": 1,
              "num_parts": 2,
              "level": 0,
              "slots": 0
            },
            {
              "row_index": 2,
              "encoding_type": 1,
              "num_parts": 2,
              "level": 0,
              "slots": 0
            },
            {
              "row_index": 3,
              "encoding_type": 1,
              "num_parts": 2,
              "level": 0,
              "slots": 0
            }
          ]
        }
      },
      "comparisons": {
        "U_matmul_V": {
          "all_rows_decrypted": true,
          "exact": false,
          "max_abs_err": 24,
          "l1_err": 186,
          "diff": [
            [
              21,
              -2,
              -20,
              -7
            ],
            [
              17,
              -6,
              -24,
              -11
            ],
            [
              -21,
              6,
              10,
              -13
            ],
            [
              5,
              -18,
              0,
              -5
            ]
          ]
        },
        "U_T_matmul_V": {
          "all_rows_decrypted": true,
          "exact": false,
          "max_abs_err": 24,
          "l1_err": 186,
          "diff": [
            [
              21,
              -2,
              -20,
              -7
            ],
            [
              17,
              -6,
              -24,
              -11
            ],
            [
              -21,
              6,
              10,
              -13
            ],
            [
              5,
              -18,
              0,
              -5
            ]
          ]
        },
        "U_matmul_V_T": {
          "all_rows_decrypted": true,
          "exact": false,
          "max_abs_err": 25,
          "l1_err": 180,
          "diff": [
            [
              21,
              1,
              -16,
              -7
            ],
            [
              14,
              -6,
              -23,
              -13
            ],
            [
              -25,
              5,
              10,
              -11
            ],
            [
              5,
              -16,
              -2,
              -5
            ]
          ]
        },
        "V_matmul_U": {
          "all_rows_decrypted": true,
          "exact": false,
          "max_abs_err": 24,
          "l1_err": 186,
          "diff": [
            [
              21,
              -2,
              -20,
              -7
            ],
            [
              17,
              -6,
              -24,
              -11
            ],
            [
              -21,
              6,
              10,
              -13
            ],
            [
              5,
              -18,
              0,
              -5
            ]
          ]
        },
        "V_T_matmul_U": {
          "all_rows_decrypted": true,
          "exact": false,
          "max_abs_err": 25,
          "l1_err": 180,
          "diff": [
            [
              21,
              1,
              -16,
              -7
            ],
            [
              14,
              -6,
              -23,
              -13
            ],
            [
              -25,
              5,
              10,
              -11
            ],
            [
              5,
              -16,
              -2,
              -5
            ]
          ]
        },
        "U_T_matmul_V_T": {
          "all_rows_decrypted": true,
          "exact": false,
          "max_abs_err": 25,
          "l1_err": 180,
          "diff": [
            [
              21,
              1,
              -16,
              -7
            ],
            [
              14,
              -6,
              -23,
              -13
            ],
            [
              -25,
              5,
              10,
              -11
            ],
            [
              5,
              -16,
              -2,
              -5
            ]
          ]
        }
      }
    },
    {
      "name": "random_small_times_identity",
      "a_scalar": 1,
      "input_U": [
        [
          0,
          -1,
          1,
          -1
        ],
        [
          0,
          -1,
          -2,
          0
        ],
        [
          0,
          0,
          2,
          0
        ],
        [
          -1,
          -1,
          0,
          2
        ]
      ],
      "input_V": [
        [
          1,
          0,
          0,
          0
        ],
        [
          0,
          1,
          0,
          0
        ],
        [
          0,
          0,
          1,
          0
        ],
        [
          0,
          0,
          0,
          1
        ]
      ],
      "references": {
        "U_matmul_V": [
          [
            0,
            -1,
            1,
            -1
          ],
          [
            0,
            -1,
            -2,
            0
          ],
          [
            0,
            0,
            2,
            0
          ],
          [
            -1,
            -1,
            0,
            2
          ]
        ],
        "U_T_matmul_V": [
          [
            0,
            0,
            0,
            -1
          ],
          [
            -1,
            -1,
            0,
            -1
          ],
          [
            1,
            -2,
            2,
            0
          ],
          [
            -1,
            0,
            0,
            2
          ]
        ],
        "U_matmul_V_T": [
          [
            0,
            -1,
            1,
            -1
          ],
          [
            0,
            -1,
            -2,
            0
          ],
          [
            0,
            0,
            2,
            0
          ],
          [
            -1,
            -1,
            0,
            2
          ]
        ],
        "V_matmul_U": [
          [
            0,
            -1,
            1,
            -1
          ],
          [
            0,
            -1,
            -2,
            0
          ],
          [
            0,
            0,
            2,
            0
          ],
          [
            -1,
            -1,
            0,
            2
          ]
        ],
        "V_T_matmul_U": [
          [
            0,
            -1,
            1,
            -1
          ],
          [
            0,
            -1,
            -2,
            0
          ],
          [
            0,
            0,
            2,
            0
          ],
          [
            -1,
            -1,
            0,
            2
          ]
        ],
        "U_T_matmul_V_T": [
          [
            0,
            0,
            0,
            -1
          ],
          [
            -1,
            -1,
            0,
            -1
          ],
          [
            1,
            -2,
            2,
            0
          ],
          [
            -1,
            0,
            0,
            2
          ]
        ]
      },
      "final": {
        "compress_reports": [
          {
            "row_index": 0,
            "ok": true,
            "error": null
          },
          {
            "row_index": 1,
            "ok": true,
            "error": null
          },
          {
            "row_index": 2,
            "ok": true,
            "error": null
          },
          {
            "row_index": 3,
            "ok": true,
            "error": null
          }
        ],
        "decrypt_reports": [
          {
            "row_index": 0,
            "ok": true,
            "error": null
          },
          {
            "row_index": 1,
            "ok": true,
            "error": null
          },
          {
            "row_index": 2,
            "ok": true,
            "error": null
          },
          {
            "row_index": 3,
            "ok": true,
            "error": null
          }
        ],
        "decoded": [
          [
            20,
            -8,
            23,
            -6
          ],
          [
            17,
            -11,
            21,
            -8
          ],
          [
            -11,
            8,
            15,
            -1
          ],
          [
            5,
            -22,
            -5,
            1
          ]
        ]
      },
      "trace": {
        "U_info": {
          "a_scalar": 1,
          "template_ring_dim": 16384,
          "template_num_towers": 4,
          "moduli_u64": [
            1152921504606748673,
            1125899904679937,
            1125899908022273,
            557057
          ],
          "sk_num_towers": 4,
          "sk_coeff_count": 4,
          "sk_tower0_coeffs": [
            1152921504606748672,
            1152921504606748672,
            1,
            0
          ]
        },
        "V_info": {
          "a_scalar": 1,
          "template_ring_dim": 16384,
          "template_num_towers": 4,
          "moduli_u64": [
            1152921504606748673,
            1125899904679937,
            1125899908022273,
            557057
          ],
          "sk_num_towers": 4,
          "sk_coeff_count": 4,
          "sk_tower0_coeffs": [
            1152921504606748672,
            1152921504606748672,
            1,
            0
          ]
        },
        "U_decrypt_exact": {
          "all_rows_decrypted": true,
          "exact": true,
          "max_abs_err": 0,
          "l1_err": 0,
          "diff": [
            [
              0,
              0,
              0,
              0
            ],
            [
              0,
              0,
              0,
              0
            ],
            [
              0,
              0,
              0,
              0
            ],
            [
              0,
              0,
              0,
              0
            ]
          ]
        },
        "V_decrypt_exact": {
          "all_rows_decrypted": true,
          "exact": true,
          "max_abs_err": 0,
          "l1_err": 0,
          "diff": [
            [
              0,
              0,
              0,
              0
            ],
            [
              0,
              0,
              0,
              0
            ],
            [
              0,
              0,
              0,
              0
            ],
            [
              0,
              0,
              0,
              0
            ]
          ]
        },
        "U_cmt_trace": {
          "input_plaintext_matrix": [
            [
              0,
              -1,
              1,
              -1
            ],
            [
              0,
              -1,
              -2,
              0
            ],
            [
              0,
              0,
              2,
              0
            ],
            [
              -1,
              -1,
              0,
              2
            ]
          ],
          "output_plaintext_transpose": [
            [
              0,
              0,
              0,
              -1
            ],
            [
              -1,
              -1,
              0,
              -1
            ],
            [
              1,
              -2,
              2,
              0
            ],
            [
              -1,
              0,
              0,
              2
            ]
          ],
          "a_scalar": 1,
          "warning": "debug-only decrypt-transpose-reencrypt oracle"
        },
        "T01_cmt_trace": {
          "input_plaintext_matrix": [
            [
              -2,
              -4,
              2,
              2
            ],
            [
              -2,
              -4,
              2,
              2
            ],
            [
              -2,
              -4,
              2,
              2
            ],
            [
              -2,
              -4,
              2,
              2
            ]
          ],
          "output_plaintext_transpose": [
            [
              -2,
              -2,
              -2,
              -2
            ],
            [
              -4,
              -4,
              -4,
              -4
            ],
            [
              2,
              2,
              2,
              2
            ],
            [
              2,
              2,
              2,
              2
            ]
          ],
          "a_scalar": 1,
          "warning": "debug-only decrypt-transpose-reencrypt oracle"
        },
        "T00_cmt_trace": {
          "input_plaintext_matrix": [
            [
              -1,
              -1,
              1,
              0
            ],
            [
              -1,
              -1,
              1,
              0
            ],
            [
              -1,
              -1,
              1,
              0
            ],
            [
              -1,
              -1,
              1,
              0
            ]
          ],
          "output_plaintext_transpose": [
            [
              -1,
              -1,
              -1,
              -1
            ],
            [
              -1,
              -1,
              -1,
              -1
            ],
            [
              1,
              1,
              1,
              1
            ],
            [
              0,
              0,
              0,
              0
            ]
          ],
          "a_scalar": 1,
          "warning": "debug-only decrypt-transpose-reencrypt oracle"
        },
        "Ahat_export": {
          "part": 1,
          "num_rows": 4,
          "num_towers": 4,
          "ring_dim": 16384,
          "coeff_count": 16384,
          "row0_tower0_coeff_head": [
            1,
            0,
            0,
            0,
            0,
            0,
            0,
            0
          ]
        },
        "Bhat_export": {
          "part": 0,
          "num_rows": 4,
          "num_towers": 4,
          "ring_dim": 16384,
          "coeff_count": 16384,
          "row0_tower0_coeff_head": [
            0,
            0,
            1152921504606748671,
            1152921504606748672,
            0,
            0,
            0,
            0
          ]
        },
        "line5_ks_inputs_summary": {
          "num_rows": 4,
          "consistent_shape": true,
          "expected_parts": 3,
          "expected_towers": 4,
          "expected_ring_dim": 16384,
          "rows": [
            {
              "row_index": 0,
              "encoding_type": 1,
              "num_parts": 3,
              "level": 0,
              "slots": 0
            },
            {
              "row_index": 1,
              "encoding_type": 1,
              "num_parts": 3,
              "level": 0,
              "slots": 0
            },
            {
              "row_index": 2,
              "encoding_type": 1,
              "num_parts": 3,
              "level": 0,
              "slots": 0
            },
            {
              "row_index": 3,
              "encoding_type": 1,
              "num_parts": 3,
              "level": 0,
              "slots": 0
            }
          ]
        },
        "line5_ks_outputs_summary": {
          "num_rows": 4,
          "consistent_shape": true,
          "expected_parts": 2,
          "expected_towers": 4,
          "expected_ring_dim": 16384,
          "rows": [
            {
              "row_index": 0,
              "encoding_type": 1,
              "num_parts": 2,
              "level": 0,
              "slots": 0
            },
            {
              "row_index": 1,
              "encoding_type": 1,
              "num_parts": 2,
              "level": 0,
              "slots": 0
            },
            {
              "row_index": 2,
              "encoding_type": 1,
              "num_parts": 2,
              "level": 0,
              "slots": 0
            },
            {
              "row_index": 3,
              "encoding_type": 1,
              "num_parts": 2,
              "level": 0,
              "slots": 0
            }
          ]
        },
        "line5_rows_summary": {
          "num_rows": 4,
          "consistent_shape": true,
          "expected_parts": 2,
          "expected_towers": 4,
          "expected_ring_dim": 16384,
          "rows": [
            {
              "row_index": 0,
              "encoding_type": 1,
              "num_parts": 2,
              "level": 0,
              "slots": 0
            },
            {
              "row_index": 1,
              "encoding_type": 1,
              "num_parts": 2,
              "level": 0,
              "slots": 0
            },
            {
              "row_index": 2,
              "encoding_type": 1,
              "num_parts": 2,
              "level": 0,
              "slots": 0
            },
            {
              "row_index": 3,
              "encoding_type": 1,
              "num_parts": 2,
              "level": 0,
              "slots": 0
            }
          ]
        },
        "T01_cmt_rows_summary": {
          "num_rows": 4,
          "consistent_shape": true,
          "expected_parts": 2,
          "expected_towers": 4,
          "expected_ring_dim": 16384,
          "rows": [
            {
              "row_index": 0,
              "encoding_type": 1,
              "num_parts": 2,
              "level": 0,
              "slots": 0
            },
            {
              "row_index": 1,
              "encoding_type": 1,
              "num_parts": 2,
              "level": 0,
              "slots": 0
            },
            {
              "row_index": 2,
              "encoding_type": 1,
              "num_parts": 2,
              "level": 0,
              "slots": 0
            },
            {
              "row_index": 3,
              "encoding_type": 1,
              "num_parts": 2,
              "level": 0,
              "slots": 0
            }
          ]
        },
        "M10_M11_pair_rows_summary": {
          "num_rows": 4,
          "consistent_shape": true,
          "expected_parts": 2,
          "expected_towers": 4,
          "expected_ring_dim": 16384,
          "rows": [
            {
              "row_index": 0,
              "encoding_type": 1,
              "num_parts": 2,
              "level": 0,
              "slots": 0
            },
            {
              "row_index": 1,
              "encoding_type": 1,
              "num_parts": 2,
              "level": 0,
              "slots": 0
            },
            {
              "row_index": 2,
              "encoding_type": 1,
              "num_parts": 2,
              "level": 0,
              "slots": 0
            },
            {
              "row_index": 3,
              "encoding_type": 1,
              "num_parts": 2,
              "level": 0,
              "slots": 0
            }
          ]
        },
        "final_rows_summary": {
          "num_rows": 4,
          "consistent_shape": true,
          "expected_parts": 2,
          "expected_towers": 4,
          "expected_ring_dim": 16384,
          "rows": [
            {
              "row_index": 0,
              "encoding_type": 1,
              "num_parts": 2,
              "level": 0,
              "slots": 0
            },
            {
              "row_index": 1,
              "encoding_type": 1,
              "num_parts": 2,
              "level": 0,
              "slots": 0
            },
            {
              "row_index": 2,
              "encoding_type": 1,
              "num_parts": 2,
              "level": 0,
              "slots": 0
            },
            {
              "row_index": 3,
              "encoding_type": 1,
              "num_parts": 2,
              "level": 0,
              "slots": 0
            }
          ]
        }
      },
      "comparisons": {
        "U_matmul_V": {
          "all_rows_decrypted": true,
          "exact": false,
          "max_abs_err": 23,
          "l1_err": 178,
          "diff": [
            [
              20,
              -7,
              22,
              -5
            ],
            [
              17,
              -10,
              23,
              -8
            ],
            [
              -11,
              8,
              13,
              -1
            ],
            [
              6,
              -21,
              -5,
              -1
            ]
          ]
        },
        "U_T_matmul_V": {
          "all_rows_decrypted": true,
          "exact": false,
          "max_abs_err": 23,
          "l1_err": 182,
          "diff": [
            [
              20,
              -8,
              23,
              -5
            ],
            [
              18,
              -10,
              21,
              -7
            ],
            [
              -12,
              10,
              13,
              -1
            ],
            [
              6,
              -22,
              -5,
              -1
            ]
          ]
        },
        "U_matmul_V_T": {
          "all_rows_decrypted": true,
          "exact": false,
          "max_abs_err": 23,
          "l1_err": 178,
          "diff": [
            [
              20,
              -7,
              22,
              -5
            ],
            [
              17,
              -10,
              23,
              -8
            ],
            [
              -11,
              8,
              13,
              -1
            ],
            [
              6,
              -21,
              -5,
              -1
            ]
          ]
        },
        "V_matmul_U": {
          "all_rows_decrypted": true,
          "exact": false,
          "max_abs_err": 23,
          "l1_err": 178,
          "diff": [
            [
              20,
              -7,
              22,
              -5
            ],
            [
              17,
              -10,
              23,
              -8
            ],
            [
              -11,
              8,
              13,
              -1
            ],
            [
              6,
              -21,
              -5,
              -1
            ]
          ]
        },
        "V_T_matmul_U": {
          "all_rows_decrypted": true,
          "exact": false,
          "max_abs_err": 23,
          "l1_err": 178,
          "diff": [
            [
              20,
              -7,
              22,
              -5
            ],
            [
              17,
              -10,
              23,
              -8
            ],
            [
              -11,
              8,
              13,
              -1
            ],
            [
              6,
              -21,
              -5,
              -1
            ]
          ]
        },
        "U_T_matmul_V_T": {
          "all_rows_decrypted": true,
          "exact": false,
          "max_abs_err": 23,
          "l1_err": 182,
          "diff": [
            [
              20,
              -8,
              23,
              -5
            ],
            [
              18,
              -10,
              21,
              -7
            ],
            [
              -12,
              10,
              13,
              -1
            ],
            [
              6,
              -22,
              -5,
              -1
            ]
          ]
        }
      }
    },
    {
      "name": "basis_E00_times_E00",
      "a_scalar": 3,
      "input_U": [
        [
          1,
          0,
          0,
          0
        ],
        [
          0,
          0,
          0,
          0
        ],
        [
          0,
          0,
          0,
          0
        ],
        [
          0,
          0,
          0,
          0
        ]
      ],
      "input_V": [
        [
          1,
          0,
          0,
          0
        ],
        [
          0,
          0,
          0,
          0
        ],
        [
          0,
          0,
          0,
          0
        ],
        [
          0,
          0,
          0,
          0
        ]
      ],
      "references": {
        "U_matmul_V": [
          [
            1,
            0,
            0,
            0
          ],
          [
            0,
            0,
            0,
            0
          ],
          [
            0,
            0,
            0,
            0
          ],
          [
            0,
            0,
            0,
            0
          ]
        ],
        "U_T_matmul_V": [
          [
            1,
            0,
            0,
            0
          ],
          [
            0,
            0,
            0,
            0
          ],
          [
            0,
            0,
            0,
            0
          ],
          [
            0,
            0,
            0,
            0
          ]
        ],
        "U_matmul_V_T": [
          [
            1,
            0,
            0,
            0
          ],
          [
            0,
            0,
            0,
            0
          ],
          [
            0,
            0,
            0,
            0
          ],
          [
            0,
            0,
            0,
            0
          ]
        ],
        "V_matmul_U": [
          [
            1,
            0,
            0,
            0
          ],
          [
            0,
            0,
            0,
            0
          ],
          [
            0,
            0,
            0,
            0
          ],
          [
            0,
            0,
            0,
            0
          ]
        ],
        "V_T_matmul_U": [
          [
            1,
            0,
            0,
            0
          ],
          [
            0,
            0,
            0,
            0
          ],
          [
            0,
            0,
            0,
            0
          ],
          [
            0,
            0,
            0,
            0
          ]
        ],
        "U_T_matmul_V_T": [
          [
            1,
            0,
            0,
            0
          ],
          [
            0,
            0,
            0,
            0
          ],
          [
            0,
            0,
            0,
            0
          ],
          [
            0,
            0,
            0,
            0
          ]
        ]
      },
      "final": {
        "compress_reports": [
          {
            "row_index": 0,
            "ok": true,
            "error": null
          },
          {
            "row_index": 1,
            "ok": true,
            "error": null
          },
          {
            "row_index": 2,
            "ok": true,
            "error": null
          },
          {
            "row_index": 3,
            "ok": true,
            "error": null
          }
        ],
        "decrypt_reports": [
          {
            "row_index": 0,
            "ok": true,
            "error": null
          },
          {
            "row_index": 1,
            "ok": true,
            "error": null
          },
          {
            "row_index": 2,
            "ok": true,
            "error": null
          },
          {
            "row_index": 3,
            "ok": true,
            "error": null
          }
        ],
        "decoded": [
          [
            -12,
            -22,
            10,
            11
          ],
          [
            19,
            10,
            -8,
            -7
          ],
          [
            -13,
            -22,
            8,
            -15
          ],
          [
            5,
            -4,
            2,
            -9
          ]
        ]
      },
      "trace": {
        "U_info": {
          "a_scalar": 3,
          "template_ring_dim": 16384,
          "template_num_towers": 4,
          "moduli_u64": [
            1152921504606748673,
            1125899904679937,
            1125899908022273,
            557057
          ],
          "sk_num_towers": 4,
          "sk_coeff_count": 4,
          "sk_tower0_coeffs": [
            1152921504606748672,
            1152921504606748672,
            1,
            0
          ]
        },
        "V_info": {
          "a_scalar": 3,
          "template_ring_dim": 16384,
          "template_num_towers": 4,
          "moduli_u64": [
            1152921504606748673,
            1125899904679937,
            1125899908022273,
            557057
          ],
          "sk_num_towers": 4,
          "sk_coeff_count": 4,
          "sk_tower0_coeffs": [
            1152921504606748672,
            1152921504606748672,
            1,
            0
          ]
        },
        "U_decrypt_exact": {
          "all_rows_decrypted": true,
          "exact": true,
          "max_abs_err": 0,
          "l1_err": 0,
          "diff": [
            [
              0,
              0,
              0,
              0
            ],
            [
              0,
              0,
              0,
              0
            ],
            [
              0,
              0,
              0,
              0
            ],
            [
              0,
              0,
              0,
              0
            ]
          ]
        },
        "V_decrypt_exact": {
          "all_rows_decrypted": true,
          "exact": true,
          "max_abs_err": 0,
          "l1_err": 0,
          "diff": [
            [
              0,
              0,
              0,
              0
            ],
            [
              0,
              0,
              0,
              0
            ],
            [
              0,
              0,
              0,
              0
            ],
            [
              0,
              0,
              0,
              0
            ]
          ]
        },
        "U_cmt_trace": {
          "input_plaintext_matrix": [
            [
              1,
              0,
              0,
              0
            ],
            [
              0,
              0,
              0,
              0
            ],
            [
              0,
              0,
              0,
              0
            ],
            [
              0,
              0,
              0,
              0
            ]
          ],
          "output_plaintext_transpose": [
            [
              1,
              0,
              0,
              0
            ],
            [
              0,
              0,
              0,
              0
            ],
            [
              0,
              0,
              0,
              0
            ],
            [
              0,
              0,
              0,
              0
            ]
          ],
          "a_scalar": 3,
          "warning": "debug-only decrypt-transpose-reencrypt oracle"
        },
        "T01_cmt_trace": {
          "input_plaintext_matrix": [
            [
              -12,
              20,
              12,
              18
            ],
            [
              -12,
              20,
              12,
              18
            ],
            [
              -12,
              20,
              12,
              18
            ],
            [
              -12,
              20,
              12,
              18
            ]
          ],
          "output_plaintext_transpose": [
            [
              -12,
              -12,
              -12,
              -12
            ],
            [
              20,
              20,
              20,
              20
            ],
            [
              12,
              12,
              12,
              12
            ],
            [
              18,
              18,
              18,
              18
            ]
          ],
          "a_scalar": 3,
          "warning": "debug-only decrypt-transpose-reencrypt oracle"
        },
        "T00_cmt_trace": {
          "input_plaintext_matrix": [
            [
              -9,
              -9,
              9,
              0
            ],
            [
              -9,
              -9,
              9,
              0
            ],
            [
              -9,
              -9,
              9,
              0
            ],
            [
              -9,
              -9,
              9,
              0
            ]
          ],
          "output_plaintext_transpose": [
            [
              -9,
              -9,
              -9,
              -9
            ],
            [
              -9,
              -9,
              -9,
              -9
            ],
            [
              9,
              9,
              9,
              9
            ],
            [
              0,
              0,
              0,
              0
            ]
          ],
          "a_scalar": 3,
          "warning": "debug-only decrypt-transpose-reencrypt oracle"
        },
        "Ahat_export": {
          "part": 1,
          "num_rows": 4,
          "num_towers": 4,
          "ring_dim": 16384,
          "coeff_count": 16384,
          "row0_tower0_coeff_head": [
            3,
            0,
            0,
            0,
            0,
            0,
            0,
            0
          ]
        },
        "Bhat_export": {
          "part": 0,
          "num_rows": 4,
          "num_towers": 4,
          "ring_dim": 16384,
          "coeff_count": 16384,
          "row0_tower0_coeff_head": [
            1152921504606748667,
            1152921504606748667,
            1152921504606748661,
            1152921504606748664,
            0,
            0,
            0,
            0
          ]
        },
        "line5_ks_inputs_summary": {
          "num_rows": 4,
          "consistent_shape": true,
          "expected_parts": 3,
          "expected_towers": 4,
          "expected_ring_dim": 16384,
          "rows": [
            {
              "row_index": 0,
              "encoding_type": 1,
              "num_parts": 3,
              "level": 0,
              "slots": 0
            },
            {
              "row_index": 1,
              "encoding_type": 1,
              "num_parts": 3,
              "level": 0,
              "slots": 0
            },
            {
              "row_index": 2,
              "encoding_type": 1,
              "num_parts": 3,
              "level": 0,
              "slots": 0
            },
            {
              "row_index": 3,
              "encoding_type": 1,
              "num_parts": 3,
              "level": 0,
              "slots": 0
            }
          ]
        },
        "line5_ks_outputs_summary": {
          "num_rows": 4,
          "consistent_shape": true,
          "expected_parts": 2,
          "expected_towers": 4,
          "expected_ring_dim": 16384,
          "rows": [
            {
              "row_index": 0,
              "encoding_type": 1,
              "num_parts": 2,
              "level": 0,
              "slots": 0
            },
            {
              "row_index": 1,
              "encoding_type": 1,
              "num_parts": 2,
              "level": 0,
              "slots": 0
            },
            {
              "row_index": 2,
              "encoding_type": 1,
              "num_parts": 2,
              "level": 0,
              "slots": 0
            },
            {
              "row_index": 3,
              "encoding_type": 1,
              "num_parts": 2,
              "level": 0,
              "slots": 0
            }
          ]
        },
        "line5_rows_summary": {
          "num_rows": 4,
          "consistent_shape": true,
          "expected_parts": 2,
          "expected_towers": 4,
          "expected_ring_dim": 16384,
          "rows": [
            {
              "row_index": 0,
              "encoding_type": 1,
              "num_parts": 2,
              "level": 0,
              "slots": 0
            },
            {
              "row_index": 1,
              "encoding_type": 1,
              "num_parts": 2,
              "level": 0,
              "slots": 0
            },
            {
              "row_index": 2,
              "encoding_type": 1,
              "num_parts": 2,
              "level": 0,
              "slots": 0
            },
            {
              "row_index": 3,
              "encoding_type": 1,
              "num_parts": 2,
              "level": 0,
              "slots": 0
            }
          ]
        },
        "T01_cmt_rows_summary": {
          "num_rows": 4,
          "consistent_shape": true,
          "expected_parts": 2,
          "expected_towers": 4,
          "expected_ring_dim": 16384,
          "rows": [
            {
              "row_index": 0,
              "encoding_type": 1,
              "num_parts": 2,
              "level": 0,
              "slots": 0
            },
            {
              "row_index": 1,
              "encoding_type": 1,
              "num_parts": 2,
              "level": 0,
              "slots": 0
            },
            {
              "row_index": 2,
              "encoding_type": 1,
              "num_parts": 2,
              "level": 0,
              "slots": 0
            },
            {
              "row_index": 3,
              "encoding_type": 1,
              "num_parts": 2,
              "level": 0,
              "slots": 0
            }
          ]
        },
        "M10_M11_pair_rows_summary": {
          "num_rows": 4,
          "consistent_shape": true,
          "expected_parts": 2,
          "expected_towers": 4,
          "expected_ring_dim": 16384,
          "rows": [
            {
              "row_index": 0,
              "encoding_type": 1,
              "num_parts": 2,
              "level": 0,
              "slots": 0
            },
            {
              "row_index": 1,
              "encoding_type": 1,
              "num_parts": 2,
              "level": 0,
              "slots": 0
            },
            {
              "row_index": 2,
              "encoding_type": 1,
              "num_parts": 2,
              "level": 0,
              "slots": 0
            },
            {
              "row_index": 3,
              "encoding_type": 1,
              "num_parts": 2,
              "level": 0,
              "slots": 0
            }
          ]
        },
        "final_rows_summary": {
          "num_rows": 4,
          "consistent_shape": true,
          "expected_parts": 2,
          "expected_towers": 4,
          "expected_ring_dim": 16384,
          "rows": [
            {
              "row_index": 0,
              "encoding_type": 1,
              "num_parts": 2,
              "level": 0,
              "slots": 0
            },
            {
              "row_index": 1,
              "encoding_type": 1,
              "num_parts": 2,
              "level": 0,
              "slots": 0
            },
            {
              "row_index": 2,
              "encoding_type": 1,
              "num_parts": 2,
              "level": 0,
              "slots": 0
            },
            {
              "row_index": 3,
              "encoding_type": 1,
              "num_parts": 2,
              "level": 0,
              "slots": 0
            }
          ]
        }
      },
      "comparisons": {
        "U_matmul_V": {
          "all_rows_decrypted": true,
          "exact": false,
          "max_abs_err": 22,
          "l1_err": 178,
          "diff": [
            [
              -13,
              -22,
              10,
              11
            ],
            [
              19,
              10,
              -8,
              -7
            ],
            [
              -13,
              -22,
              8,
              -15
            ],
            [
              5,
              -4,
              2,
              -9
            ]
          ]
        },
        "U_T_matmul_V": {
          "all_rows_decrypted": true,
          "exact": false,
          "max_abs_err": 22,
          "l1_err": 178,
          "diff": [
            [
              -13,
              -22,
              10,
              11
            ],
            [
              19,
              10,
              -8,
              -7
            ],
            [
              -13,
              -22,
              8,
              -15
            ],
            [
              5,
              -4,
              2,
              -9
            ]
          ]
        },
        "U_matmul_V_T": {
          "all_rows_decrypted": true,
          "exact": false,
          "max_abs_err": 22,
          "l1_err": 178,
          "diff": [
            [
              -13,
              -22,
              10,
              11
            ],
            [
              19,
              10,
              -8,
              -7
            ],
            [
              -13,
              -22,
              8,
              -15
            ],
            [
              5,
              -4,
              2,
              -9
            ]
          ]
        },
        "V_matmul_U": {
          "all_rows_decrypted": true,
          "exact": false,
          "max_abs_err": 22,
          "l1_err": 178,
          "diff": [
            [
              -13,
              -22,
              10,
              11
            ],
            [
              19,
              10,
              -8,
              -7
            ],
            [
              -13,
              -22,
              8,
              -15
            ],
            [
              5,
              -4,
              2,
              -9
            ]
          ]
        },
        "V_T_matmul_U": {
          "all_rows_decrypted": true,
          "exact": false,
          "max_abs_err": 22,
          "l1_err": 178,
          "diff": [
            [
              -13,
              -22,
              10,
              11
            ],
            [
              19,
              10,
              -8,
              -7
            ],
            [
              -13,
              -22,
              8,
              -15
            ],
            [
              5,
              -4,
              2,
              -9
            ]
          ]
        },
        "U_T_matmul_V_T": {
          "all_rows_decrypted": true,
          "exact": false,
          "max_abs_err": 22,
          "l1_err": 178,
          "diff": [
            [
              -13,
              -22,
              10,
              11
            ],
            [
              19,
              10,
              -8,
              -7
            ],
            [
              -13,
              -22,
              8,
              -15
            ],
            [
              5,
              -4,
              2,
              -9
            ]
          ]
        }
      }
    },
    {
      "name": "basis_E01_times_E10",
      "a_scalar": 3,
      "input_U": [
        [
          0,
          1,
          0,
          0
        ],
        [
          0,
          0,
          0,
          0
        ],
        [
          0,
          0,
          0,
          0
        ],
        [
          0,
          0,
          0,
          0
        ]
      ],
      "input_V": [
        [
          0,
          0,
          0,
          0
        ],
        [
          1,
          0,
          0,
          0
        ],
        [
          0,
          0,
          0,
          0
        ],
        [
          0,
          0,
          0,
          0
        ]
      ],
      "references": {
        "U_matmul_V": [
          [
            1,
            0,
            0,
            0
          ],
          [
            0,
            0,
            0,
            0
          ],
          [
            0,
            0,
            0,
            0
          ],
          [
            0,
            0,
            0,
            0
          ]
        ],
        "U_T_matmul_V": [
          [
            0,
            0,
            0,
            0
          ],
          [
            0,
            0,
            0,
            0
          ],
          [
            0,
            0,
            0,
            0
          ],
          [
            0,
            0,
            0,
            0
          ]
        ],
        "U_matmul_V_T": [
          [
            0,
            0,
            0,
            0
          ],
          [
            0,
            0,
            0,
            0
          ],
          [
            0,
            0,
            0,
            0
          ],
          [
            0,
            0,
            0,
            0
          ]
        ],
        "V_matmul_U": [
          [
            0,
            0,
            0,
            0
          ],
          [
            0,
            1,
            0,
            0
          ],
          [
            0,
            0,
            0,
            0
          ],
          [
            0,
            0,
            0,
            0
          ]
        ],
        "V_T_matmul_U": [
          [
            0,
            0,
            0,
            0
          ],
          [
            0,
            0,
            0,
            0
          ],
          [
            0,
            0,
            0,
            0
          ],
          [
            0,
            0,
            0,
            0
          ]
        ],
        "U_T_matmul_V_T": [
          [
            0,
            0,
            0,
            0
          ],
          [
            0,
            1,
            0,
            0
          ],
          [
            0,
            0,
            0,
            0
          ],
          [
            0,
            0,
            0,
            0
          ]
        ]
      },
      "final": {
        "compress_reports": [
          {
            "row_index": 0,
            "ok": true,
            "error": null
          },
          {
            "row_index": 1,
            "ok": true,
            "error": null
          },
          {
            "row_index": 2,
            "ok": true,
            "error": null
          },
          {
            "row_index": 3,
            "ok": true,
            "error": null
          }
        ],
        "decrypt_reports": [
          {
            "row_index": 0,
            "ok": true,
            "error": null
          },
          {
            "row_index": 1,
            "ok": true,
            "error": null
          },
          {
            "row_index": 2,
            "ok": true,
            "error": null
          },
          {
            "row_index": 3,
            "ok": true,
            "error": null
          }
        ],
        "decoded": [
          [
            -10,
            -19,
            13,
            14
          ],
          [
            22,
            13,
            -5,
            -4
          ],
          [
            -16,
            25,
            5,
            -18
          ],
          [
            5,
            -4,
            2,
            -9
          ]
        ]
      },
      "trace": {
        "U_info": {
          "a_scalar": 3,
          "template_ring_dim": 16384,
          "template_num_towers": 4,
          "moduli_u64": [
            1152921504606748673,
            1125899904679937,
            1125899908022273,
            557057
          ],
          "sk_num_towers": 4,
          "sk_coeff_count": 4,
          "sk_tower0_coeffs": [
            1152921504606748672,
            1152921504606748672,
            1,
            0
          ]
        },
        "V_info": {
          "a_scalar": 3,
          "template_ring_dim": 16384,
          "template_num_towers": 4,
          "moduli_u64": [
            1152921504606748673,
            1125899904679937,
            1125899908022273,
            557057
          ],
          "sk_num_towers": 4,
          "sk_coeff_count": 4,
          "sk_tower0_coeffs": [
            1152921504606748672,
            1152921504606748672,
            1,
            0
          ]
        },
        "U_decrypt_exact": {
          "all_rows_decrypted": true,
          "exact": true,
          "max_abs_err": 0,
          "l1_err": 0,
          "diff": [
            [
              0,
              0,
              0,
              0
            ],
            [
              0,
              0,
              0,
              0
            ],
            [
              0,
              0,
              0,
              0
            ],
            [
              0,
              0,
              0,
              0
            ]
          ]
        },
        "V_decrypt_exact": {
          "all_rows_decrypted": true,
          "exact": true,
          "max_abs_err": 0,
          "l1_err": 0,
          "diff": [
            [
              0,
              0,
              0,
              0
            ],
            [
              0,
              0,
              0,
              0
            ],
            [
              0,
              0,
              0,
              0
            ],
            [
              0,
              0,
              0,
              0
            ]
          ]
        },
        "U_cmt_trace": {
          "input_plaintext_matrix": [
            [
              0,
              1,
              0,
              0
            ],
            [
              0,
              0,
              0,
              0
            ],
            [
              0,
              0,
              0,
              0
            ],
            [
              0,
              0,
              0,
              0
            ]
          ],
          "output_plaintext_transpose": [
            [
              0,
              0,
              0,
              0
            ],
            [
              1,
              0,
              0,
              0
            ],
            [
              0,
              0,
              0,
              0
            ],
            [
              0,
              0,
              0,
              0
            ]
          ],
          "a_scalar": 3,
          "warning": "debug-only decrypt-transpose-reencrypt oracle"
        },
        "T01_cmt_trace": {
          "input_plaintext_matrix": [
            [
              -9,
              23,
              9,
              18
            ],
            [
              -9,
              23,
              9,
              18
            ],
            [
              -9,
              23,
              9,
              18
            ],
            [
              -9,
              23,
              9,
              18
            ]
          ],
          "output_plaintext_transpose": [
            [
              -9,
              -9,
              -9,
              -9
            ],
            [
              23,
              23,
              23,
              23
            ],
            [
              9,
              9,
              9,
              9
            ],
            [
              18,
              18,
              18,
              18
            ]
          ],
          "a_scalar": 3,
          "warning": "debug-only decrypt-transpose-reencrypt oracle"
        },
        "T00_cmt_trace": {
          "input_plaintext_matrix": [
            [
              -9,
              -9,
              9,
              0
            ],
            [
              -9,
              -9,
              9,
              0
            ],
            [
              -9,
              -9,
              9,
              0
            ],
            [
              -9,
              -9,
              9,
              0
            ]
          ],
          "output_plaintext_transpose": [
            [
              -9,
              -9,
              -9,
              -9
            ],
            [
              -9,
              -9,
              -9,
              -9
            ],
            [
              9,
              9,
              9,
              9
            ],
            [
              0,
              0,
              0,
              0
            ]
          ],
          "a_scalar": 3,
          "warning": "debug-only decrypt-transpose-reencrypt oracle"
        },
        "Ahat_export": {
          "part": 1,
          "num_rows": 4,
          "num_towers": 4,
          "ring_dim": 16384,
          "coeff_count": 16384,
          "row0_tower0_coeff_head": [
            3,
            0,
            0,
            0,
            0,
            0,
            0,
            0
          ]
        },
        "Bhat_export": {
          "part": 0,
          "num_rows": 4,
          "num_towers": 4,
          "ring_dim": 16384,
          "coeff_count": 16384,
          "row0_tower0_coeff_head": [
            1152921504606748667,
            1152921504606748667,
            1152921504606748661,
            1152921504606748664,
            0,
            0,
            0,
            0
          ]
        },
        "line5_ks_inputs_summary": {
          "num_rows": 4,
          "consistent_shape": true,
          "expected_parts": 3,
          "expected_towers": 4,
          "expected_ring_dim": 16384,
          "rows": [
            {
              "row_index": 0,
              "encoding_type": 1,
              "num_parts": 3,
              "level": 0,
              "slots": 0
            },
            {
              "row_index": 1,
              "encoding_type": 1,
              "num_parts": 3,
              "level": 0,
              "slots": 0
            },
            {
              "row_index": 2,
              "encoding_type": 1,
              "num_parts": 3,
              "level": 0,
              "slots": 0
            },
            {
              "row_index": 3,
              "encoding_type": 1,
              "num_parts": 3,
              "level": 0,
              "slots": 0
            }
          ]
        },
        "line5_ks_outputs_summary": {
          "num_rows": 4,
          "consistent_shape": true,
          "expected_parts": 2,
          "expected_towers": 4,
          "expected_ring_dim": 16384,
          "rows": [
            {
              "row_index": 0,
              "encoding_type": 1,
              "num_parts": 2,
              "level": 0,
              "slots": 0
            },
            {
              "row_index": 1,
              "encoding_type": 1,
              "num_parts": 2,
              "level": 0,
              "slots": 0
            },
            {
              "row_index": 2,
              "encoding_type": 1,
              "num_parts": 2,
              "level": 0,
              "slots": 0
            },
            {
              "row_index": 3,
              "encoding_type": 1,
              "num_parts": 2,
              "level": 0,
              "slots": 0
            }
          ]
        },
        "line5_rows_summary": {
          "num_rows": 4,
          "consistent_shape": true,
          "expected_parts": 2,
          "expected_towers": 4,
          "expected_ring_dim": 16384,
          "rows": [
            {
              "row_index": 0,
              "encoding_type": 1,
              "num_parts": 2,
              "level": 0,
              "slots": 0
            },
            {
              "row_index": 1,
              "encoding_type": 1,
              "num_parts": 2,
              "level": 0,
              "slots": 0
            },
            {
              "row_index": 2,
              "encoding_type": 1,
              "num_parts": 2,
              "level": 0,
              "slots": 0
            },
            {
              "row_index": 3,
              "encoding_type": 1,
              "num_parts": 2,
              "level": 0,
              "slots": 0
            }
          ]
        },
        "T01_cmt_rows_summary": {
          "num_rows": 4,
          "consistent_shape": true,
          "expected_parts": 2,
          "expected_towers": 4,
          "expected_ring_dim": 16384,
          "rows": [
            {
              "row_index": 0,
              "encoding_type": 1,
              "num_parts": 2,
              "level": 0,
              "slots": 0
            },
            {
              "row_index": 1,
              "encoding_type": 1,
              "num_parts": 2,
              "level": 0,
              "slots": 0
            },
            {
              "row_index": 2,
              "encoding_type": 1,
              "num_parts": 2,
              "level": 0,
              "slots": 0
            },
            {
              "row_index": 3,
              "encoding_type": 1,
              "num_parts": 2,
              "level": 0,
              "slots": 0
            }
          ]
        },
        "M10_M11_pair_rows_summary": {
          "num_rows": 4,
          "consistent_shape": true,
          "expected_parts": 2,
          "expected_towers": 4,
          "expected_ring_dim": 16384,
          "rows": [
            {
              "row_index": 0,
              "encoding_type": 1,
              "num_parts": 2,
              "level": 0,
              "slots": 0
            },
            {
              "row_index": 1,
              "encoding_type": 1,
              "num_parts": 2,
              "level": 0,
              "slots": 0
            },
            {
              "row_index": 2,
              "encoding_type": 1,
              "num_parts": 2,
              "level": 0,
              "slots": 0
            },
            {
              "row_index": 3,
              "encoding_type": 1,
              "num_parts": 2,
              "level": 0,
              "slots": 0
            }
          ]
        },
        "final_rows_summary": {
          "num_rows": 4,
          "consistent_shape": true,
          "expected_parts": 2,
          "expected_towers": 4,
          "expected_ring_dim": 16384,
          "rows": [
            {
              "row_index": 0,
              "encoding_type": 1,
              "num_parts": 2,
              "level": 0,
              "slots": 0
            },
            {
              "row_index": 1,
              "encoding_type": 1,
              "num_parts": 2,
              "level": 0,
              "slots": 0
            },
            {
              "row_index": 2,
              "encoding_type": 1,
              "num_parts": 2,
              "level": 0,
              "slots": 0
            },
            {
              "row_index": 3,
              "encoding_type": 1,
              "num_parts": 2,
              "level": 0,
              "slots": 0
            }
          ]
        }
      },
      "comparisons": {
        "U_matmul_V": {
          "all_rows_decrypted": true,
          "exact": false,
          "max_abs_err": 25,
          "l1_err": 185,
          "diff": [
            [
              -11,
              -19,
              13,
              14
            ],
            [
              22,
              13,
              -5,
              -4
            ],
            [
              -16,
              25,
              5,
              -18
            ],
            [
              5,
              -4,
              2,
              -9
            ]
          ]
        },
        "U_T_matmul_V": {
          "all_rows_decrypted": true,
          "exact": false,
          "max_abs_err": 25,
          "l1_err": 184,
          "diff": [
            [
              -10,
              -19,
              13,
              14
            ],
            [
              22,
              13,
              -5,
              -4
            ],
            [
              -16,
              25,
              5,
              -18
            ],
            [
              5,
              -4,
              2,
              -9
            ]
          ]
        },
        "U_matmul_V_T": {
          "all_rows_decrypted": true,
          "exact": false,
          "max_abs_err": 25,
          "l1_err": 184,
          "diff": [
            [
              -10,
              -19,
              13,
              14
            ],
            [
              22,
              13,
              -5,
              -4
            ],
            [
              -16,
              25,
              5,
              -18
            ],
            [
              5,
              -4,
              2,
              -9
            ]
          ]
        },
        "V_matmul_U": {
          "all_rows_decrypted": true,
          "exact": false,
          "max_abs_err": 25,
          "l1_err": 183,
          "diff": [
            [
              -10,
              -19,
              13,
              14
            ],
            [
              22,
              12,
              -5,
              -4
            ],
            [
              -16,
              25,
              5,
              -18
            ],
            [
              5,
              -4,
              2,
              -9
            ]
          ]
        },
        "V_T_matmul_U": {
          "all_rows_decrypted": true,
          "exact": false,
          "max_abs_err": 25,
          "l1_err": 184,
          "diff": [
            [
              -10,
              -19,
              13,
              14
            ],
            [
              22,
              13,
              -5,
              -4
            ],
            [
              -16,
              25,
              5,
              -18
            ],
            [
              5,
              -4,
              2,
              -9
            ]
          ]
        },
        "U_T_matmul_V_T": {
          "all_rows_decrypted": true,
          "exact": false,
          "max_abs_err": 25,
          "l1_err": 183,
          "diff": [
            [
              -10,
              -19,
              13,
              14
            ],
            [
              22,
              12,
              -5,
              -4
            ],
            [
              -16,
              25,
              5,
              -18
            ],
            [
              5,
              -4,
              2,
              -9
            ]
          ]
        }
      }
    },
    {
      "name": "basis_E01_times_E12",
      "a_scalar": 3,
      "input_U": [
        [
          0,
          1,
          0,
          0
        ],
        [
          0,
          0,
          0,
          0
        ],
        [
          0,
          0,
          0,
          0
        ],
        [
          0,
          0,
          0,
          0
        ]
      ],
      "input_V": [
        [
          0,
          0,
          0,
          0
        ],
        [
          0,
          0,
          1,
          0
        ],
        [
          0,
          0,
          0,
          0
        ],
        [
          0,
          0,
          0,
          0
        ]
      ],
      "references": {
        "U_matmul_V": [
          [
            0,
            0,
            1,
            0
          ],
          [
            0,
            0,
            0,
            0
          ],
          [
            0,
            0,
            0,
            0
          ],
          [
            0,
            0,
            0,
            0
          ]
        ],
        "U_T_matmul_V": [
          [
            0,
            0,
            0,
            0
          ],
          [
            0,
            0,
            0,
            0
          ],
          [
            0,
            0,
            0,
            0
          ],
          [
            0,
            0,
            0,
            0
          ]
        ],
        "U_matmul_V_T": [
          [
            0,
            0,
            0,
            0
          ],
          [
            0,
            0,
            0,
            0
          ],
          [
            0,
            0,
            0,
            0
          ],
          [
            0,
            0,
            0,
            0
          ]
        ],
        "V_matmul_U": [
          [
            0,
            0,
            0,
            0
          ],
          [
            0,
            0,
            0,
            0
          ],
          [
            0,
            0,
            0,
            0
          ],
          [
            0,
            0,
            0,
            0
          ]
        ],
        "V_T_matmul_U": [
          [
            0,
            0,
            0,
            0
          ],
          [
            0,
            0,
            0,
            0
          ],
          [
            0,
            0,
            0,
            0
          ],
          [
            0,
            0,
            0,
            0
          ]
        ],
        "U_T_matmul_V_T": [
          [
            0,
            0,
            0,
            0
          ],
          [
            0,
            0,
            0,
            0
          ],
          [
            0,
            0,
            0,
            0
          ],
          [
            0,
            0,
            0,
            0
          ]
        ]
      },
      "final": {
        "compress_reports": [
          {
            "row_index": 0,
            "ok": true,
            "error": null
          },
          {
            "row_index": 1,
            "ok": true,
            "error": null
          },
          {
            "row_index": 2,
            "ok": true,
            "error": null
          },
          {
            "row_index": 3,
            "ok": true,
            "error": null
          }
        ],
        "decrypt_reports": [
          {
            "row_index": 0,
            "ok": true,
            "error": null
          },
          {
            "row_index": 1,
            "ok": true,
            "error": null
          },
          {
            "row_index": 2,
            "ok": true,
            "error": null
          },
          {
            "row_index": 3,
            "ok": true,
            "error": null
          }
        ],
        "decoded": [
          [
            -13,
            -19,
            16,
            14
          ],
          [
            19,
            13,
            -2,
            -4
          ],
          [
            -19,
            25,
            8,
            -18
          ],
          [
            2,
            -4,
            5,
            -9
          ]
        ]
      },
      "trace": {
        "U_info": {
          "a_scalar": 3,
          "template_ring_dim": 16384,
          "template_num_towers": 4,
          "moduli_u64": [
            1152921504606748673,
            1125899904679937,
            1125899908022273,
            557057
          ],
          "sk_num_towers": 4,
          "sk_coeff_count": 4,
          "sk_tower0_coeffs": [
            1152921504606748672,
            1152921504606748672,
            1,
            0
          ]
        },
        "V_info": {
          "a_scalar": 3,
          "template_ring_dim": 16384,
          "template_num_towers": 4,
          "moduli_u64": [
            1152921504606748673,
            1125899904679937,
            1125899908022273,
            557057
          ],
          "sk_num_towers": 4,
          "sk_coeff_count": 4,
          "sk_tower0_coeffs": [
            1152921504606748672,
            1152921504606748672,
            1,
            0
          ]
        },
        "U_decrypt_exact": {
          "all_rows_decrypted": true,
          "exact": true,
          "max_abs_err": 0,
          "l1_err": 0,
          "diff": [
            [
              0,
              0,
              0,
              0
            ],
            [
              0,
              0,
              0,
              0
            ],
            [
              0,
              0,
              0,
              0
            ],
            [
              0,
              0,
              0,
              0
            ]
          ]
        },
        "V_decrypt_exact": {
          "all_rows_decrypted": true,
          "exact": true,
          "max_abs_err": 0,
          "l1_err": 0,
          "diff": [
            [
              0,
              0,
              0,
              0
            ],
            [
              0,
              0,
              0,
              0
            ],
            [
              0,
              0,
              0,
              0
            ],
            [
              0,
              0,
              0,
              0
            ]
          ]
        },
        "U_cmt_trace": {
          "input_plaintext_matrix": [
            [
              0,
              1,
              0,
              0
            ],
            [
              0,
              0,
              0,
              0
            ],
            [
              0,
              0,
              0,
              0
            ],
            [
              0,
              0,
              0,
              0
            ]
          ],
          "output_plaintext_transpose": [
            [
              0,
              0,
              0,
              0
            ],
            [
              1,
              0,
              0,
              0
            ],
            [
              0,
              0,
              0,
              0
            ],
            [
              0,
              0,
              0,
              0
            ]
          ],
          "a_scalar": 3,
          "warning": "debug-only decrypt-transpose-reencrypt oracle"
        },
        "T01_cmt_trace": {
          "input_plaintext_matrix": [
            [
              -9,
              23,
              9,
              18
            ],
            [
              -9,
              23,
              9,
              18
            ],
            [
              -9,
              23,
              9,
              18
            ],
            [
              -9,
              23,
              9,
              18
            ]
          ],
          "output_plaintext_transpose": [
            [
              -9,
              -9,
              -9,
              -9
            ],
            [
              23,
              23,
              23,
              23
            ],
            [
              9,
              9,
              9,
              9
            ],
            [
              18,
              18,
              18,
              18
            ]
          ],
          "a_scalar": 3,
          "warning": "debug-only decrypt-transpose-reencrypt oracle"
        },
        "T00_cmt_trace": {
          "input_plaintext_matrix": [
            [
              -9,
              -9,
              9,
              0
            ],
            [
              -9,
              -9,
              9,
              0
            ],
            [
              -9,
              -9,
              9,
              0
            ],
            [
              -9,
              -9,
              9,
              0
            ]
          ],
          "output_plaintext_transpose": [
            [
              -9,
              -9,
              -9,
              -9
            ],
            [
              -9,
              -9,
              -9,
              -9
            ],
            [
              9,
              9,
              9,
              9
            ],
            [
              0,
              0,
              0,
              0
            ]
          ],
          "a_scalar": 3,
          "warning": "debug-only decrypt-transpose-reencrypt oracle"
        },
        "Ahat_export": {
          "part": 1,
          "num_rows": 4,
          "num_towers": 4,
          "ring_dim": 16384,
          "coeff_count": 16384,
          "row0_tower0_coeff_head": [
            3,
            0,
            0,
            0,
            0,
            0,
            0,
            0
          ]
        },
        "Bhat_export": {
          "part": 0,
          "num_rows": 4,
          "num_towers": 4,
          "ring_dim": 16384,
          "coeff_count": 16384,
          "row0_tower0_coeff_head": [
            1152921504606748667,
            1152921504606748667,
            1152921504606748661,
            1152921504606748664,
            0,
            0,
            0,
            0
          ]
        },
        "line5_ks_inputs_summary": {
          "num_rows": 4,
          "consistent_shape": true,
          "expected_parts": 3,
          "expected_towers": 4,
          "expected_ring_dim": 16384,
          "rows": [
            {
              "row_index": 0,
              "encoding_type": 1,
              "num_parts": 3,
              "level": 0,
              "slots": 0
            },
            {
              "row_index": 1,
              "encoding_type": 1,
              "num_parts": 3,
              "level": 0,
              "slots": 0
            },
            {
              "row_index": 2,
              "encoding_type": 1,
              "num_parts": 3,
              "level": 0,
              "slots": 0
            },
            {
              "row_index": 3,
              "encoding_type": 1,
              "num_parts": 3,
              "level": 0,
              "slots": 0
            }
          ]
        },
        "line5_ks_outputs_summary": {
          "num_rows": 4,
          "consistent_shape": true,
          "expected_parts": 2,
          "expected_towers": 4,
          "expected_ring_dim": 16384,
          "rows": [
            {
              "row_index": 0,
              "encoding_type": 1,
              "num_parts": 2,
              "level": 0,
              "slots": 0
            },
            {
              "row_index": 1,
              "encoding_type": 1,
              "num_parts": 2,
              "level": 0,
              "slots": 0
            },
            {
              "row_index": 2,
              "encoding_type": 1,
              "num_parts": 2,
              "level": 0,
              "slots": 0
            },
            {
              "row_index": 3,
              "encoding_type": 1,
              "num_parts": 2,
              "level": 0,
              "slots": 0
            }
          ]
        },
        "line5_rows_summary": {
          "num_rows": 4,
          "consistent_shape": true,
          "expected_parts": 2,
          "expected_towers": 4,
          "expected_ring_dim": 16384,
          "rows": [
            {
              "row_index": 0,
              "encoding_type": 1,
              "num_parts": 2,
              "level": 0,
              "slots": 0
            },
            {
              "row_index": 1,
              "encoding_type": 1,
              "num_parts": 2,
              "level": 0,
              "slots": 0
            },
            {
              "row_index": 2,
              "encoding_type": 1,
              "num_parts": 2,
              "level": 0,
              "slots": 0
            },
            {
              "row_index": 3,
              "encoding_type": 1,
              "num_parts": 2,
              "level": 0,
              "slots": 0
            }
          ]
        },
        "T01_cmt_rows_summary": {
          "num_rows": 4,
          "consistent_shape": true,
          "expected_parts": 2,
          "expected_towers": 4,
          "expected_ring_dim": 16384,
          "rows": [
            {
              "row_index": 0,
              "encoding_type": 1,
              "num_parts": 2,
              "level": 0,
              "slots": 0
            },
            {
              "row_index": 1,
              "encoding_type": 1,
              "num_parts": 2,
              "level": 0,
              "slots": 0
            },
            {
              "row_index": 2,
              "encoding_type": 1,
              "num_parts": 2,
              "level": 0,
              "slots": 0
            },
            {
              "row_index": 3,
              "encoding_type": 1,
              "num_parts": 2,
              "level": 0,
              "slots": 0
            }
          ]
        },
        "M10_M11_pair_rows_summary": {
          "num_rows": 4,
          "consistent_shape": true,
          "expected_parts": 2,
          "expected_towers": 4,
          "expected_ring_dim": 16384,
          "rows": [
            {
              "row_index": 0,
              "encoding_type": 1,
              "num_parts": 2,
              "level": 0,
              "slots": 0
            },
            {
              "row_index": 1,
              "encoding_type": 1,
              "num_parts": 2,
              "level": 0,
              "slots": 0
            },
            {
              "row_index": 2,
              "encoding_type": 1,
              "num_parts": 2,
              "level": 0,
              "slots": 0
            },
            {
              "row_index": 3,
              "encoding_type": 1,
              "num_parts": 2,
              "level": 0,
              "slots": 0
            }
          ]
        },
        "final_rows_summary": {
          "num_rows": 4,
          "consistent_shape": true,
          "expected_parts": 2,
          "expected_towers": 4,
          "expected_ring_dim": 16384,
          "rows": [
            {
              "row_index": 0,
              "encoding_type": 1,
              "num_parts": 2,
              "level": 0,
              "slots": 0
            },
            {
              "row_index": 1,
              "encoding_type": 1,
              "num_parts": 2,
              "level": 0,
              "slots": 0
            },
            {
              "row_index": 2,
              "encoding_type": 1,
              "num_parts": 2,
              "level": 0,
              "slots": 0
            },
            {
              "row_index": 3,
              "encoding_type": 1,
              "num_parts": 2,
              "level": 0,
              "slots": 0
            }
          ]
        }
      },
      "comparisons": {
        "U_matmul_V": {
          "all_rows_decrypted": true,
          "exact": false,
          "max_abs_err": 25,
          "l1_err": 189,
          "diff": [
            [
              -13,
              -19,
              15,
              14
            ],
            [
              19,
              13,
              -2,
              -4
            ],
            [
              -19,
              25,
              8,
              -18
            ],
            [
              2,
              -4,
              5,
              -9
            ]
          ]
        },
        "U_T_matmul_V": {
          "all_rows_decrypted": true,
          "exact": false,
          "max_abs_err": 25,
          "l1_err": 190,
          "diff": [
            [
              -13,
              -19,
              16,
              14
            ],
            [
              19,
              13,
              -2,
              -4
            ],
            [
              -19,
              25,
              8,
              -18
            ],
            [
              2,
              -4,
              5,
              -9
            ]
          ]
        },
        "U_matmul_V_T": {
          "all_rows_decrypted": true,
          "exact": false,
          "max_abs_err": 25,
          "l1_err": 190,
          "diff": [
            [
              -13,
              -19,
              16,
              14
            ],
            [
              19,
              13,
              -2,
              -4
            ],
            [
              -19,
              25,
              8,
              -18
            ],
            [
              2,
              -4,
              5,
              -9
            ]
          ]
        },
        "V_matmul_U": {
          "all_rows_decrypted": true,
          "exact": false,
          "max_abs_err": 25,
          "l1_err": 190,
          "diff": [
            [
              -13,
              -19,
              16,
              14
            ],
            [
              19,
              13,
              -2,
              -4
            ],
            [
              -19,
              25,
              8,
              -18
            ],
            [
              2,
              -4,
              5,
              -9
            ]
          ]
        },
        "V_T_matmul_U": {
          "all_rows_decrypted": true,
          "exact": false,
          "max_abs_err": 25,
          "l1_err": 190,
          "diff": [
            [
              -13,
              -19,
              16,
              14
            ],
            [
              19,
              13,
              -2,
              -4
            ],
            [
              -19,
              25,
              8,
              -18
            ],
            [
              2,
              -4,
              5,
              -9
            ]
          ]
        },
        "U_T_matmul_V_T": {
          "all_rows_decrypted": true,
          "exact": false,
          "max_abs_err": 25,
          "l1_err": 190,
          "diff": [
            [
              -13,
              -19,
              16,
              14
            ],
            [
              19,
              13,
              -2,
              -4
            ],
            [
              -19,
              25,
              8,
              -18
            ],
            [
              2,
              -4,
              5,
              -9
            ]
          ]
        }
      }
    },
    {
      "name": "basis_E23_times_E31",
      "a_scalar": 3,
      "input_U": [
        [
          0,
          0,
          0,
          0
        ],
        [
          0,
          0,
          0,
          0
        ],
        [
          0,
          0,
          0,
          1
        ],
        [
          0,
          0,
          0,
          0
        ]
      ],
      "input_V": [
        [
          0,
          0,
          0,
          0
        ],
        [
          0,
          0,
          0,
          0
        ],
        [
          0,
          0,
          0,
          0
        ],
        [
          0,
          1,
          0,
          0
        ]
      ],
      "references": {
        "U_matmul_V": [
          [
            0,
            0,
            0,
            0
          ],
          [
            0,
            0,
            0,
            0
          ],
          [
            0,
            1,
            0,
            0
          ],
          [
            0,
            0,
            0,
            0
          ]
        ],
        "U_T_matmul_V": [
          [
            0,
            0,
            0,
            0
          ],
          [
            0,
            0,
            0,
            0
          ],
          [
            0,
            0,
            0,
            0
          ],
          [
            0,
            0,
            0,
            0
          ]
        ],
        "U_matmul_V_T": [
          [
            0,
            0,
            0,
            0
          ],
          [
            0,
            0,
            0,
            0
          ],
          [
            0,
            0,
            0,
            0
          ],
          [
            0,
            0,
            0,
            0
          ]
        ],
        "V_matmul_U": [
          [
            0,
            0,
            0,
            0
          ],
          [
            0,
            0,
            0,
            0
          ],
          [
            0,
            0,
            0,
            0
          ],
          [
            0,
            0,
            0,
            0
          ]
        ],
        "V_T_matmul_U": [
          [
            0,
            0,
            0,
            0
          ],
          [
            0,
            0,
            0,
            0
          ],
          [
            0,
            0,
            0,
            0
          ],
          [
            0,
            0,
            0,
            0
          ]
        ],
        "U_T_matmul_V_T": [
          [
            0,
            0,
            0,
            0
          ],
          [
            0,
            0,
            0,
            0
          ],
          [
            0,
            0,
            0,
            0
          ],
          [
            0,
            0,
            0,
            0
          ]
        ]
      },
      "final": {
        "compress_reports": [
          {
            "row_index": 0,
            "ok": true,
            "error": null
          },
          {
            "row_index": 1,
            "ok": true,
            "error": null
          },
          {
            "row_index": 2,
            "ok": true,
            "error": null
          },
          {
            "row_index": 3,
            "ok": true,
            "error": null
          }
        ],
        "decrypt_reports": [
          {
            "row_index": 0,
            "ok": true,
            "error": null
          },
          {
            "row_index": 1,
            "ok": true,
            "error": null
          },
          {
            "row_index": 2,
            "ok": true,
            "error": null
          },
          {
            "row_index": 3,
            "ok": true,
            "error": null
          }
        ],
        "decoded": [
          [
            -13,
            -19,
            13,
            14
          ],
          [
            19,
            13,
            -5,
            -4
          ],
          [
            -19,
            25,
            5,
            -18
          ],
          [
            2,
            -4,
            2,
            -9
          ]
        ]
      },
      "trace": {
        "U_info": {
          "a_scalar": 3,
          "template_ring_dim": 16384,
          "template_num_towers": 4,
          "moduli_u64": [
            1152921504606748673,
            1125899904679937,
            1125899908022273,
            557057
          ],
          "sk_num_towers": 4,
          "sk_coeff_count": 4,
          "sk_tower0_coeffs": [
            1152921504606748672,
            1152921504606748672,
            1,
            0
          ]
        },
        "V_info": {
          "a_scalar": 3,
          "template_ring_dim": 16384,
          "template_num_towers": 4,
          "moduli_u64": [
            1152921504606748673,
            1125899904679937,
            1125899908022273,
            557057
          ],
          "sk_num_towers": 4,
          "sk_coeff_count": 4,
          "sk_tower0_coeffs": [
            1152921504606748672,
            1152921504606748672,
            1,
            0
          ]
        },
        "U_decrypt_exact": {
          "all_rows_decrypted": true,
          "exact": true,
          "max_abs_err": 0,
          "l1_err": 0,
          "diff": [
            [
              0,
              0,
              0,
              0
            ],
            [
              0,
              0,
              0,
              0
            ],
            [
              0,
              0,
              0,
              0
            ],
            [
              0,
              0,
              0,
              0
            ]
          ]
        },
        "V_decrypt_exact": {
          "all_rows_decrypted": true,
          "exact": true,
          "max_abs_err": 0,
          "l1_err": 0,
          "diff": [
            [
              0,
              0,
              0,
              0
            ],
            [
              0,
              0,
              0,
              0
            ],
            [
              0,
              0,
              0,
              0
            ],
            [
              0,
              0,
              0,
              0
            ]
          ]
        },
        "U_cmt_trace": {
          "input_plaintext_matrix": [
            [
              0,
              0,
              0,
              0
            ],
            [
              0,
              0,
              0,
              0
            ],
            [
              0,
              0,
              0,
              1
            ],
            [
              0,
              0,
              0,
              0
            ]
          ],
          "output_plaintext_transpose": [
            [
              0,
              0,
              0,
              0
            ],
            [
              0,
              0,
              0,
              0
            ],
            [
              0,
              0,
              0,
              0
            ],
            [
              0,
              0,
              1,
              0
            ]
          ],
          "a_scalar": 3,
          "warning": "debug-only decrypt-transpose-reencrypt oracle"
        },
        "T01_cmt_trace": {
          "input_plaintext_matrix": [
            [
              -9,
              23,
              9,
              18
            ],
            [
              -9,
              23,
              9,
              18
            ],
            [
              -9,
              23,
              9,
              18
            ],
            [
              -9,
              23,
              9,
              18
            ]
          ],
          "output_plaintext_transpose": [
            [
              -9,
              -9,
              -9,
              -9
            ],
            [
              23,
              23,
              23,
              23
            ],
            [
              9,
              9,
              9,
              9
            ],
            [
              18,
              18,
              18,
              18
            ]
          ],
          "a_scalar": 3,
          "warning": "debug-only decrypt-transpose-reencrypt oracle"
        },
        "T00_cmt_trace": {
          "input_plaintext_matrix": [
            [
              -9,
              -9,
              9,
              0
            ],
            [
              -9,
              -9,
              9,
              0
            ],
            [
              -9,
              -9,
              9,
              0
            ],
            [
              -9,
              -9,
              9,
              0
            ]
          ],
          "output_plaintext_transpose": [
            [
              -9,
              -9,
              -9,
              -9
            ],
            [
              -9,
              -9,
              -9,
              -9
            ],
            [
              9,
              9,
              9,
              9
            ],
            [
              0,
              0,
              0,
              0
            ]
          ],
          "a_scalar": 3,
          "warning": "debug-only decrypt-transpose-reencrypt oracle"
        },
        "Ahat_export": {
          "part": 1,
          "num_rows": 4,
          "num_towers": 4,
          "ring_dim": 16384,
          "coeff_count": 16384,
          "row0_tower0_coeff_head": [
            3,
            0,
            0,
            0,
            0,
            0,
            0,
            0
          ]
        },
        "Bhat_export": {
          "part": 0,
          "num_rows": 4,
          "num_towers": 4,
          "ring_dim": 16384,
          "coeff_count": 16384,
          "row0_tower0_coeff_head": [
            1152921504606748667,
            1152921504606748667,
            1152921504606748661,
            1152921504606748664,
            0,
            0,
            0,
            0
          ]
        },
        "line5_ks_inputs_summary": {
          "num_rows": 4,
          "consistent_shape": true,
          "expected_parts": 3,
          "expected_towers": 4,
          "expected_ring_dim": 16384,
          "rows": [
            {
              "row_index": 0,
              "encoding_type": 1,
              "num_parts": 3,
              "level": 0,
              "slots": 0
            },
            {
              "row_index": 1,
              "encoding_type": 1,
              "num_parts": 3,
              "level": 0,
              "slots": 0
            },
            {
              "row_index": 2,
              "encoding_type": 1,
              "num_parts": 3,
              "level": 0,
              "slots": 0
            },
            {
              "row_index": 3,
              "encoding_type": 1,
              "num_parts": 3,
              "level": 0,
              "slots": 0
            }
          ]
        },
        "line5_ks_outputs_summary": {
          "num_rows": 4,
          "consistent_shape": true,
          "expected_parts": 2,
          "expected_towers": 4,
          "expected_ring_dim": 16384,
          "rows": [
            {
              "row_index": 0,
              "encoding_type": 1,
              "num_parts": 2,
              "level": 0,
              "slots": 0
            },
            {
              "row_index": 1,
              "encoding_type": 1,
              "num_parts": 2,
              "level": 0,
              "slots": 0
            },
            {
              "row_index": 2,
              "encoding_type": 1,
              "num_parts": 2,
              "level": 0,
              "slots": 0
            },
            {
              "row_index": 3,
              "encoding_type": 1,
              "num_parts": 2,
              "level": 0,
              "slots": 0
            }
          ]
        },
        "line5_rows_summary": {
          "num_rows": 4,
          "consistent_shape": true,
          "expected_parts": 2,
          "expected_towers": 4,
          "expected_ring_dim": 16384,
          "rows": [
            {
              "row_index": 0,
              "encoding_type": 1,
              "num_parts": 2,
              "level": 0,
              "slots": 0
            },
            {
              "row_index": 1,
              "encoding_type": 1,
              "num_parts": 2,
              "level": 0,
              "slots": 0
            },
            {
              "row_index": 2,
              "encoding_type": 1,
              "num_parts": 2,
              "level": 0,
              "slots": 0
            },
            {
              "row_index": 3,
              "encoding_type": 1,
              "num_parts": 2,
              "level": 0,
              "slots": 0
            }
          ]
        },
        "T01_cmt_rows_summary": {
          "num_rows": 4,
          "consistent_shape": true,
          "expected_parts": 2,
          "expected_towers": 4,
          "expected_ring_dim": 16384,
          "rows": [
            {
              "row_index": 0,
              "encoding_type": 1,
              "num_parts": 2,
              "level": 0,
              "slots": 0
            },
            {
              "row_index": 1,
              "encoding_type": 1,
              "num_parts": 2,
              "level": 0,
              "slots": 0
            },
            {
              "row_index": 2,
              "encoding_type": 1,
              "num_parts": 2,
              "level": 0,
              "slots": 0
            },
            {
              "row_index": 3,
              "encoding_type": 1,
              "num_parts": 2,
              "level": 0,
              "slots": 0
            }
          ]
        },
        "M10_M11_pair_rows_summary": {
          "num_rows": 4,
          "consistent_shape": true,
          "expected_parts": 2,
          "expected_towers": 4,
          "expected_ring_dim": 16384,
          "rows": [
            {
              "row_index": 0,
              "encoding_type": 1,
              "num_parts": 2,
              "level": 0,
              "slots": 0
            },
            {
              "row_index": 1,
              "encoding_type": 1,
              "num_parts": 2,
              "level": 0,
              "slots": 0
            },
            {
              "row_index": 2,
              "encoding_type": 1,
              "num_parts": 2,
              "level": 0,
              "slots": 0
            },
            {
              "row_index": 3,
              "encoding_type": 1,
              "num_parts": 2,
              "level": 0,
              "slots": 0
            }
          ]
        },
        "final_rows_summary": {
          "num_rows": 4,
          "consistent_shape": true,
          "expected_parts": 2,
          "expected_towers": 4,
          "expected_ring_dim": 16384,
          "rows": [
            {
              "row_index": 0,
              "encoding_type": 1,
              "num_parts": 2,
              "level": 0,
              "slots": 0
            },
            {
              "row_index": 1,
              "encoding_type": 1,
              "num_parts": 2,
              "level": 0,
              "slots": 0
            },
            {
              "row_index": 2,
              "encoding_type": 1,
              "num_parts": 2,
              "level": 0,
              "slots": 0
            },
            {
              "row_index": 3,
              "encoding_type": 1,
              "num_parts": 2,
              "level": 0,
              "slots": 0
            }
          ]
        }
      },
      "comparisons": {
        "U_matmul_V": {
          "all_rows_decrypted": true,
          "exact": false,
          "max_abs_err": 24,
          "l1_err": 183,
          "diff": [
            [
              -13,
              -19,
              13,
              14
            ],
            [
              19,
              13,
              -5,
              -4
            ],
            [
              -19,
              24,
              5,
              -18
            ],
            [
              2,
              -4,
              2,
              -9
            ]
          ]
        },
        "U_T_matmul_V": {
          "all_rows_decrypted": true,
          "exact": false,
          "max_abs_err": 25,
          "l1_err": 184,
          "diff": [
            [
              -13,
              -19,
              13,
              14
            ],
            [
              19,
              13,
              -5,
              -4
            ],
            [
              -19,
              25,
              5,
              -18
            ],
            [
              2,
              -4,
              2,
              -9
            ]
          ]
        },
        "U_matmul_V_T": {
          "all_rows_decrypted": true,
          "exact": false,
          "max_abs_err": 25,
          "l1_err": 184,
          "diff": [
            [
              -13,
              -19,
              13,
              14
            ],
            [
              19,
              13,
              -5,
              -4
            ],
            [
              -19,
              25,
              5,
              -18
            ],
            [
              2,
              -4,
              2,
              -9
            ]
          ]
        },
        "V_matmul_U": {
          "all_rows_decrypted": true,
          "exact": false,
          "max_abs_err": 25,
          "l1_err": 184,
          "diff": [
            [
              -13,
              -19,
              13,
              14
            ],
            [
              19,
              13,
              -5,
              -4
            ],
            [
              -19,
              25,
              5,
              -18
            ],
            [
              2,
              -4,
              2,
              -9
            ]
          ]
        },
        "V_T_matmul_U": {
          "all_rows_decrypted": true,
          "exact": false,
          "max_abs_err": 25,
          "l1_err": 184,
          "diff": [
            [
              -13,
              -19,
              13,
              14
            ],
            [
              19,
              13,
              -5,
              -4
            ],
            [
              -19,
              25,
              5,
              -18
            ],
            [
              2,
              -4,
              2,
              -9
            ]
          ]
        },
        "U_T_matmul_V_T": {
          "all_rows_decrypted": true,
          "exact": false,
          "max_abs_err": 25,
          "l1_err": 184,
          "diff": [
            [
              -13,
              -19,
              13,
              14
            ],
            [
              19,
              13,
              -5,
              -4
            ],
            [
              -19,
              25,
              5,
              -18
            ],
            [
              2,
              -4,
              2,
              -9
            ]
          ]
        }
      }
    },
    {
      "name": "identity_times_random_small",
      "a_scalar": 3,
      "input_U": [
        [
          1,
          0,
          0,
          0
        ],
        [
          0,
          1,
          0,
          0
        ],
        [
          0,
          0,
          1,
          0
        ],
        [
          0,
          0,
          0,
          1
        ]
      ],
      "input_V": [
        [
          -1,
          1,
          2,
          -2
        ],
        [
          -2,
          2,
          0,
          -2
        ],
        [
          -2,
          -1,
          -1,
          1
        ],
        [
          -2,
          0,
          -1,
          0
        ]
      ],
      "references": {
        "U_matmul_V": [
          [
            -1,
            1,
            2,
            -2
          ],
          [
            -2,
            2,
            0,
            -2
          ],
          [
            -2,
            -1,
            -1,
            1
          ],
          [
            -2,
            0,
            -1,
            0
          ]
        ],
        "U_T_matmul_V": [
          [
            -1,
            1,
            2,
            -2
          ],
          [
            -2,
            2,
            0,
            -2
          ],
          [
            -2,
            -1,
            -1,
            1
          ],
          [
            -2,
            0,
            -1,
            0
          ]
        ],
        "U_matmul_V_T": [
          [
            -1,
            -2,
            -2,
            -2
          ],
          [
            1,
            2,
            -1,
            0
          ],
          [
            2,
            0,
            -1,
            -1
          ],
          [
            -2,
            -2,
            1,
            0
          ]
        ],
        "V_matmul_U": [
          [
            -1,
            1,
            2,
            -2
          ],
          [
            -2,
            2,
            0,
            -2
          ],
          [
            -2,
            -1,
            -1,
            1
          ],
          [
            -2,
            0,
            -1,
            0
          ]
        ],
        "V_T_matmul_U": [
          [
            -1,
            -2,
            -2,
            -2
          ],
          [
            1,
            2,
            -1,
            0
          ],
          [
            2,
            0,
            -1,
            -1
          ],
          [
            -2,
            -2,
            1,
            0
          ]
        ],
        "U_T_matmul_V_T": [
          [
            -1,
            -2,
            -2,
            -2
          ],
          [
            1,
            2,
            -1,
            0
          ],
          [
            2,
            0,
            -1,
            -1
          ],
          [
            -2,
            -2,
            1,
            0
          ]
        ]
      },
      "final": {
        "compress_reports": [
          {
            "row_index": 0,
            "ok": true,
            "error": null
          },
          {
            "row_index": 1,
            "ok": true,
            "error": null
          },
          {
            "row_index": 2,
            "ok": true,
            "error": null
          },
          {
            "row_index": 3,
            "ok": true,
            "error": null
          }
        ],
        "decrypt_reports": [
          {
            "row_index": 0,
            "ok": true,
            "error": null
          },
          {
            "row_index": 1,
            "ok": true,
            "error": null
          },
          {
            "row_index": 2,
            "ok": true,
            "error": null
          },
          {
            "row_index": 3,
            "ok": true,
            "error": null
          }
        ],
        "decoded": [
          [
            -11,
            0,
            -20,
            3
          ],
          [
            14,
            -23,
            4,
            -21
          ],
          [
            8,
            18,
            -5,
            0
          ],
          [
            0,
            11,
            13,
            -21
          ]
        ]
      },
      "trace": {
        "U_info": {
          "a_scalar": 3,
          "template_ring_dim": 16384,
          "template_num_towers": 4,
          "moduli_u64": [
            1152921504606748673,
            1125899904679937,
            1125899908022273,
            557057
          ],
          "sk_num_towers": 4,
          "sk_coeff_count": 4,
          "sk_tower0_coeffs": [
            1152921504606748672,
            1152921504606748672,
            1,
            0
          ]
        },
        "V_info": {
          "a_scalar": 3,
          "template_ring_dim": 16384,
          "template_num_towers": 4,
          "moduli_u64": [
            1152921504606748673,
            1125899904679937,
            1125899908022273,
            557057
          ],
          "sk_num_towers": 4,
          "sk_coeff_count": 4,
          "sk_tower0_coeffs": [
            1152921504606748672,
            1152921504606748672,
            1,
            0
          ]
        },
        "U_decrypt_exact": {
          "all_rows_decrypted": true,
          "exact": true,
          "max_abs_err": 0,
          "l1_err": 0,
          "diff": [
            [
              0,
              0,
              0,
              0
            ],
            [
              0,
              0,
              0,
              0
            ],
            [
              0,
              0,
              0,
              0
            ],
            [
              0,
              0,
              0,
              0
            ]
          ]
        },
        "V_decrypt_exact": {
          "all_rows_decrypted": true,
          "exact": true,
          "max_abs_err": 0,
          "l1_err": 0,
          "diff": [
            [
              0,
              0,
              0,
              0
            ],
            [
              0,
              0,
              0,
              0
            ],
            [
              0,
              0,
              0,
              0
            ],
            [
              0,
              0,
              0,
              0
            ]
          ]
        },
        "U_cmt_trace": {
          "input_plaintext_matrix": [
            [
              1,
              0,
              0,
              0
            ],
            [
              0,
              1,
              0,
              0
            ],
            [
              0,
              0,
              1,
              0
            ],
            [
              0,
              0,
              0,
              1
            ]
          ],
          "output_plaintext_transpose": [
            [
              1,
              0,
              0,
              0
            ],
            [
              0,
              1,
              0,
              0
            ],
            [
              0,
              0,
              1,
              0
            ],
            [
              0,
              0,
              0,
              1
            ]
          ],
          "a_scalar": 3,
          "warning": "debug-only decrypt-transpose-reencrypt oracle"
        },
        "T01_cmt_trace": {
          "input_plaintext_matrix": [
            [
              -3,
              23,
              -9,
              21
            ],
            [
              -3,
              23,
              -9,
              21
            ],
            [
              -3,
              23,
              -9,
              21
            ],
            [
              -3,
              23,
              -9,
              21
            ]
          ],
          "output_plaintext_transpose": [
            [
              -3,
              -3,
              -3,
              -3
            ],
            [
              23,
              23,
              23,
              23
            ],
            [
              -9,
              -9,
              -9,
              -9
            ],
            [
              21,
              21,
              21,
              21
            ]
          ],
          "a_scalar": 3,
          "warning": "debug-only decrypt-transpose-reencrypt oracle"
        },
        "T00_cmt_trace": {
          "input_plaintext_matrix": [
            [
              -9,
              -9,
              9,
              0
            ],
            [
              -9,
              -9,
              9,
              0
            ],
            [
              -9,
              -9,
              9,
              0
            ],
            [
              -9,
              -9,
              9,
              0
            ]
          ],
          "output_plaintext_transpose": [
            [
              -9,
              -9,
              -9,
              -9
            ],
            [
              -9,
              -9,
              -9,
              -9
            ],
            [
              9,
              9,
              9,
              9
            ],
            [
              0,
              0,
              0,
              0
            ]
          ],
          "a_scalar": 3,
          "warning": "debug-only decrypt-transpose-reencrypt oracle"
        },
        "Ahat_export": {
          "part": 1,
          "num_rows": 4,
          "num_towers": 4,
          "ring_dim": 16384,
          "coeff_count": 16384,
          "row0_tower0_coeff_head": [
            3,
            0,
            0,
            0,
            0,
            0,
            0,
            0
          ]
        },
        "Bhat_export": {
          "part": 0,
          "num_rows": 4,
          "num_towers": 4,
          "ring_dim": 16384,
          "coeff_count": 16384,
          "row0_tower0_coeff_head": [
            1152921504606748667,
            1152921504606748667,
            1152921504606748661,
            1152921504606748664,
            0,
            0,
            0,
            0
          ]
        },
        "line5_ks_inputs_summary": {
          "num_rows": 4,
          "consistent_shape": true,
          "expected_parts": 3,
          "expected_towers": 4,
          "expected_ring_dim": 16384,
          "rows": [
            {
              "row_index": 0,
              "encoding_type": 1,
              "num_parts": 3,
              "level": 0,
              "slots": 0
            },
            {
              "row_index": 1,
              "encoding_type": 1,
              "num_parts": 3,
              "level": 0,
              "slots": 0
            },
            {
              "row_index": 2,
              "encoding_type": 1,
              "num_parts": 3,
              "level": 0,
              "slots": 0
            },
            {
              "row_index": 3,
              "encoding_type": 1,
              "num_parts": 3,
              "level": 0,
              "slots": 0
            }
          ]
        },
        "line5_ks_outputs_summary": {
          "num_rows": 4,
          "consistent_shape": true,
          "expected_parts": 2,
          "expected_towers": 4,
          "expected_ring_dim": 16384,
          "rows": [
            {
              "row_index": 0,
              "encoding_type": 1,
              "num_parts": 2,
              "level": 0,
              "slots": 0
            },
            {
              "row_index": 1,
              "encoding_type": 1,
              "num_parts": 2,
              "level": 0,
              "slots": 0
            },
            {
              "row_index": 2,
              "encoding_type": 1,
              "num_parts": 2,
              "level": 0,
              "slots": 0
            },
            {
              "row_index": 3,
              "encoding_type": 1,
              "num_parts": 2,
              "level": 0,
              "slots": 0
            }
          ]
        },
        "line5_rows_summary": {
          "num_rows": 4,
          "consistent_shape": true,
          "expected_parts": 2,
          "expected_towers": 4,
          "expected_ring_dim": 16384,
          "rows": [
            {
              "row_index": 0,
              "encoding_type": 1,
              "num_parts": 2,
              "level": 0,
              "slots": 0
            },
            {
              "row_index": 1,
              "encoding_type": 1,
              "num_parts": 2,
              "level": 0,
              "slots": 0
            },
            {
              "row_index": 2,
              "encoding_type": 1,
              "num_parts": 2,
              "level": 0,
              "slots": 0
            },
            {
              "row_index": 3,
              "encoding_type": 1,
              "num_parts": 2,
              "level": 0,
              "slots": 0
            }
          ]
        },
        "T01_cmt_rows_summary": {
          "num_rows": 4,
          "consistent_shape": true,
          "expected_parts": 2,
          "expected_towers": 4,
          "expected_ring_dim": 16384,
          "rows": [
            {
              "row_index": 0,
              "encoding_type": 1,
              "num_parts": 2,
              "level": 0,
              "slots": 0
            },
            {
              "row_index": 1,
              "encoding_type": 1,
              "num_parts": 2,
              "level": 0,
              "slots": 0
            },
            {
              "row_index": 2,
              "encoding_type": 1,
              "num_parts": 2,
              "level": 0,
              "slots": 0
            },
            {
              "row_index": 3,
              "encoding_type": 1,
              "num_parts": 2,
              "level": 0,
              "slots": 0
            }
          ]
        },
        "M10_M11_pair_rows_summary": {
          "num_rows": 4,
          "consistent_shape": true,
          "expected_parts": 2,
          "expected_towers": 4,
          "expected_ring_dim": 16384,
          "rows": [
            {
              "row_index": 0,
              "encoding_type": 1,
              "num_parts": 2,
              "level": 0,
              "slots": 0
            },
            {
              "row_index": 1,
              "encoding_type": 1,
              "num_parts": 2,
              "level": 0,
              "slots": 0
            },
            {
              "row_index": 2,
              "encoding_type": 1,
              "num_parts": 2,
              "level": 0,
              "slots": 0
            },
            {
              "row_index": 3,
              "encoding_type": 1,
              "num_parts": 2,
              "level": 0,
              "slots": 0
            }
          ]
        },
        "final_rows_summary": {
          "num_rows": 4,
          "consistent_shape": true,
          "expected_parts": 2,
          "expected_towers": 4,
          "expected_ring_dim": 16384,
          "rows": [
            {
              "row_index": 0,
              "encoding_type": 1,
              "num_parts": 2,
              "level": 0,
              "slots": 0
            },
            {
              "row_index": 1,
              "encoding_type": 1,
              "num_parts": 2,
              "level": 0,
              "slots": 0
            },
            {
              "row_index": 2,
              "encoding_type": 1,
              "num_parts": 2,
              "level": 0,
              "slots": 0
            },
            {
              "row_index": 3,
              "encoding_type": 1,
              "num_parts": 2,
              "level": 0,
              "slots": 0
            }
          ]
        }
      },
      "comparisons": {
        "U_matmul_V": {
          "all_rows_decrypted": true,
          "exact": false,
          "max_abs_err": 25,
          "l1_err": 184,
          "diff": [
            [
              -10,
              -1,
              -22,
              5
            ],
            [
              16,
              -25,
              4,
              -19
            ],
            [
              10,
              19,
              -4,
              -1
            ],
            [
              2,
              11,
              14,
              -21
            ]
          ]
        },
        "U_T_matmul_V": {
          "all_rows_decrypted": true,
          "exact": false,
          "max_abs_err": 25,
          "l1_err": 184,
          "diff": [
            [
              -10,
              -1,
              -22,
              5
            ],
            [
              16,
              -25,
              4,
              -19
            ],
            [
              10,
              19,
              -4,
              -1
            ],
            [
              2,
              11,
              14,
              -21
            ]
          ]
        },
        "U_matmul_V_T": {
          "all_rows_decrypted": true,
          "exact": false,
          "max_abs_err": 25,
          "l1_err": 176,
          "diff": [
            [
              -10,
              2,
              -18,
              5
            ],
            [
              13,
              -25,
              5,
              -21
            ],
            [
              6,
              18,
              -4,
              1
            ],
            [
              2,
              13,
              12,
              -21
            ]
          ]
        },
        "V_matmul_U": {
          "all_rows_decrypted": true,
          "exact": false,
          "max_abs_err": 25,
          "l1_err": 184,
          "diff": [
            [
              -10,
              -1,
              -22,
              5
            ],
            [
              16,
              -25,
              4,
              -19
            ],
            [
              10,
              19,
              -4,
              -1
            ],
            [
              2,
              11,
              14,
              -21
            ]
          ]
        },
        "V_T_matmul_U": {
          "all_rows_decrypted": true,
          "exact": false,
          "max_abs_err": 25,
          "l1_err": 176,
          "diff": [
            [
              -10,
              2,
              -18,
              5
            ],
            [
              13,
              -25,
              5,
              -21
            ],
            [
              6,
              18,
              -4,
              1
            ],
            [
              2,
              13,
              12,
              -21
            ]
          ]
        },
        "U_T_matmul_V_T": {
          "all_rows_decrypted": true,
          "exact": false,
          "max_abs_err": 25,
          "l1_err": 176,
          "diff": [
            [
              -10,
              2,
              -18,
              5
            ],
            [
              13,
              -25,
              5,
              -21
            ],
            [
              6,
              18,
              -4,
              1
            ],
            [
              2,
              13,
              12,
              -21
            ]
          ]
        }
      }
    },
    {
      "name": "random_small_times_identity",
      "a_scalar": 3,
      "input_U": [
        [
          0,
          -1,
          1,
          -1
        ],
        [
          0,
          -1,
          -2,
          0
        ],
        [
          0,
          0,
          2,
          0
        ],
        [
          -1,
          -1,
          0,
          2
        ]
      ],
      "input_V": [
        [
          1,
          0,
          0,
          0
        ],
        [
          0,
          1,
          0,
          0
        ],
        [
          0,
          0,
          1,
          0
        ],
        [
          0,
          0,
          0,
          1
        ]
      ],
      "references": {
        "U_matmul_V": [
          [
            0,
            -1,
            1,
            -1
          ],
          [
            0,
            -1,
            -2,
            0
          ],
          [
            0,
            0,
            2,
            0
          ],
          [
            -1,
            -1,
            0,
            2
          ]
        ],
        "U_T_matmul_V": [
          [
            0,
            0,
            0,
            -1
          ],
          [
            -1,
            -1,
            0,
            -1
          ],
          [
            1,
            -2,
            2,
            0
          ],
          [
            -1,
            0,
            0,
            2
          ]
        ],
        "U_matmul_V_T": [
          [
            0,
            -1,
            1,
            -1
          ],
          [
            0,
            -1,
            -2,
            0
          ],
          [
            0,
            0,
            2,
            0
          ],
          [
            -1,
            -1,
            0,
            2
          ]
        ],
        "V_matmul_U": [
          [
            0,
            -1,
            1,
            -1
          ],
          [
            0,
            -1,
            -2,
            0
          ],
          [
            0,
            0,
            2,
            0
          ],
          [
            -1,
            -1,
            0,
            2
          ]
        ],
        "V_T_matmul_U": [
          [
            0,
            -1,
            1,
            -1
          ],
          [
            0,
            -1,
            -2,
            0
          ],
          [
            0,
            0,
            2,
            0
          ],
          [
            -1,
            -1,
            0,
            2
          ]
        ],
        "U_T_matmul_V_T": [
          [
            0,
            0,
            0,
            -1
          ],
          [
            -1,
            -1,
            0,
            -1
          ],
          [
            1,
            -2,
            2,
            0
          ],
          [
            -1,
            0,
            0,
            2
          ]
        ]
      },
      "final": {
        "compress_reports": [
          {
            "row_index": 0,
            "ok": true,
            "error": null
          },
          {
            "row_index": 1,
            "ok": true,
            "error": null
          },
          {
            "row_index": 2,
            "ok": true,
            "error": null
          },
          {
            "row_index": 3,
            "ok": true,
            "error": null
          }
        ],
        "decrypt_reports": [
          {
            "row_index": 0,
            "ok": true,
            "error": null
          },
          {
            "row_index": 1,
            "ok": true,
            "error": null
          },
          {
            "row_index": 2,
            "ok": true,
            "error": null
          },
          {
            "row_index": 3,
            "ok": true,
            "error": null
          }
        ],
        "decoded": [
          [
            -13,
            -19,
            7,
            10
          ],
          [
            18,
            12,
            -11,
            -8
          ],
          [
            -12,
            -21,
            7,
            -15
          ],
          [
            4,
            -1,
            -1,
            -7
          ]
        ]
      },
      "trace": {
        "U_info": {
          "a_scalar": 3,
          "template_ring_dim": 16384,
          "template_num_towers": 4,
          "moduli_u64": [
            1152921504606748673,
            1125899904679937,
            1125899908022273,
            557057
          ],
          "sk_num_towers": 4,
          "sk_coeff_count": 4,
          "sk_tower0_coeffs": [
            1152921504606748672,
            1152921504606748672,
            1,
            0
          ]
        },
        "V_info": {
          "a_scalar": 3,
          "template_ring_dim": 16384,
          "template_num_towers": 4,
          "moduli_u64": [
            1152921504606748673,
            1125899904679937,
            1125899908022273,
            557057
          ],
          "sk_num_towers": 4,
          "sk_coeff_count": 4,
          "sk_tower0_coeffs": [
            1152921504606748672,
            1152921504606748672,
            1,
            0
          ]
        },
        "U_decrypt_exact": {
          "all_rows_decrypted": true,
          "exact": true,
          "max_abs_err": 0,
          "l1_err": 0,
          "diff": [
            [
              0,
              0,
              0,
              0
            ],
            [
              0,
              0,
              0,
              0
            ],
            [
              0,
              0,
              0,
              0
            ],
            [
              0,
              0,
              0,
              0
            ]
          ]
        },
        "V_decrypt_exact": {
          "all_rows_decrypted": true,
          "exact": true,
          "max_abs_err": 0,
          "l1_err": 0,
          "diff": [
            [
              0,
              0,
              0,
              0
            ],
            [
              0,
              0,
              0,
              0
            ],
            [
              0,
              0,
              0,
              0
            ],
            [
              0,
              0,
              0,
              0
            ]
          ]
        },
        "U_cmt_trace": {
          "input_plaintext_matrix": [
            [
              0,
              -1,
              1,
              -1
            ],
            [
              0,
              -1,
              -2,
              0
            ],
            [
              0,
              0,
              2,
              0
            ],
            [
              -1,
              -1,
              0,
              2
            ]
          ],
          "output_plaintext_transpose": [
            [
              0,
              0,
              0,
              -1
            ],
            [
              -1,
              -1,
              0,
              -1
            ],
            [
              1,
              -2,
              2,
              0
            ],
            [
              -1,
              0,
              0,
              2
            ]
          ],
          "a_scalar": 3,
          "warning": "debug-only decrypt-transpose-reencrypt oracle"
        },
        "T01_cmt_trace": {
          "input_plaintext_matrix": [
            [
              -12,
              20,
              12,
              18
            ],
            [
              -12,
              20,
              12,
              18
            ],
            [
              -12,
              20,
              12,
              18
            ],
            [
              -12,
              20,
              12,
              18
            ]
          ],
          "output_plaintext_transpose": [
            [
              -12,
              -12,
              -12,
              -12
            ],
            [
              20,
              20,
              20,
              20
            ],
            [
              12,
              12,
              12,
              12
            ],
            [
              18,
              18,
              18,
              18
            ]
          ],
          "a_scalar": 3,
          "warning": "debug-only decrypt-transpose-reencrypt oracle"
        },
        "T00_cmt_trace": {
          "input_plaintext_matrix": [
            [
              -9,
              -9,
              9,
              0
            ],
            [
              -9,
              -9,
              9,
              0
            ],
            [
              -9,
              -9,
              9,
              0
            ],
            [
              -9,
              -9,
              9,
              0
            ]
          ],
          "output_plaintext_transpose": [
            [
              -9,
              -9,
              -9,
              -9
            ],
            [
              -9,
              -9,
              -9,
              -9
            ],
            [
              9,
              9,
              9,
              9
            ],
            [
              0,
              0,
              0,
              0
            ]
          ],
          "a_scalar": 3,
          "warning": "debug-only decrypt-transpose-reencrypt oracle"
        },
        "Ahat_export": {
          "part": 1,
          "num_rows": 4,
          "num_towers": 4,
          "ring_dim": 16384,
          "coeff_count": 16384,
          "row0_tower0_coeff_head": [
            3,
            0,
            0,
            0,
            0,
            0,
            0,
            0
          ]
        },
        "Bhat_export": {
          "part": 0,
          "num_rows": 4,
          "num_towers": 4,
          "ring_dim": 16384,
          "coeff_count": 16384,
          "row0_tower0_coeff_head": [
            1152921504606748667,
            1152921504606748667,
            1152921504606748661,
            1152921504606748664,
            0,
            0,
            0,
            0
          ]
        },
        "line5_ks_inputs_summary": {
          "num_rows": 4,
          "consistent_shape": true,
          "expected_parts": 3,
          "expected_towers": 4,
          "expected_ring_dim": 16384,
          "rows": [
            {
              "row_index": 0,
              "encoding_type": 1,
              "num_parts": 3,
              "level": 0,
              "slots": 0
            },
            {
              "row_index": 1,
              "encoding_type": 1,
              "num_parts": 3,
              "level": 0,
              "slots": 0
            },
            {
              "row_index": 2,
              "encoding_type": 1,
              "num_parts": 3,
              "level": 0,
              "slots": 0
            },
            {
              "row_index": 3,
              "encoding_type": 1,
              "num_parts": 3,
              "level": 0,
              "slots": 0
            }
          ]
        },
        "line5_ks_outputs_summary": {
          "num_rows": 4,
          "consistent_shape": true,
          "expected_parts": 2,
          "expected_towers": 4,
          "expected_ring_dim": 16384,
          "rows": [
            {
              "row_index": 0,
              "encoding_type": 1,
              "num_parts": 2,
              "level": 0,
              "slots": 0
            },
            {
              "row_index": 1,
              "encoding_type": 1,
              "num_parts": 2,
              "level": 0,
              "slots": 0
            },
            {
              "row_index": 2,
              "encoding_type": 1,
              "num_parts": 2,
              "level": 0,
              "slots": 0
            },
            {
              "row_index": 3,
              "encoding_type": 1,
              "num_parts": 2,
              "level": 0,
              "slots": 0
            }
          ]
        },
        "line5_rows_summary": {
          "num_rows": 4,
          "consistent_shape": true,
          "expected_parts": 2,
          "expected_towers": 4,
          "expected_ring_dim": 16384,
          "rows": [
            {
              "row_index": 0,
              "encoding_type": 1,
              "num_parts": 2,
              "level": 0,
              "slots": 0
            },
            {
              "row_index": 1,
              "encoding_type": 1,
              "num_parts": 2,
              "level": 0,
              "slots": 0
            },
            {
              "row_index": 2,
              "encoding_type": 1,
              "num_parts": 2,
              "level": 0,
              "slots": 0
            },
            {
              "row_index": 3,
              "encoding_type": 1,
              "num_parts": 2,
              "level": 0,
              "slots": 0
            }
          ]
        },
        "T01_cmt_rows_summary": {
          "num_rows": 4,
          "consistent_shape": true,
          "expected_parts": 2,
          "expected_towers": 4,
          "expected_ring_dim": 16384,
          "rows": [
            {
              "row_index": 0,
              "encoding_type": 1,
              "num_parts": 2,
              "level": 0,
              "slots": 0
            },
            {
              "row_index": 1,
              "encoding_type": 1,
              "num_parts": 2,
              "level": 0,
              "slots": 0
            },
            {
              "row_index": 2,
              "encoding_type": 1,
              "num_parts": 2,
              "level": 0,
              "slots": 0
            },
            {
              "row_index": 3,
              "encoding_type": 1,
              "num_parts": 2,
              "level": 0,
              "slots": 0
            }
          ]
        },
        "M10_M11_pair_rows_summary": {
          "num_rows": 4,
          "consistent_shape": true,
          "expected_parts": 2,
          "expected_towers": 4,
          "expected_ring_dim": 16384,
          "rows": [
            {
              "row_index": 0,
              "encoding_type": 1,
              "num_parts": 2,
              "level": 0,
              "slots": 0
            },
            {
              "row_index": 1,
              "encoding_type": 1,
              "num_parts": 2,
              "level": 0,
              "slots": 0
            },
            {
              "row_index": 2,
              "encoding_type": 1,
              "num_parts": 2,
              "level": 0,
              "slots": 0
            },
            {
              "row_index": 3,
              "encoding_type": 1,
              "num_parts": 2,
              "level": 0,
              "slots": 0
            }
          ]
        },
        "final_rows_summary": {
          "num_rows": 4,
          "consistent_shape": true,
          "expected_parts": 2,
          "expected_towers": 4,
          "expected_ring_dim": 16384,
          "rows": [
            {
              "row_index": 0,
              "encoding_type": 1,
              "num_parts": 2,
              "level": 0,
              "slots": 0
            },
            {
              "row_index": 1,
              "encoding_type": 1,
              "num_parts": 2,
              "level": 0,
              "slots": 0
            },
            {
              "row_index": 2,
              "encoding_type": 1,
              "num_parts": 2,
              "level": 0,
              "slots": 0
            },
            {
              "row_index": 3,
              "encoding_type": 1,
              "num_parts": 2,
              "level": 0,
              "slots": 0
            }
          ]
        }
      },
      "comparisons": {
        "U_matmul_V": {
          "all_rows_decrypted": true,
          "exact": false,
          "max_abs_err": 21,
          "l1_err": 164,
          "diff": [
            [
              -13,
              -18,
              6,
              11
            ],
            [
              18,
              13,
              -9,
              -8
            ],
            [
              -12,
              -21,
              5,
              -15
            ],
            [
              5,
              0,
              -1,
              -9
            ]
          ]
        },
        "U_T_matmul_V": {
          "all_rows_decrypted": true,
          "exact": false,
          "max_abs_err": 19,
          "l1_err": 168,
          "diff": [
            [
              -13,
              -19,
              7,
              11
            ],
            [
              19,
              13,
              -11,
              -7
            ],
            [
              -13,
              -19,
              5,
              -15
            ],
            [
              5,
              -1,
              -1,
              -9
            ]
          ]
        },
        "U_matmul_V_T": {
          "all_rows_decrypted": true,
          "exact": false,
          "max_abs_err": 21,
          "l1_err": 164,
          "diff": [
            [
              -13,
              -18,
              6,
              11
            ],
            [
              18,
              13,
              -9,
              -8
            ],
            [
              -12,
              -21,
              5,
              -15
            ],
            [
              5,
              0,
              -1,
              -9
            ]
          ]
        },
        "V_matmul_U": {
          "all_rows_decrypted": true,
          "exact": false,
          "max_abs_err": 21,
          "l1_err": 164,
          "diff": [
            [
              -13,
              -18,
              6,
              11
            ],
            [
              18,
              13,
              -9,
              -8
            ],
            [
              -12,
              -21,
              5,
              -15
            ],
            [
              5,
              0,
              -1,
              -9
            ]
          ]
        },
        "V_T_matmul_U": {
          "all_rows_decrypted": true,
          "exact": false,
          "max_abs_err": 21,
          "l1_err": 164,
          "diff": [
            [
              -13,
              -18,
              6,
              11
            ],
            [
              18,
              13,
              -9,
              -8
            ],
            [
              -12,
              -21,
              5,
              -15
            ],
            [
              5,
              0,
              -1,
              -9
            ]
          ]
        },
        "U_T_matmul_V_T": {
          "all_rows_decrypted": true,
          "exact": false,
          "max_abs_err": 19,
          "l1_err": 168,
          "diff": [
            [
              -13,
              -19,
              7,
              11
            ],
            [
              19,
              13,
              -11,
              -7
            ],
            [
              -13,
              -19,
              5,
              -15
            ],
            [
              5,
              -1,
              -1,
              -9
            ]
          ]
        }
      }
    },
    {
      "name": "basis_E00_times_E00",
      "a_scalar": 7,
      "input_U": [
        [
          1,
          0,
          0,
          0
        ],
        [
          0,
          0,
          0,
          0
        ],
        [
          0,
          0,
          0,
          0
        ],
        [
          0,
          0,
          0,
          0
        ]
      ],
      "input_V": [
        [
          1,
          0,
          0,
          0
        ],
        [
          0,
          0,
          0,
          0
        ],
        [
          0,
          0,
          0,
          0
        ],
        [
          0,
          0,
          0,
          0
        ]
      ],
      "references": {
        "U_matmul_V": [
          [
            1,
            0,
            0,
            0
          ],
          [
            0,
            0,
            0,
            0
          ],
          [
            0,
            0,
            0,
            0
          ],
          [
            0,
            0,
            0,
            0
          ]
        ],
        "U_T_matmul_V": [
          [
            1,
            0,
            0,
            0
          ],
          [
            0,
            0,
            0,
            0
          ],
          [
            0,
            0,
            0,
            0
          ],
          [
            0,
            0,
            0,
            0
          ]
        ],
        "U_matmul_V_T": [
          [
            1,
            0,
            0,
            0
          ],
          [
            0,
            0,
            0,
            0
          ],
          [
            0,
            0,
            0,
            0
          ],
          [
            0,
            0,
            0,
            0
          ]
        ],
        "V_matmul_U": [
          [
            1,
            0,
            0,
            0
          ],
          [
            0,
            0,
            0,
            0
          ],
          [
            0,
            0,
            0,
            0
          ],
          [
            0,
            0,
            0,
            0
          ]
        ],
        "V_T_matmul_U": [
          [
            1,
            0,
            0,
            0
          ],
          [
            0,
            0,
            0,
            0
          ],
          [
            0,
            0,
            0,
            0
          ],
          [
            0,
            0,
            0,
            0
          ]
        ],
        "U_T_matmul_V_T": [
          [
            1,
            0,
            0,
            0
          ],
          [
            0,
            0,
            0,
            0
          ],
          [
            0,
            0,
            0,
            0
          ],
          [
            0,
            0,
            0,
            0
          ]
        ]
      },
      "final": {
        "compress_reports": [
          {
            "row_index": 0,
            "ok": true,
            "error": null
          },
          {
            "row_index": 1,
            "ok": true,
            "error": null
          },
          {
            "row_index": 2,
            "ok": true,
            "error": null
          },
          {
            "row_index": 3,
            "ok": true,
            "error": null
          }
        ],
        "decrypt_reports": [
          {
            "row_index": 0,
            "ok": true,
            "error": null
          },
          {
            "row_index": 1,
            "ok": true,
            "error": null
          },
          {
            "row_index": 2,
            "ok": true,
            "error": null
          },
          {
            "row_index": 3,
            "ok": true,
            "error": null
          }
        ],
        "decoded": [
          [
            2,
            -18,
            7,
            -4
          ],
          [
            3,
            -16,
            9,
            -2
          ],
          [
            -1,
            -20,
            -17,
            8
          ],
          [
            23,
            4,
            -7,
            0
          ]
        ]
      },
      "trace": {
        "U_info": {
          "a_scalar": 7,
          "template_ring_dim": 16384,
          "template_num_towers": 4,
          "moduli_u64": [
            1152921504606748673,
            1125899904679937,
            1125899908022273,
            557057
          ],
          "sk_num_towers": 4,
          "sk_coeff_count": 4,
          "sk_tower0_coeffs": [
            1152921504606748672,
            1152921504606748672,
            1,
            0
          ]
        },
        "V_info": {
          "a_scalar": 7,
          "template_ring_dim": 16384,
          "template_num_towers": 4,
          "moduli_u64": [
            1152921504606748673,
            1125899904679937,
            1125899908022273,
            557057
          ],
          "sk_num_towers": 4,
          "sk_coeff_count": 4,
          "sk_tower0_coeffs": [
            1152921504606748672,
            1152921504606748672,
            1,
            0
          ]
        },
        "U_decrypt_exact": {
          "all_rows_decrypted": true,
          "exact": true,
          "max_abs_err": 0,
          "l1_err": 0,
          "diff": [
            [
              0,
              0,
              0,
              0
            ],
            [
              0,
              0,
              0,
              0
            ],
            [
              0,
              0,
              0,
              0
            ],
            [
              0,
              0,
              0,
              0
            ]
          ]
        },
        "V_decrypt_exact": {
          "all_rows_decrypted": true,
          "exact": true,
          "max_abs_err": 0,
          "l1_err": 0,
          "diff": [
            [
              0,
              0,
              0,
              0
            ],
            [
              0,
              0,
              0,
              0
            ],
            [
              0,
              0,
              0,
              0
            ],
            [
              0,
              0,
              0,
              0
            ]
          ]
        },
        "U_cmt_trace": {
          "input_plaintext_matrix": [
            [
              1,
              0,
              0,
              0
            ],
            [
              0,
              0,
              0,
              0
            ],
            [
              0,
              0,
              0,
              0
            ],
            [
              0,
              0,
              0,
              0
            ]
          ],
          "output_plaintext_transpose": [
            [
              1,
              0,
              0,
              0
            ],
            [
              0,
              0,
              0,
              0
            ],
            [
              0,
              0,
              0,
              0
            ],
            [
              0,
              0,
              0,
              0
            ]
          ],
          "a_scalar": 7,
          "warning": "debug-only decrypt-transpose-reencrypt oracle"
        },
        "T01_cmt_trace": {
          "input_plaintext_matrix": [
            [
              -6,
              -4,
              6,
              -2
            ],
            [
              -6,
              -4,
              6,
              -2
            ],
            [
              -6,
              -4,
              6,
              -2
            ],
            [
              -6,
              -4,
              6,
              -2
            ]
          ],
          "output_plaintext_transpose": [
            [
              -6,
              -6,
              -6,
              -6
            ],
            [
              -4,
              -4,
              -4,
              -4
            ],
            [
              6,
              6,
              6,
              6
            ],
            [
              -2,
              -2,
              -2,
              -2
            ]
          ],
          "a_scalar": 7,
          "warning": "debug-only decrypt-transpose-reencrypt oracle"
        },
        "T00_cmt_trace": {
          "input_plaintext_matrix": [
            [
              1,
              1,
              -1,
              0
            ],
            [
              1,
              1,
              -1,
              0
            ],
            [
              1,
              1,
              -1,
              0
            ],
            [
              1,
              1,
              -1,
              0
            ]
          ],
          "output_plaintext_transpose": [
            [
              1,
              1,
              1,
              1
            ],
            [
              1,
              1,
              1,
              1
            ],
            [
              -1,
              -1,
              -1,
              -1
            ],
            [
              0,
              0,
              0,
              0
            ]
          ],
          "a_scalar": 7,
          "warning": "debug-only decrypt-transpose-reencrypt oracle"
        },
        "Ahat_export": {
          "part": 1,
          "num_rows": 4,
          "num_towers": 4,
          "ring_dim": 16384,
          "coeff_count": 16384,
          "row0_tower0_coeff_head": [
            7,
            0,
            0,
            0,
            0,
            0,
            0,
            0
          ]
        },
        "Bhat_export": {
          "part": 0,
          "num_rows": 4,
          "num_towers": 4,
          "ring_dim": 16384,
          "coeff_count": 16384,
          "row0_tower0_coeff_head": [
            8,
            8,
            1152921504606748667,
            1,
            0,
            0,
            0,
            0
          ]
        },
        "line5_ks_inputs_summary": {
          "num_rows": 4,
          "consistent_shape": true,
          "expected_parts": 3,
          "expected_towers": 4,
          "expected_ring_dim": 16384,
          "rows": [
            {
              "row_index": 0,
              "encoding_type": 1,
              "num_parts": 3,
              "level": 0,
              "slots": 0
            },
            {
              "row_index": 1,
              "encoding_type": 1,
              "num_parts": 3,
              "level": 0,
              "slots": 0
            },
            {
              "row_index": 2,
              "encoding_type": 1,
              "num_parts": 3,
              "level": 0,
              "slots": 0
            },
            {
              "row_index": 3,
              "encoding_type": 1,
              "num_parts": 3,
              "level": 0,
              "slots": 0
            }
          ]
        },
        "line5_ks_outputs_summary": {
          "num_rows": 4,
          "consistent_shape": true,
          "expected_parts": 2,
          "expected_towers": 4,
          "expected_ring_dim": 16384,
          "rows": [
            {
              "row_index": 0,
              "encoding_type": 1,
              "num_parts": 2,
              "level": 0,
              "slots": 0
            },
            {
              "row_index": 1,
              "encoding_type": 1,
              "num_parts": 2,
              "level": 0,
              "slots": 0
            },
            {
              "row_index": 2,
              "encoding_type": 1,
              "num_parts": 2,
              "level": 0,
              "slots": 0
            },
            {
              "row_index": 3,
              "encoding_type": 1,
              "num_parts": 2,
              "level": 0,
              "slots": 0
            }
          ]
        },
        "line5_rows_summary": {
          "num_rows": 4,
          "consistent_shape": true,
          "expected_parts": 2,
          "expected_towers": 4,
          "expected_ring_dim": 16384,
          "rows": [
            {
              "row_index": 0,
              "encoding_type": 1,
              "num_parts": 2,
              "level": 0,
              "slots": 0
            },
            {
              "row_index": 1,
              "encoding_type": 1,
              "num_parts": 2,
              "level": 0,
              "slots": 0
            },
            {
              "row_index": 2,
              "encoding_type": 1,
              "num_parts": 2,
              "level": 0,
              "slots": 0
            },
            {
              "row_index": 3,
              "encoding_type": 1,
              "num_parts": 2,
              "level": 0,
              "slots": 0
            }
          ]
        },
        "T01_cmt_rows_summary": {
          "num_rows": 4,
          "consistent_shape": true,
          "expected_parts": 2,
          "expected_towers": 4,
          "expected_ring_dim": 16384,
          "rows": [
            {
              "row_index": 0,
              "encoding_type": 1,
              "num_parts": 2,
              "level": 0,
              "slots": 0
            },
            {
              "row_index": 1,
              "encoding_type": 1,
              "num_parts": 2,
              "level": 0,
              "slots": 0
            },
            {
              "row_index": 2,
              "encoding_type": 1,
              "num_parts": 2,
              "level": 0,
              "slots": 0
            },
            {
              "row_index": 3,
              "encoding_type": 1,
              "num_parts": 2,
              "level": 0,
              "slots": 0
            }
          ]
        },
        "M10_M11_pair_rows_summary": {
          "num_rows": 4,
          "consistent_shape": true,
          "expected_parts": 2,
          "expected_towers": 4,
          "expected_ring_dim": 16384,
          "rows": [
            {
              "row_index": 0,
              "encoding_type": 1,
              "num_parts": 2,
              "level": 0,
              "slots": 0
            },
            {
              "row_index": 1,
              "encoding_type": 1,
              "num_parts": 2,
              "level": 0,
              "slots": 0
            },
            {
              "row_index": 2,
              "encoding_type": 1,
              "num_parts": 2,
              "level": 0,
              "slots": 0
            },
            {
              "row_index": 3,
              "encoding_type": 1,
              "num_parts": 2,
              "level": 0,
              "slots": 0
            }
          ]
        },
        "final_rows_summary": {
          "num_rows": 4,
          "consistent_shape": true,
          "expected_parts": 2,
          "expected_towers": 4,
          "expected_ring_dim": 16384,
          "rows": [
            {
              "row_index": 0,
              "encoding_type": 1,
              "num_parts": 2,
              "level": 0,
              "slots": 0
            },
            {
              "row_index": 1,
              "encoding_type": 1,
              "num_parts": 2,
              "level": 0,
              "slots": 0
            },
            {
              "row_index": 2,
              "encoding_type": 1,
              "num_parts": 2,
              "level": 0,
              "slots": 0
            },
            {
              "row_index": 3,
              "encoding_type": 1,
              "num_parts": 2,
              "level": 0,
              "slots": 0
            }
          ]
        }
      },
      "comparisons": {
        "U_matmul_V": {
          "all_rows_decrypted": true,
          "exact": false,
          "max_abs_err": 23,
          "l1_err": 140,
          "diff": [
            [
              1,
              -18,
              7,
              -4
            ],
            [
              3,
              -16,
              9,
              -2
            ],
            [
              -1,
              -20,
              -17,
              8
            ],
            [
              23,
              4,
              -7,
              0
            ]
          ]
        },
        "U_T_matmul_V": {
          "all_rows_decrypted": true,
          "exact": false,
          "max_abs_err": 23,
          "l1_err": 140,
          "diff": [
            [
              1,
              -18,
              7,
              -4
            ],
            [
              3,
              -16,
              9,
              -2
            ],
            [
              -1,
              -20,
              -17,
              8
            ],
            [
              23,
              4,
              -7,
              0
            ]
          ]
        },
        "U_matmul_V_T": {
          "all_rows_decrypted": true,
          "exact": false,
          "max_abs_err": 23,
          "l1_err": 140,
          "diff": [
            [
              1,
              -18,
              7,
              -4
            ],
            [
              3,
              -16,
              9,
              -2
            ],
            [
              -1,
              -20,
              -17,
              8
            ],
            [
              23,
              4,
              -7,
              0
            ]
          ]
        },
        "V_matmul_U": {
          "all_rows_decrypted": true,
          "exact": false,
          "max_abs_err": 23,
          "l1_err": 140,
          "diff": [
            [
              1,
              -18,
              7,
              -4
            ],
            [
              3,
              -16,
              9,
              -2
            ],
            [
              -1,
              -20,
              -17,
              8
            ],
            [
              23,
              4,
              -7,
              0
            ]
          ]
        },
        "V_T_matmul_U": {
          "all_rows_decrypted": true,
          "exact": false,
          "max_abs_err": 23,
          "l1_err": 140,
          "diff": [
            [
              1,
              -18,
              7,
              -4
            ],
            [
              3,
              -16,
              9,
              -2
            ],
            [
              -1,
              -20,
              -17,
              8
            ],
            [
              23,
              4,
              -7,
              0
            ]
          ]
        },
        "U_T_matmul_V_T": {
          "all_rows_decrypted": true,
          "exact": false,
          "max_abs_err": 23,
          "l1_err": 140,
          "diff": [
            [
              1,
              -18,
              7,
              -4
            ],
            [
              3,
              -16,
              9,
              -2
            ],
            [
              -1,
              -20,
              -17,
              8
            ],
            [
              23,
              4,
              -7,
              0
            ]
          ]
        }
      }
    },
    {
      "name": "basis_E01_times_E10",
      "a_scalar": 7,
      "input_U": [
        [
          0,
          1,
          0,
          0
        ],
        [
          0,
          0,
          0,
          0
        ],
        [
          0,
          0,
          0,
          0
        ],
        [
          0,
          0,
          0,
          0
        ]
      ],
      "input_V": [
        [
          0,
          0,
          0,
          0
        ],
        [
          1,
          0,
          0,
          0
        ],
        [
          0,
          0,
          0,
          0
        ],
        [
          0,
          0,
          0,
          0
        ]
      ],
      "references": {
        "U_matmul_V": [
          [
            1,
            0,
            0,
            0
          ],
          [
            0,
            0,
            0,
            0
          ],
          [
            0,
            0,
            0,
            0
          ],
          [
            0,
            0,
            0,
            0
          ]
        ],
        "U_T_matmul_V": [
          [
            0,
            0,
            0,
            0
          ],
          [
            0,
            0,
            0,
            0
          ],
          [
            0,
            0,
            0,
            0
          ],
          [
            0,
            0,
            0,
            0
          ]
        ],
        "U_matmul_V_T": [
          [
            0,
            0,
            0,
            0
          ],
          [
            0,
            0,
            0,
            0
          ],
          [
            0,
            0,
            0,
            0
          ],
          [
            0,
            0,
            0,
            0
          ]
        ],
        "V_matmul_U": [
          [
            0,
            0,
            0,
            0
          ],
          [
            0,
            1,
            0,
            0
          ],
          [
            0,
            0,
            0,
            0
          ],
          [
            0,
            0,
            0,
            0
          ]
        ],
        "V_T_matmul_U": [
          [
            0,
            0,
            0,
            0
          ],
          [
            0,
            0,
            0,
            0
          ],
          [
            0,
            0,
            0,
            0
          ],
          [
            0,
            0,
            0,
            0
          ]
        ],
        "U_T_matmul_V_T": [
          [
            0,
            0,
            0,
            0
          ],
          [
            0,
            1,
            0,
            0
          ],
          [
            0,
            0,
            0,
            0
          ],
          [
            0,
            0,
            0,
            0
          ]
        ]
      },
      "final": {
        "compress_reports": [
          {
            "row_index": 0,
            "ok": true,
            "error": null
          },
          {
            "row_index": 1,
            "ok": true,
            "error": null
          },
          {
            "row_index": 2,
            "ok": true,
            "error": null
          },
          {
            "row_index": 3,
            "ok": true,
            "error": null
          }
        ],
        "decrypt_reports": [
          {
            "row_index": 0,
            "ok": true,
            "error": null
          },
          {
            "row_index": 1,
            "ok": true,
            "error": null
          },
          {
            "row_index": 2,
            "ok": true,
            "error": null
          },
          {
            "row_index": 3,
            "ok": true,
            "error": null
          }
        ],
        "decoded": [
          [
            8,
            -11,
            14,
            3
          ],
          [
            10,
            -9,
            16,
            5
          ],
          [
            -8,
            23,
            -24,
            1
          ],
          [
            23,
            4,
            -7,
            0
          ]
        ]
      },
      "trace": {
        "U_info": {
          "a_scalar": 7,
          "template_ring_dim": 16384,
          "template_num_towers": 4,
          "moduli_u64": [
            1152921504606748673,
            1125899904679937,
            1125899908022273,
            557057
          ],
          "sk_num_towers": 4,
          "sk_coeff_count": 4,
          "sk_tower0_coeffs": [
            1152921504606748672,
            1152921504606748672,
            1,
            0
          ]
        },
        "V_info": {
          "a_scalar": 7,
          "template_ring_dim": 16384,
          "template_num_towers": 4,
          "moduli_u64": [
            1152921504606748673,
            1125899904679937,
            1125899908022273,
            557057
          ],
          "sk_num_towers": 4,
          "sk_coeff_count": 4,
          "sk_tower0_coeffs": [
            1152921504606748672,
            1152921504606748672,
            1,
            0
          ]
        },
        "U_decrypt_exact": {
          "all_rows_decrypted": true,
          "exact": true,
          "max_abs_err": 0,
          "l1_err": 0,
          "diff": [
            [
              0,
              0,
              0,
              0
            ],
            [
              0,
              0,
              0,
              0
            ],
            [
              0,
              0,
              0,
              0
            ],
            [
              0,
              0,
              0,
              0
            ]
          ]
        },
        "V_decrypt_exact": {
          "all_rows_decrypted": true,
          "exact": true,
          "max_abs_err": 0,
          "l1_err": 0,
          "diff": [
            [
              0,
              0,
              0,
              0
            ],
            [
              0,
              0,
              0,
              0
            ],
            [
              0,
              0,
              0,
              0
            ],
            [
              0,
              0,
              0,
              0
            ]
          ]
        },
        "U_cmt_trace": {
          "input_plaintext_matrix": [
            [
              0,
              1,
              0,
              0
            ],
            [
              0,
              0,
              0,
              0
            ],
            [
              0,
              0,
              0,
              0
            ],
            [
              0,
              0,
              0,
              0
            ]
          ],
          "output_plaintext_transpose": [
            [
              0,
              0,
              0,
              0
            ],
            [
              1,
              0,
              0,
              0
            ],
            [
              0,
              0,
              0,
              0
            ],
            [
              0,
              0,
              0,
              0
            ]
          ],
          "a_scalar": 7,
          "warning": "debug-only decrypt-transpose-reencrypt oracle"
        },
        "T01_cmt_trace": {
          "input_plaintext_matrix": [
            [
              1,
              3,
              -1,
              -2
            ],
            [
              1,
              3,
              -1,
              -2
            ],
            [
              1,
              3,
              -1,
              -2
            ],
            [
              1,
              3,
              -1,
              -2
            ]
          ],
          "output_plaintext_transpose": [
            [
              1,
              1,
              1,
              1
            ],
            [
              3,
              3,
              3,
              3
            ],
            [
              -1,
              -1,
              -1,
              -1
            ],
            [
              -2,
              -2,
              -2,
              -2
            ]
          ],
          "a_scalar": 7,
          "warning": "debug-only decrypt-transpose-reencrypt oracle"
        },
        "T00_cmt_trace": {
          "input_plaintext_matrix": [
            [
              1,
              1,
              -1,
              0
            ],
            [
              1,
              1,
              -1,
              0
            ],
            [
              1,
              1,
              -1,
              0
            ],
            [
              1,
              1,
              -1,
              0
            ]
          ],
          "output_plaintext_transpose": [
            [
              1,
              1,
              1,
              1
            ],
            [
              1,
              1,
              1,
              1
            ],
            [
              -1,
              -1,
              -1,
              -1
            ],
            [
              0,
              0,
              0,
              0
            ]
          ],
          "a_scalar": 7,
          "warning": "debug-only decrypt-transpose-reencrypt oracle"
        },
        "Ahat_export": {
          "part": 1,
          "num_rows": 4,
          "num_towers": 4,
          "ring_dim": 16384,
          "coeff_count": 16384,
          "row0_tower0_coeff_head": [
            7,
            0,
            0,
            0,
            0,
            0,
            0,
            0
          ]
        },
        "Bhat_export": {
          "part": 0,
          "num_rows": 4,
          "num_towers": 4,
          "ring_dim": 16384,
          "coeff_count": 16384,
          "row0_tower0_coeff_head": [
            8,
            8,
            1152921504606748667,
            1,
            0,
            0,
            0,
            0
          ]
        },
        "line5_ks_inputs_summary": {
          "num_rows": 4,
          "consistent_shape": true,
          "expected_parts": 3,
          "expected_towers": 4,
          "expected_ring_dim": 16384,
          "rows": [
            {
              "row_index": 0,
              "encoding_type": 1,
              "num_parts": 3,
              "level": 0,
              "slots": 0
            },
            {
              "row_index": 1,
              "encoding_type": 1,
              "num_parts": 3,
              "level": 0,
              "slots": 0
            },
            {
              "row_index": 2,
              "encoding_type": 1,
              "num_parts": 3,
              "level": 0,
              "slots": 0
            },
            {
              "row_index": 3,
              "encoding_type": 1,
              "num_parts": 3,
              "level": 0,
              "slots": 0
            }
          ]
        },
        "line5_ks_outputs_summary": {
          "num_rows": 4,
          "consistent_shape": true,
          "expected_parts": 2,
          "expected_towers": 4,
          "expected_ring_dim": 16384,
          "rows": [
            {
              "row_index": 0,
              "encoding_type": 1,
              "num_parts": 2,
              "level": 0,
              "slots": 0
            },
            {
              "row_index": 1,
              "encoding_type": 1,
              "num_parts": 2,
              "level": 0,
              "slots": 0
            },
            {
              "row_index": 2,
              "encoding_type": 1,
              "num_parts": 2,
              "level": 0,
              "slots": 0
            },
            {
              "row_index": 3,
              "encoding_type": 1,
              "num_parts": 2,
              "level": 0,
              "slots": 0
            }
          ]
        },
        "line5_rows_summary": {
          "num_rows": 4,
          "consistent_shape": true,
          "expected_parts": 2,
          "expected_towers": 4,
          "expected_ring_dim": 16384,
          "rows": [
            {
              "row_index": 0,
              "encoding_type": 1,
              "num_parts": 2,
              "level": 0,
              "slots": 0
            },
            {
              "row_index": 1,
              "encoding_type": 1,
              "num_parts": 2,
              "level": 0,
              "slots": 0
            },
            {
              "row_index": 2,
              "encoding_type": 1,
              "num_parts": 2,
              "level": 0,
              "slots": 0
            },
            {
              "row_index": 3,
              "encoding_type": 1,
              "num_parts": 2,
              "level": 0,
              "slots": 0
            }
          ]
        },
        "T01_cmt_rows_summary": {
          "num_rows": 4,
          "consistent_shape": true,
          "expected_parts": 2,
          "expected_towers": 4,
          "expected_ring_dim": 16384,
          "rows": [
            {
              "row_index": 0,
              "encoding_type": 1,
              "num_parts": 2,
              "level": 0,
              "slots": 0
            },
            {
              "row_index": 1,
              "encoding_type": 1,
              "num_parts": 2,
              "level": 0,
              "slots": 0
            },
            {
              "row_index": 2,
              "encoding_type": 1,
              "num_parts": 2,
              "level": 0,
              "slots": 0
            },
            {
              "row_index": 3,
              "encoding_type": 1,
              "num_parts": 2,
              "level": 0,
              "slots": 0
            }
          ]
        },
        "M10_M11_pair_rows_summary": {
          "num_rows": 4,
          "consistent_shape": true,
          "expected_parts": 2,
          "expected_towers": 4,
          "expected_ring_dim": 16384,
          "rows": [
            {
              "row_index": 0,
              "encoding_type": 1,
              "num_parts": 2,
              "level": 0,
              "slots": 0
            },
            {
              "row_index": 1,
              "encoding_type": 1,
              "num_parts": 2,
              "level": 0,
              "slots": 0
            },
            {
              "row_index": 2,
              "encoding_type": 1,
              "num_parts": 2,
              "level": 0,
              "slots": 0
            },
            {
              "row_index": 3,
              "encoding_type": 1,
              "num_parts": 2,
              "level": 0,
              "slots": 0
            }
          ]
        },
        "final_rows_summary": {
          "num_rows": 4,
          "consistent_shape": true,
          "expected_parts": 2,
          "expected_towers": 4,
          "expected_ring_dim": 16384,
          "rows": [
            {
              "row_index": 0,
              "encoding_type": 1,
              "num_parts": 2,
              "level": 0,
              "slots": 0
            },
            {
              "row_index": 1,
              "encoding_type": 1,
              "num_parts": 2,
              "level": 0,
              "slots": 0
            },
            {
              "row_index": 2,
              "encoding_type": 1,
              "num_parts": 2,
              "level": 0,
              "slots": 0
            },
            {
              "row_index": 3,
              "encoding_type": 1,
              "num_parts": 2,
              "level": 0,
              "slots": 0
            }
          ]
        }
      },
      "comparisons": {
        "U_matmul_V": {
          "all_rows_decrypted": true,
          "exact": false,
          "max_abs_err": 24,
          "l1_err": 165,
          "diff": [
            [
              7,
              -11,
              14,
              3
            ],
            [
              10,
              -9,
              16,
              5
            ],
            [
              -8,
              23,
              -24,
              1
            ],
            [
              23,
              4,
              -7,
              0
            ]
          ]
        },
        "U_T_matmul_V": {
          "all_rows_decrypted": true,
          "exact": false,
          "max_abs_err": 24,
          "l1_err": 166,
          "diff": [
            [
              8,
              -11,
              14,
              3
            ],
            [
              10,
              -9,
              16,
              5
            ],
            [
              -8,
              23,
              -24,
              1
            ],
            [
              23,
              4,
              -7,
              0
            ]
          ]
        },
        "U_matmul_V_T": {
          "all_rows_decrypted": true,
          "exact": false,
          "max_abs_err": 24,
          "l1_err": 166,
          "diff": [
            [
              8,
              -11,
              14,
              3
            ],
            [
              10,
              -9,
              16,
              5
            ],
            [
              -8,
              23,
              -24,
              1
            ],
            [
              23,
              4,
              -7,
              0
            ]
          ]
        },
        "V_matmul_U": {
          "all_rows_decrypted": true,
          "exact": false,
          "max_abs_err": 24,
          "l1_err": 167,
          "diff": [
            [
              8,
              -11,
              14,
              3
            ],
            [
              10,
              -10,
              16,
              5
            ],
            [
              -8,
              23,
              -24,
              1
            ],
            [
              23,
              4,
              -7,
              0
            ]
          ]
        },
        "V_T_matmul_U": {
          "all_rows_decrypted": true,
          "exact": false,
          "max_abs_err": 24,
          "l1_err": 166,
          "diff": [
            [
              8,
              -11,
              14,
              3
            ],
            [
              10,
              -9,
              16,
              5
            ],
            [
              -8,
              23,
              -24,
              1
            ],
            [
              23,
              4,
              -7,
              0
            ]
          ]
        },
        "U_T_matmul_V_T": {
          "all_rows_decrypted": true,
          "exact": false,
          "max_abs_err": 24,
          "l1_err": 167,
          "diff": [
            [
              8,
              -11,
              14,
              3
            ],
            [
              10,
              -10,
              16,
              5
            ],
            [
              -8,
              23,
              -24,
              1
            ],
            [
              23,
              4,
              -7,
              0
            ]
          ]
        }
      }
    },
    {
      "name": "basis_E01_times_E12",
      "a_scalar": 7,
      "input_U": [
        [
          0,
          1,
          0,
          0
        ],
        [
          0,
          0,
          0,
          0
        ],
        [
          0,
          0,
          0,
          0
        ],
        [
          0,
          0,
          0,
          0
        ]
      ],
      "input_V": [
        [
          0,
          0,
          0,
          0
        ],
        [
          0,
          0,
          1,
          0
        ],
        [
          0,
          0,
          0,
          0
        ],
        [
          0,
          0,
          0,
          0
        ]
      ],
      "references": {
        "U_matmul_V": [
          [
            0,
            0,
            1,
            0
          ],
          [
            0,
            0,
            0,
            0
          ],
          [
            0,
            0,
            0,
            0
          ],
          [
            0,
            0,
            0,
            0
          ]
        ],
        "U_T_matmul_V": [
          [
            0,
            0,
            0,
            0
          ],
          [
            0,
            0,
            0,
            0
          ],
          [
            0,
            0,
            0,
            0
          ],
          [
            0,
            0,
            0,
            0
          ]
        ],
        "U_matmul_V_T": [
          [
            0,
            0,
            0,
            0
          ],
          [
            0,
            0,
            0,
            0
          ],
          [
            0,
            0,
            0,
            0
          ],
          [
            0,
            0,
            0,
            0
          ]
        ],
        "V_matmul_U": [
          [
            0,
            0,
            0,
            0
          ],
          [
            0,
            0,
            0,
            0
          ],
          [
            0,
            0,
            0,
            0
          ],
          [
            0,
            0,
            0,
            0
          ]
        ],
        "V_T_matmul_U": [
          [
            0,
            0,
            0,
            0
          ],
          [
            0,
            0,
            0,
            0
          ],
          [
            0,
            0,
            0,
            0
          ],
          [
            0,
            0,
            0,
            0
          ]
        ],
        "U_T_matmul_V_T": [
          [
            0,
            0,
            0,
            0
          ],
          [
            0,
            0,
            0,
            0
          ],
          [
            0,
            0,
            0,
            0
          ],
          [
            0,
            0,
            0,
            0
          ]
        ]
      },
      "final": {
        "compress_reports": [
          {
            "row_index": 0,
            "ok": true,
            "error": null
          },
          {
            "row_index": 1,
            "ok": true,
            "error": null
          },
          {
            "row_index": 2,
            "ok": true,
            "error": null
          },
          {
            "row_index": 3,
            "ok": true,
            "error": null
          }
        ],
        "decrypt_reports": [
          {
            "row_index": 0,
            "ok": true,
            "error": null
          },
          {
            "row_index": 1,
            "ok": true,
            "error": null
          },
          {
            "row_index": 2,
            "ok": true,
            "error": null
          },
          {
            "row_index": 3,
            "ok": true,
            "error": null
          }
        ],
        "decoded": [
          [
            1,
            -11,
            21,
            3
          ],
          [
            3,
            -9,
            23,
            5
          ],
          [
            -15,
            23,
            -17,
            1
          ],
          [
            16,
            4,
            0,
            0
          ]
        ]
      },
      "trace": {
        "U_info": {
          "a_scalar": 7,
          "template_ring_dim": 16384,
          "template_num_towers": 4,
          "moduli_u64": [
            1152921504606748673,
            1125899904679937,
            1125899908022273,
            557057
          ],
          "sk_num_towers": 4,
          "sk_coeff_count": 4,
          "sk_tower0_coeffs": [
            1152921504606748672,
            1152921504606748672,
            1,
            0
          ]
        },
        "V_info": {
          "a_scalar": 7,
          "template_ring_dim": 16384,
          "template_num_towers": 4,
          "moduli_u64": [
            1152921504606748673,
            1125899904679937,
            1125899908022273,
            557057
          ],
          "sk_num_towers": 4,
          "sk_coeff_count": 4,
          "sk_tower0_coeffs": [
            1152921504606748672,
            1152921504606748672,
            1,
            0
          ]
        },
        "U_decrypt_exact": {
          "all_rows_decrypted": true,
          "exact": true,
          "max_abs_err": 0,
          "l1_err": 0,
          "diff": [
            [
              0,
              0,
              0,
              0
            ],
            [
              0,
              0,
              0,
              0
            ],
            [
              0,
              0,
              0,
              0
            ],
            [
              0,
              0,
              0,
              0
            ]
          ]
        },
        "V_decrypt_exact": {
          "all_rows_decrypted": true,
          "exact": true,
          "max_abs_err": 0,
          "l1_err": 0,
          "diff": [
            [
              0,
              0,
              0,
              0
            ],
            [
              0,
              0,
              0,
              0
            ],
            [
              0,
              0,
              0,
              0
            ],
            [
              0,
              0,
              0,
              0
            ]
          ]
        },
        "U_cmt_trace": {
          "input_plaintext_matrix": [
            [
              0,
              1,
              0,
              0
            ],
            [
              0,
              0,
              0,
              0
            ],
            [
              0,
              0,
              0,
              0
            ],
            [
              0,
              0,
              0,
              0
            ]
          ],
          "output_plaintext_transpose": [
            [
              0,
              0,
              0,
              0
            ],
            [
              1,
              0,
              0,
              0
            ],
            [
              0,
              0,
              0,
              0
            ],
            [
              0,
              0,
              0,
              0
            ]
          ],
          "a_scalar": 7,
          "warning": "debug-only decrypt-transpose-reencrypt oracle"
        },
        "T01_cmt_trace": {
          "input_plaintext_matrix": [
            [
              1,
              3,
              -1,
              -2
            ],
            [
              1,
              3,
              -1,
              -2
            ],
            [
              1,
              3,
              -1,
              -2
            ],
            [
              1,
              3,
              -1,
              -2
            ]
          ],
          "output_plaintext_transpose": [
            [
              1,
              1,
              1,
              1
            ],
            [
              3,
              3,
              3,
              3
            ],
            [
              -1,
              -1,
              -1,
              -1
            ],
            [
              -2,
              -2,
              -2,
              -2
            ]
          ],
          "a_scalar": 7,
          "warning": "debug-only decrypt-transpose-reencrypt oracle"
        },
        "T00_cmt_trace": {
          "input_plaintext_matrix": [
            [
              1,
              1,
              -1,
              0
            ],
            [
              1,
              1,
              -1,
              0
            ],
            [
              1,
              1,
              -1,
              0
            ],
            [
              1,
              1,
              -1,
              0
            ]
          ],
          "output_plaintext_transpose": [
            [
              1,
              1,
              1,
              1
            ],
            [
              1,
              1,
              1,
              1
            ],
            [
              -1,
              -1,
              -1,
              -1
            ],
            [
              0,
              0,
              0,
              0
            ]
          ],
          "a_scalar": 7,
          "warning": "debug-only decrypt-transpose-reencrypt oracle"
        },
        "Ahat_export": {
          "part": 1,
          "num_rows": 4,
          "num_towers": 4,
          "ring_dim": 16384,
          "coeff_count": 16384,
          "row0_tower0_coeff_head": [
            7,
            0,
            0,
            0,
            0,
            0,
            0,
            0
          ]
        },
        "Bhat_export": {
          "part": 0,
          "num_rows": 4,
          "num_towers": 4,
          "ring_dim": 16384,
          "coeff_count": 16384,
          "row0_tower0_coeff_head": [
            8,
            8,
            1152921504606748667,
            1,
            0,
            0,
            0,
            0
          ]
        },
        "line5_ks_inputs_summary": {
          "num_rows": 4,
          "consistent_shape": true,
          "expected_parts": 3,
          "expected_towers": 4,
          "expected_ring_dim": 16384,
          "rows": [
            {
              "row_index": 0,
              "encoding_type": 1,
              "num_parts": 3,
              "level": 0,
              "slots": 0
            },
            {
              "row_index": 1,
              "encoding_type": 1,
              "num_parts": 3,
              "level": 0,
              "slots": 0
            },
            {
              "row_index": 2,
              "encoding_type": 1,
              "num_parts": 3,
              "level": 0,
              "slots": 0
            },
            {
              "row_index": 3,
              "encoding_type": 1,
              "num_parts": 3,
              "level": 0,
              "slots": 0
            }
          ]
        },
        "line5_ks_outputs_summary": {
          "num_rows": 4,
          "consistent_shape": true,
          "expected_parts": 2,
          "expected_towers": 4,
          "expected_ring_dim": 16384,
          "rows": [
            {
              "row_index": 0,
              "encoding_type": 1,
              "num_parts": 2,
              "level": 0,
              "slots": 0
            },
            {
              "row_index": 1,
              "encoding_type": 1,
              "num_parts": 2,
              "level": 0,
              "slots": 0
            },
            {
              "row_index": 2,
              "encoding_type": 1,
              "num_parts": 2,
              "level": 0,
              "slots": 0
            },
            {
              "row_index": 3,
              "encoding_type": 1,
              "num_parts": 2,
              "level": 0,
              "slots": 0
            }
          ]
        },
        "line5_rows_summary": {
          "num_rows": 4,
          "consistent_shape": true,
          "expected_parts": 2,
          "expected_towers": 4,
          "expected_ring_dim": 16384,
          "rows": [
            {
              "row_index": 0,
              "encoding_type": 1,
              "num_parts": 2,
              "level": 0,
              "slots": 0
            },
            {
              "row_index": 1,
              "encoding_type": 1,
              "num_parts": 2,
              "level": 0,
              "slots": 0
            },
            {
              "row_index": 2,
              "encoding_type": 1,
              "num_parts": 2,
              "level": 0,
              "slots": 0
            },
            {
              "row_index": 3,
              "encoding_type": 1,
              "num_parts": 2,
              "level": 0,
              "slots": 0
            }
          ]
        },
        "T01_cmt_rows_summary": {
          "num_rows": 4,
          "consistent_shape": true,
          "expected_parts": 2,
          "expected_towers": 4,
          "expected_ring_dim": 16384,
          "rows": [
            {
              "row_index": 0,
              "encoding_type": 1,
              "num_parts": 2,
              "level": 0,
              "slots": 0
            },
            {
              "row_index": 1,
              "encoding_type": 1,
              "num_parts": 2,
              "level": 0,
              "slots": 0
            },
            {
              "row_index": 2,
              "encoding_type": 1,
              "num_parts": 2,
              "level": 0,
              "slots": 0
            },
            {
              "row_index": 3,
              "encoding_type": 1,
              "num_parts": 2,
              "level": 0,
              "slots": 0
            }
          ]
        },
        "M10_M11_pair_rows_summary": {
          "num_rows": 4,
          "consistent_shape": true,
          "expected_parts": 2,
          "expected_towers": 4,
          "expected_ring_dim": 16384,
          "rows": [
            {
              "row_index": 0,
              "encoding_type": 1,
              "num_parts": 2,
              "level": 0,
              "slots": 0
            },
            {
              "row_index": 1,
              "encoding_type": 1,
              "num_parts": 2,
              "level": 0,
              "slots": 0
            },
            {
              "row_index": 2,
              "encoding_type": 1,
              "num_parts": 2,
              "level": 0,
              "slots": 0
            },
            {
              "row_index": 3,
              "encoding_type": 1,
              "num_parts": 2,
              "level": 0,
              "slots": 0
            }
          ]
        },
        "final_rows_summary": {
          "num_rows": 4,
          "consistent_shape": true,
          "expected_parts": 2,
          "expected_towers": 4,
          "expected_ring_dim": 16384,
          "rows": [
            {
              "row_index": 0,
              "encoding_type": 1,
              "num_parts": 2,
              "level": 0,
              "slots": 0
            },
            {
              "row_index": 1,
              "encoding_type": 1,
              "num_parts": 2,
              "level": 0,
              "slots": 0
            },
            {
              "row_index": 2,
              "encoding_type": 1,
              "num_parts": 2,
              "level": 0,
              "slots": 0
            },
            {
              "row_index": 3,
              "encoding_type": 1,
              "num_parts": 2,
              "level": 0,
              "slots": 0
            }
          ]
        }
      },
      "comparisons": {
        "U_matmul_V": {
          "all_rows_decrypted": true,
          "exact": false,
          "max_abs_err": 23,
          "l1_err": 151,
          "diff": [
            [
              1,
              -11,
              20,
              3
            ],
            [
              3,
              -9,
              23,
              5
            ],
            [
              -15,
              23,
              -17,
              1
            ],
            [
              16,
              4,
              0,
              0
            ]
          ]
        },
        "U_T_matmul_V": {
          "all_rows_decrypted": true,
          "exact": false,
          "max_abs_err": 23,
          "l1_err": 152,
          "diff": [
            [
              1,
              -11,
              21,
              3
            ],
            [
              3,
              -9,
              23,
              5
            ],
            [
              -15,
              23,
              -17,
              1
            ],
            [
              16,
              4,
              0,
              0
            ]
          ]
        },
        "U_matmul_V_T": {
          "all_rows_decrypted": true,
          "exact": false,
          "max_abs_err": 23,
          "l1_err": 152,
          "diff": [
            [
              1,
              -11,
              21,
              3
            ],
            [
              3,
              -9,
              23,
              5
            ],
            [
              -15,
              23,
              -17,
              1
            ],
            [
              16,
              4,
              0,
              0
            ]
          ]
        },
        "V_matmul_U": {
          "all_rows_decrypted": true,
          "exact": false,
          "max_abs_err": 23,
          "l1_err": 152,
          "diff": [
            [
              1,
              -11,
              21,
              3
            ],
            [
              3,
              -9,
              23,
              5
            ],
            [
              -15,
              23,
              -17,
              1
            ],
            [
              16,
              4,
              0,
              0
            ]
          ]
        },
        "V_T_matmul_U": {
          "all_rows_decrypted": true,
          "exact": false,
          "max_abs_err": 23,
          "l1_err": 152,
          "diff": [
            [
              1,
              -11,
              21,
              3
            ],
            [
              3,
              -9,
              23,
              5
            ],
            [
              -15,
              23,
              -17,
              1
            ],
            [
              16,
              4,
              0,
              0
            ]
          ]
        },
        "U_T_matmul_V_T": {
          "all_rows_decrypted": true,
          "exact": false,
          "max_abs_err": 23,
          "l1_err": 152,
          "diff": [
            [
              1,
              -11,
              21,
              3
            ],
            [
              3,
              -9,
              23,
              5
            ],
            [
              -15,
              23,
              -17,
              1
            ],
            [
              16,
              4,
              0,
              0
            ]
          ]
        }
      }
    },
    {
      "name": "basis_E23_times_E31",
      "a_scalar": 7,
      "input_U": [
        [
          0,
          0,
          0,
          0
        ],
        [
          0,
          0,
          0,
          0
        ],
        [
          0,
          0,
          0,
          1
        ],
        [
          0,
          0,
          0,
          0
        ]
      ],
      "input_V": [
        [
          0,
          0,
          0,
          0
        ],
        [
          0,
          0,
          0,
          0
        ],
        [
          0,
          0,
          0,
          0
        ],
        [
          0,
          1,
          0,
          0
        ]
      ],
      "references": {
        "U_matmul_V": [
          [
            0,
            0,
            0,
            0
          ],
          [
            0,
            0,
            0,
            0
          ],
          [
            0,
            1,
            0,
            0
          ],
          [
            0,
            0,
            0,
            0
          ]
        ],
        "U_T_matmul_V": [
          [
            0,
            0,
            0,
            0
          ],
          [
            0,
            0,
            0,
            0
          ],
          [
            0,
            0,
            0,
            0
          ],
          [
            0,
            0,
            0,
            0
          ]
        ],
        "U_matmul_V_T": [
          [
            0,
            0,
            0,
            0
          ],
          [
            0,
            0,
            0,
            0
          ],
          [
            0,
            0,
            0,
            0
          ],
          [
            0,
            0,
            0,
            0
          ]
        ],
        "V_matmul_U": [
          [
            0,
            0,
            0,
            0
          ],
          [
            0,
            0,
            0,
            0
          ],
          [
            0,
            0,
            0,
            0
          ],
          [
            0,
            0,
            0,
            0
          ]
        ],
        "V_T_matmul_U": [
          [
            0,
            0,
            0,
            0
          ],
          [
            0,
            0,
            0,
            0
          ],
          [
            0,
            0,
            0,
            0
          ],
          [
            0,
            0,
            0,
            0
          ]
        ],
        "U_T_matmul_V_T": [
          [
            0,
            0,
            0,
            0
          ],
          [
            0,
            0,
            0,
            0
          ],
          [
            0,
            0,
            0,
            0
          ],
          [
            0,
            0,
            0,
            0
          ]
        ]
      },
      "final": {
        "compress_reports": [
          {
            "row_index": 0,
            "ok": true,
            "error": null
          },
          {
            "row_index": 1,
            "ok": true,
            "error": null
          },
          {
            "row_index": 2,
            "ok": true,
            "error": null
          },
          {
            "row_index": 3,
            "ok": true,
            "error": null
          }
        ],
        "decrypt_reports": [
          {
            "row_index": 0,
            "ok": true,
            "error": null
          },
          {
            "row_index": 1,
            "ok": true,
            "error": null
          },
          {
            "row_index": 2,
            "ok": true,
            "error": null
          },
          {
            "row_index": 3,
            "ok": true,
            "error": null
          }
        ],
        "decoded": [
          [
            1,
            -11,
            14,
            3
          ],
          [
            3,
            -9,
            16,
            5
          ],
          [
            -15,
            23,
            -24,
            1
          ],
          [
            16,
            4,
            -7,
            0
          ]
        ]
      },
      "trace": {
        "U_info": {
          "a_scalar": 7,
          "template_ring_dim": 16384,
          "template_num_towers": 4,
          "moduli_u64": [
            1152921504606748673,
            1125899904679937,
            1125899908022273,
            557057
          ],
          "sk_num_towers": 4,
          "sk_coeff_count": 4,
          "sk_tower0_coeffs": [
            1152921504606748672,
            1152921504606748672,
            1,
            0
          ]
        },
        "V_info": {
          "a_scalar": 7,
          "template_ring_dim": 16384,
          "template_num_towers": 4,
          "moduli_u64": [
            1152921504606748673,
            1125899904679937,
            1125899908022273,
            557057
          ],
          "sk_num_towers": 4,
          "sk_coeff_count": 4,
          "sk_tower0_coeffs": [
            1152921504606748672,
            1152921504606748672,
            1,
            0
          ]
        },
        "U_decrypt_exact": {
          "all_rows_decrypted": true,
          "exact": true,
          "max_abs_err": 0,
          "l1_err": 0,
          "diff": [
            [
              0,
              0,
              0,
              0
            ],
            [
              0,
              0,
              0,
              0
            ],
            [
              0,
              0,
              0,
              0
            ],
            [
              0,
              0,
              0,
              0
            ]
          ]
        },
        "V_decrypt_exact": {
          "all_rows_decrypted": true,
          "exact": true,
          "max_abs_err": 0,
          "l1_err": 0,
          "diff": [
            [
              0,
              0,
              0,
              0
            ],
            [
              0,
              0,
              0,
              0
            ],
            [
              0,
              0,
              0,
              0
            ],
            [
              0,
              0,
              0,
              0
            ]
          ]
        },
        "U_cmt_trace": {
          "input_plaintext_matrix": [
            [
              0,
              0,
              0,
              0
            ],
            [
              0,
              0,
              0,
              0
            ],
            [
              0,
              0,
              0,
              1
            ],
            [
              0,
              0,
              0,
              0
            ]
          ],
          "output_plaintext_transpose": [
            [
              0,
              0,
              0,
              0
            ],
            [
              0,
              0,
              0,
              0
            ],
            [
              0,
              0,
              0,
              0
            ],
            [
              0,
              0,
              1,
              0
            ]
          ],
          "a_scalar": 7,
          "warning": "debug-only decrypt-transpose-reencrypt oracle"
        },
        "T01_cmt_trace": {
          "input_plaintext_matrix": [
            [
              1,
              3,
              -1,
              -2
            ],
            [
              1,
              3,
              -1,
              -2
            ],
            [
              1,
              3,
              -1,
              -2
            ],
            [
              1,
              3,
              -1,
              -2
            ]
          ],
          "output_plaintext_transpose": [
            [
              1,
              1,
              1,
              1
            ],
            [
              3,
              3,
              3,
              3
            ],
            [
              -1,
              -1,
              -1,
              -1
            ],
            [
              -2,
              -2,
              -2,
              -2
            ]
          ],
          "a_scalar": 7,
          "warning": "debug-only decrypt-transpose-reencrypt oracle"
        },
        "T00_cmt_trace": {
          "input_plaintext_matrix": [
            [
              1,
              1,
              -1,
              0
            ],
            [
              1,
              1,
              -1,
              0
            ],
            [
              1,
              1,
              -1,
              0
            ],
            [
              1,
              1,
              -1,
              0
            ]
          ],
          "output_plaintext_transpose": [
            [
              1,
              1,
              1,
              1
            ],
            [
              1,
              1,
              1,
              1
            ],
            [
              -1,
              -1,
              -1,
              -1
            ],
            [
              0,
              0,
              0,
              0
            ]
          ],
          "a_scalar": 7,
          "warning": "debug-only decrypt-transpose-reencrypt oracle"
        },
        "Ahat_export": {
          "part": 1,
          "num_rows": 4,
          "num_towers": 4,
          "ring_dim": 16384,
          "coeff_count": 16384,
          "row0_tower0_coeff_head": [
            7,
            0,
            0,
            0,
            0,
            0,
            0,
            0
          ]
        },
        "Bhat_export": {
          "part": 0,
          "num_rows": 4,
          "num_towers": 4,
          "ring_dim": 16384,
          "coeff_count": 16384,
          "row0_tower0_coeff_head": [
            8,
            8,
            1152921504606748667,
            1,
            0,
            0,
            0,
            0
          ]
        },
        "line5_ks_inputs_summary": {
          "num_rows": 4,
          "consistent_shape": true,
          "expected_parts": 3,
          "expected_towers": 4,
          "expected_ring_dim": 16384,
          "rows": [
            {
              "row_index": 0,
              "encoding_type": 1,
              "num_parts": 3,
              "level": 0,
              "slots": 0
            },
            {
              "row_index": 1,
              "encoding_type": 1,
              "num_parts": 3,
              "level": 0,
              "slots": 0
            },
            {
              "row_index": 2,
              "encoding_type": 1,
              "num_parts": 3,
              "level": 0,
              "slots": 0
            },
            {
              "row_index": 3,
              "encoding_type": 1,
              "num_parts": 3,
              "level": 0,
              "slots": 0
            }
          ]
        },
        "line5_ks_outputs_summary": {
          "num_rows": 4,
          "consistent_shape": true,
          "expected_parts": 2,
          "expected_towers": 4,
          "expected_ring_dim": 16384,
          "rows": [
            {
              "row_index": 0,
              "encoding_type": 1,
              "num_parts": 2,
              "level": 0,
              "slots": 0
            },
            {
              "row_index": 1,
              "encoding_type": 1,
              "num_parts": 2,
              "level": 0,
              "slots": 0
            },
            {
              "row_index": 2,
              "encoding_type": 1,
              "num_parts": 2,
              "level": 0,
              "slots": 0
            },
            {
              "row_index": 3,
              "encoding_type": 1,
              "num_parts": 2,
              "level": 0,
              "slots": 0
            }
          ]
        },
        "line5_rows_summary": {
          "num_rows": 4,
          "consistent_shape": true,
          "expected_parts": 2,
          "expected_towers": 4,
          "expected_ring_dim": 16384,
          "rows": [
            {
              "row_index": 0,
              "encoding_type": 1,
              "num_parts": 2,
              "level": 0,
              "slots": 0
            },
            {
              "row_index": 1,
              "encoding_type": 1,
              "num_parts": 2,
              "level": 0,
              "slots": 0
            },
            {
              "row_index": 2,
              "encoding_type": 1,
              "num_parts": 2,
              "level": 0,
              "slots": 0
            },
            {
              "row_index": 3,
              "encoding_type": 1,
              "num_parts": 2,
              "level": 0,
              "slots": 0
            }
          ]
        },
        "T01_cmt_rows_summary": {
          "num_rows": 4,
          "consistent_shape": true,
          "expected_parts": 2,
          "expected_towers": 4,
          "expected_ring_dim": 16384,
          "rows": [
            {
              "row_index": 0,
              "encoding_type": 1,
              "num_parts": 2,
              "level": 0,
              "slots": 0
            },
            {
              "row_index": 1,
              "encoding_type": 1,
              "num_parts": 2,
              "level": 0,
              "slots": 0
            },
            {
              "row_index": 2,
              "encoding_type": 1,
              "num_parts": 2,
              "level": 0,
              "slots": 0
            },
            {
              "row_index": 3,
              "encoding_type": 1,
              "num_parts": 2,
              "level": 0,
              "slots": 0
            }
          ]
        },
        "M10_M11_pair_rows_summary": {
          "num_rows": 4,
          "consistent_shape": true,
          "expected_parts": 2,
          "expected_towers": 4,
          "expected_ring_dim": 16384,
          "rows": [
            {
              "row_index": 0,
              "encoding_type": 1,
              "num_parts": 2,
              "level": 0,
              "slots": 0
            },
            {
              "row_index": 1,
              "encoding_type": 1,
              "num_parts": 2,
              "level": 0,
              "slots": 0
            },
            {
              "row_index": 2,
              "encoding_type": 1,
              "num_parts": 2,
              "level": 0,
              "slots": 0
            },
            {
              "row_index": 3,
              "encoding_type": 1,
              "num_parts": 2,
              "level": 0,
              "slots": 0
            }
          ]
        },
        "final_rows_summary": {
          "num_rows": 4,
          "consistent_shape": true,
          "expected_parts": 2,
          "expected_towers": 4,
          "expected_ring_dim": 16384,
          "rows": [
            {
              "row_index": 0,
              "encoding_type": 1,
              "num_parts": 2,
              "level": 0,
              "slots": 0
            },
            {
              "row_index": 1,
              "encoding_type": 1,
              "num_parts": 2,
              "level": 0,
              "slots": 0
            },
            {
              "row_index": 2,
              "encoding_type": 1,
              "num_parts": 2,
              "level": 0,
              "slots": 0
            },
            {
              "row_index": 3,
              "encoding_type": 1,
              "num_parts": 2,
              "level": 0,
              "slots": 0
            }
          ]
        }
      },
      "comparisons": {
        "U_matmul_V": {
          "all_rows_decrypted": true,
          "exact": false,
          "max_abs_err": 24,
          "l1_err": 151,
          "diff": [
            [
              1,
              -11,
              14,
              3
            ],
            [
              3,
              -9,
              16,
              5
            ],
            [
              -15,
              22,
              -24,
              1
            ],
            [
              16,
              4,
              -7,
              0
            ]
          ]
        },
        "U_T_matmul_V": {
          "all_rows_decrypted": true,
          "exact": false,
          "max_abs_err": 24,
          "l1_err": 152,
          "diff": [
            [
              1,
              -11,
              14,
              3
            ],
            [
              3,
              -9,
              16,
              5
            ],
            [
              -15,
              23,
              -24,
              1
            ],
            [
              16,
              4,
              -7,
              0
            ]
          ]
        },
        "U_matmul_V_T": {
          "all_rows_decrypted": true,
          "exact": false,
          "max_abs_err": 24,
          "l1_err": 152,
          "diff": [
            [
              1,
              -11,
              14,
              3
            ],
            [
              3,
              -9,
              16,
              5
            ],
            [
              -15,
              23,
              -24,
              1
            ],
            [
              16,
              4,
              -7,
              0
            ]
          ]
        },
        "V_matmul_U": {
          "all_rows_decrypted": true,
          "exact": false,
          "max_abs_err": 24,
          "l1_err": 152,
          "diff": [
            [
              1,
              -11,
              14,
              3
            ],
            [
              3,
              -9,
              16,
              5
            ],
            [
              -15,
              23,
              -24,
              1
            ],
            [
              16,
              4,
              -7,
              0
            ]
          ]
        },
        "V_T_matmul_U": {
          "all_rows_decrypted": true,
          "exact": false,
          "max_abs_err": 24,
          "l1_err": 152,
          "diff": [
            [
              1,
              -11,
              14,
              3
            ],
            [
              3,
              -9,
              16,
              5
            ],
            [
              -15,
              23,
              -24,
              1
            ],
            [
              16,
              4,
              -7,
              0
            ]
          ]
        },
        "U_T_matmul_V_T": {
          "all_rows_decrypted": true,
          "exact": false,
          "max_abs_err": 24,
          "l1_err": 152,
          "diff": [
            [
              1,
              -11,
              14,
              3
            ],
            [
              3,
              -9,
              16,
              5
            ],
            [
              -15,
              23,
              -24,
              1
            ],
            [
              16,
              4,
              -7,
              0
            ]
          ]
        }
      }
    },
    {
      "name": "identity_times_random_small",
      "a_scalar": 7,
      "input_U": [
        [
          1,
          0,
          0,
          0
        ],
        [
          0,
          1,
          0,
          0
        ],
        [
          0,
          0,
          1,
          0
        ],
        [
          0,
          0,
          0,
          1
        ]
      ],
      "input_V": [
        [
          -1,
          1,
          2,
          -2
        ],
        [
          -2,
          2,
          0,
          -2
        ],
        [
          -2,
          -1,
          -1,
          1
        ],
        [
          -2,
          0,
          -1,
          0
        ]
      ],
      "references": {
        "U_matmul_V": [
          [
            -1,
            1,
            2,
            -2
          ],
          [
            -2,
            2,
            0,
            -2
          ],
          [
            -2,
            -1,
            -1,
            1
          ],
          [
            -2,
            0,
            -1,
            0
          ]
        ],
        "U_T_matmul_V": [
          [
            -1,
            1,
            2,
            -2
          ],
          [
            -2,
            2,
            0,
            -2
          ],
          [
            -2,
            -1,
            -1,
            1
          ],
          [
            -2,
            0,
            -1,
            0
          ]
        ],
        "U_matmul_V_T": [
          [
            -1,
            -2,
            -2,
            -2
          ],
          [
            1,
            2,
            -1,
            0
          ],
          [
            2,
            0,
            -1,
            -1
          ],
          [
            -2,
            -2,
            1,
            0
          ]
        ],
        "V_matmul_U": [
          [
            -1,
            1,
            2,
            -2
          ],
          [
            -2,
            2,
            0,
            -2
          ],
          [
            -2,
            -1,
            -1,
            1
          ],
          [
            -2,
            0,
            -1,
            0
          ]
        ],
        "V_T_matmul_U": [
          [
            -1,
            -2,
            -2,
            -2
          ],
          [
            1,
            2,
            -1,
            0
          ],
          [
            2,
            0,
            -1,
            -1
          ],
          [
            -2,
            -2,
            1,
            0
          ]
        ],
        "U_T_matmul_V_T": [
          [
            -1,
            -2,
            -2,
            -2
          ],
          [
            1,
            2,
            -1,
            0
          ],
          [
            2,
            0,
            -1,
            -1
          ],
          [
            -2,
            -2,
            1,
            0
          ]
        ]
      },
      "final": {
        "compress_reports": [
          {
            "row_index": 0,
            "ok": true,
            "error": null
          },
          {
            "row_index": 1,
            "ok": true,
            "error": null
          },
          {
            "row_index": 2,
            "ok": true,
            "error": null
          },
          {
            "row_index": 3,
            "ok": true,
            "error": null
          }
        ],
        "decrypt_reports": [
          {
            "row_index": 0,
            "ok": true,
            "error": null
          },
          {
            "row_index": 1,
            "ok": true,
            "error": null
          },
          {
            "row_index": 2,
            "ok": true,
            "error": null
          },
          {
            "row_index": 3,
            "ok": true,
            "error": null
          }
        ],
        "decoded": [
          [
            7,
            -18,
            1,
            -20
          ],
          [
            -6,
            21,
            -13,
            18
          ],
          [
            -16,
            8,
            4,
            25
          ],
          [
            14,
            -11,
            20,
            22
          ]
        ]
      },
      "trace": {
        "U_info": {
          "a_scalar": 7,
          "template_ring_dim": 16384,
          "template_num_towers": 4,
          "moduli_u64": [
            1152921504606748673,
            1125899904679937,
            1125899908022273,
            557057
          ],
          "sk_num_towers": 4,
          "sk_coeff_count": 4,
          "sk_tower0_coeffs": [
            1152921504606748672,
            1152921504606748672,
            1,
            0
          ]
        },
        "V_info": {
          "a_scalar": 7,
          "template_ring_dim": 16384,
          "template_num_towers": 4,
          "moduli_u64": [
            1152921504606748673,
            1125899904679937,
            1125899908022273,
            557057
          ],
          "sk_num_towers": 4,
          "sk_coeff_count": 4,
          "sk_tower0_coeffs": [
            1152921504606748672,
            1152921504606748672,
            1,
            0
          ]
        },
        "U_decrypt_exact": {
          "all_rows_decrypted": true,
          "exact": true,
          "max_abs_err": 0,
          "l1_err": 0,
          "diff": [
            [
              0,
              0,
              0,
              0
            ],
            [
              0,
              0,
              0,
              0
            ],
            [
              0,
              0,
              0,
              0
            ],
            [
              0,
              0,
              0,
              0
            ]
          ]
        },
        "V_decrypt_exact": {
          "all_rows_decrypted": true,
          "exact": true,
          "max_abs_err": 0,
          "l1_err": 0,
          "diff": [
            [
              0,
              0,
              0,
              0
            ],
            [
              0,
              0,
              0,
              0
            ],
            [
              0,
              0,
              0,
              0
            ],
            [
              0,
              0,
              0,
              0
            ]
          ]
        },
        "U_cmt_trace": {
          "input_plaintext_matrix": [
            [
              1,
              0,
              0,
              0
            ],
            [
              0,
              1,
              0,
              0
            ],
            [
              0,
              0,
              1,
              0
            ],
            [
              0,
              0,
              0,
              1
            ]
          ],
          "output_plaintext_transpose": [
            [
              1,
              0,
              0,
              0
            ],
            [
              0,
              1,
              0,
              0
            ],
            [
              0,
              0,
              1,
              0
            ],
            [
              0,
              0,
              0,
              1
            ]
          ],
          "a_scalar": 7,
          "warning": "debug-only decrypt-transpose-reencrypt oracle"
        },
        "T01_cmt_trace": {
          "input_plaintext_matrix": [
            [
              15,
              3,
              7,
              5
            ],
            [
              15,
              3,
              7,
              5
            ],
            [
              15,
              3,
              7,
              5
            ],
            [
              15,
              3,
              7,
              5
            ]
          ],
          "output_plaintext_transpose": [
            [
              15,
              15,
              15,
              15
            ],
            [
              3,
              3,
              3,
              3
            ],
            [
              7,
              7,
              7,
              7
            ],
            [
              5,
              5,
              5,
              5
            ]
          ],
          "a_scalar": 7,
          "warning": "debug-only decrypt-transpose-reencrypt oracle"
        },
        "T00_cmt_trace": {
          "input_plaintext_matrix": [
            [
              1,
              1,
              -1,
              0
            ],
            [
              1,
              1,
              -1,
              0
            ],
            [
              1,
              1,
              -1,
              0
            ],
            [
              1,
              1,
              -1,
              0
            ]
          ],
          "output_plaintext_transpose": [
            [
              1,
              1,
              1,
              1
            ],
            [
              1,
              1,
              1,
              1
            ],
            [
              -1,
              -1,
              -1,
              -1
            ],
            [
              0,
              0,
              0,
              0
            ]
          ],
          "a_scalar": 7,
          "warning": "debug-only decrypt-transpose-reencrypt oracle"
        },
        "Ahat_export": {
          "part": 1,
          "num_rows": 4,
          "num_towers": 4,
          "ring_dim": 16384,
          "coeff_count": 16384,
          "row0_tower0_coeff_head": [
            7,
            0,
            0,
            0,
            0,
            0,
            0,
            0
          ]
        },
        "Bhat_export": {
          "part": 0,
          "num_rows": 4,
          "num_towers": 4,
          "ring_dim": 16384,
          "coeff_count": 16384,
          "row0_tower0_coeff_head": [
            8,
            8,
            1152921504606748667,
            1,
            0,
            0,
            0,
            0
          ]
        },
        "line5_ks_inputs_summary": {
          "num_rows": 4,
          "consistent_shape": true,
          "expected_parts": 3,
          "expected_towers": 4,
          "expected_ring_dim": 16384,
          "rows": [
            {
              "row_index": 0,
              "encoding_type": 1,
              "num_parts": 3,
              "level": 0,
              "slots": 0
            },
            {
              "row_index": 1,
              "encoding_type": 1,
              "num_parts": 3,
              "level": 0,
              "slots": 0
            },
            {
              "row_index": 2,
              "encoding_type": 1,
              "num_parts": 3,
              "level": 0,
              "slots": 0
            },
            {
              "row_index": 3,
              "encoding_type": 1,
              "num_parts": 3,
              "level": 0,
              "slots": 0
            }
          ]
        },
        "line5_ks_outputs_summary": {
          "num_rows": 4,
          "consistent_shape": true,
          "expected_parts": 2,
          "expected_towers": 4,
          "expected_ring_dim": 16384,
          "rows": [
            {
              "row_index": 0,
              "encoding_type": 1,
              "num_parts": 2,
              "level": 0,
              "slots": 0
            },
            {
              "row_index": 1,
              "encoding_type": 1,
              "num_parts": 2,
              "level": 0,
              "slots": 0
            },
            {
              "row_index": 2,
              "encoding_type": 1,
              "num_parts": 2,
              "level": 0,
              "slots": 0
            },
            {
              "row_index": 3,
              "encoding_type": 1,
              "num_parts": 2,
              "level": 0,
              "slots": 0
            }
          ]
        },
        "line5_rows_summary": {
          "num_rows": 4,
          "consistent_shape": true,
          "expected_parts": 2,
          "expected_towers": 4,
          "expected_ring_dim": 16384,
          "rows": [
            {
              "row_index": 0,
              "encoding_type": 1,
              "num_parts": 2,
              "level": 0,
              "slots": 0
            },
            {
              "row_index": 1,
              "encoding_type": 1,
              "num_parts": 2,
              "level": 0,
              "slots": 0
            },
            {
              "row_index": 2,
              "encoding_type": 1,
              "num_parts": 2,
              "level": 0,
              "slots": 0
            },
            {
              "row_index": 3,
              "encoding_type": 1,
              "num_parts": 2,
              "level": 0,
              "slots": 0
            }
          ]
        },
        "T01_cmt_rows_summary": {
          "num_rows": 4,
          "consistent_shape": true,
          "expected_parts": 2,
          "expected_towers": 4,
          "expected_ring_dim": 16384,
          "rows": [
            {
              "row_index": 0,
              "encoding_type": 1,
              "num_parts": 2,
              "level": 0,
              "slots": 0
            },
            {
              "row_index": 1,
              "encoding_type": 1,
              "num_parts": 2,
              "level": 0,
              "slots": 0
            },
            {
              "row_index": 2,
              "encoding_type": 1,
              "num_parts": 2,
              "level": 0,
              "slots": 0
            },
            {
              "row_index": 3,
              "encoding_type": 1,
              "num_parts": 2,
              "level": 0,
              "slots": 0
            }
          ]
        },
        "M10_M11_pair_rows_summary": {
          "num_rows": 4,
          "consistent_shape": true,
          "expected_parts": 2,
          "expected_towers": 4,
          "expected_ring_dim": 16384,
          "rows": [
            {
              "row_index": 0,
              "encoding_type": 1,
              "num_parts": 2,
              "level": 0,
              "slots": 0
            },
            {
              "row_index": 1,
              "encoding_type": 1,
              "num_parts": 2,
              "level": 0,
              "slots": 0
            },
            {
              "row_index": 2,
              "encoding_type": 1,
              "num_parts": 2,
              "level": 0,
              "slots": 0
            },
            {
              "row_index": 3,
              "encoding_type": 1,
              "num_parts": 2,
              "level": 0,
              "slots": 0
            }
          ]
        },
        "final_rows_summary": {
          "num_rows": 4,
          "consistent_shape": true,
          "expected_parts": 2,
          "expected_towers": 4,
          "expected_ring_dim": 16384,
          "rows": [
            {
              "row_index": 0,
              "encoding_type": 1,
              "num_parts": 2,
              "level": 0,
              "slots": 0
            },
            {
              "row_index": 1,
              "encoding_type": 1,
              "num_parts": 2,
              "level": 0,
              "slots": 0
            },
            {
              "row_index": 2,
              "encoding_type": 1,
              "num_parts": 2,
              "level": 0,
              "slots": 0
            },
            {
              "row_index": 3,
              "encoding_type": 1,
              "num_parts": 2,
              "level": 0,
              "slots": 0
            }
          ]
        }
      },
      "comparisons": {
        "U_matmul_V": {
          "all_rows_decrypted": true,
          "exact": false,
          "max_abs_err": 24,
          "l1_err": 224,
          "diff": [
            [
              8,
              -19,
              -1,
              -18
            ],
            [
              -4,
              19,
              -13,
              20
            ],
            [
              -14,
              9,
              5,
              24
            ],
            [
              16,
              -11,
              21,
              22
            ]
          ]
        },
        "U_T_matmul_V": {
          "all_rows_decrypted": true,
          "exact": false,
          "max_abs_err": 24,
          "l1_err": 224,
          "diff": [
            [
              8,
              -19,
              -1,
              -18
            ],
            [
              -4,
              19,
              -13,
              20
            ],
            [
              -14,
              9,
              5,
              24
            ],
            [
              16,
              -11,
              21,
              22
            ]
          ]
        },
        "U_matmul_V_T": {
          "all_rows_decrypted": true,
          "exact": false,
          "max_abs_err": 26,
          "l1_err": 224,
          "diff": [
            [
              8,
              -16,
              3,
              -18
            ],
            [
              -7,
              19,
              -12,
              18
            ],
            [
              -18,
              8,
              5,
              26
            ],
            [
              16,
              -9,
              19,
              22
            ]
          ]
        },
        "V_matmul_U": {
          "all_rows_decrypted": true,
          "exact": false,
          "max_abs_err": 24,
          "l1_err": 224,
          "diff": [
            [
              8,
              -19,
              -1,
              -18
            ],
            [
              -4,
              19,
              -13,
              20
            ],
            [
              -14,
              9,
              5,
              24
            ],
            [
              16,
              -11,
              21,
              22
            ]
          ]
        },
        "V_T_matmul_U": {
          "all_rows_decrypted": true,
          "exact": false,
          "max_abs_err": 26,
          "l1_err": 224,
          "diff": [
            [
              8,
              -16,
              3,
              -18
            ],
            [
              -7,
              19,
              -12,
              18
            ],
            [
              -18,
              8,
              5,
              26
            ],
            [
              16,
              -9,
              19,
              22
            ]
          ]
        },
        "U_T_matmul_V_T": {
          "all_rows_decrypted": true,
          "exact": false,
          "max_abs_err": 26,
          "l1_err": 224,
          "diff": [
            [
              8,
              -16,
              3,
              -18
            ],
            [
              -7,
              19,
              -12,
              18
            ],
            [
              -18,
              8,
              5,
              26
            ],
            [
              16,
              -9,
              19,
              22
            ]
          ]
        }
      }
    },
    {
      "name": "random_small_times_identity",
      "a_scalar": 7,
      "input_U": [
        [
          0,
          -1,
          1,
          -1
        ],
        [
          0,
          -1,
          -2,
          0
        ],
        [
          0,
          0,
          2,
          0
        ],
        [
          -1,
          -1,
          0,
          2
        ]
      ],
      "input_V": [
        [
          1,
          0,
          0,
          0
        ],
        [
          0,
          1,
          0,
          0
        ],
        [
          0,
          0,
          1,
          0
        ],
        [
          0,
          0,
          0,
          1
        ]
      ],
      "references": {
        "U_matmul_V": [
          [
            0,
            -1,
            1,
            -1
          ],
          [
            0,
            -1,
            -2,
            0
          ],
          [
            0,
            0,
            2,
            0
          ],
          [
            -1,
            -1,
            0,
            2
          ]
        ],
        "U_T_matmul_V": [
          [
            0,
            0,
            0,
            -1
          ],
          [
            -1,
            -1,
            0,
            -1
          ],
          [
            1,
            -2,
            2,
            0
          ],
          [
            -1,
            0,
            0,
            2
          ]
        ],
        "U_matmul_V_T": [
          [
            0,
            -1,
            1,
            -1
          ],
          [
            0,
            -1,
            -2,
            0
          ],
          [
            0,
            0,
            2,
            0
          ],
          [
            -1,
            -1,
            0,
            2
          ]
        ],
        "V_matmul_U": [
          [
            0,
            -1,
            1,
            -1
          ],
          [
            0,
            -1,
            -2,
            0
          ],
          [
            0,
            0,
            2,
            0
          ],
          [
            -1,
            -1,
            0,
            2
          ]
        ],
        "V_T_matmul_U": [
          [
            0,
            -1,
            1,
            -1
          ],
          [
            0,
            -1,
            -2,
            0
          ],
          [
            0,
            0,
            2,
            0
          ],
          [
            -1,
            -1,
            0,
            2
          ]
        ],
        "U_T_matmul_V_T": [
          [
            0,
            0,
            0,
            -1
          ],
          [
            -1,
            -1,
            0,
            -1
          ],
          [
            1,
            -2,
            2,
            0
          ],
          [
            -1,
            0,
            0,
            2
          ]
        ]
      },
      "final": {
        "compress_reports": [
          {
            "row_index": 0,
            "ok": true,
            "error": null
          },
          {
            "row_index": 1,
            "ok": true,
            "error": null
          },
          {
            "row_index": 2,
            "ok": true,
            "error": null
          },
          {
            "row_index": 3,
            "ok": true,
            "error": null
          }
        ],
        "decrypt_reports": [
          {
            "row_index": 0,
            "ok": true,
            "error": null
          },
          {
            "row_index": 1,
            "ok": true,
            "error": null
          },
          {
            "row_index": 2,
            "ok": true,
            "error": null
          },
          {
            "row_index": 3,
            "ok": true,
            "error": null
          }
        ],
        "decoded": [
          [
            1,
            -11,
            0,
            -5
          ],
          [
            2,
            -10,
            2,
            -3
          ],
          [
            0,
            -15,
            -22,
            8
          ],
          [
            22,
            11,
            -14,
            2
          ]
        ]
      },
      "trace": {
        "U_info": {
          "a_scalar": 7,
          "template_ring_dim": 16384,
          "template_num_towers": 4,
          "moduli_u64": [
            1152921504606748673,
            1125899904679937,
            1125899908022273,
            557057
          ],
          "sk_num_towers": 4,
          "sk_coeff_count": 4,
          "sk_tower0_coeffs": [
            1152921504606748672,
            1152921504606748672,
            1,
            0
          ]
        },
        "V_info": {
          "a_scalar": 7,
          "template_ring_dim": 16384,
          "template_num_towers": 4,
          "moduli_u64": [
            1152921504606748673,
            1125899904679937,
            1125899908022273,
            557057
          ],
          "sk_num_towers": 4,
          "sk_coeff_count": 4,
          "sk_tower0_coeffs": [
            1152921504606748672,
            1152921504606748672,
            1,
            0
          ]
        },
        "U_decrypt_exact": {
          "all_rows_decrypted": true,
          "exact": true,
          "max_abs_err": 0,
          "l1_err": 0,
          "diff": [
            [
              0,
              0,
              0,
              0
            ],
            [
              0,
              0,
              0,
              0
            ],
            [
              0,
              0,
              0,
              0
            ],
            [
              0,
              0,
              0,
              0
            ]
          ]
        },
        "V_decrypt_exact": {
          "all_rows_decrypted": true,
          "exact": true,
          "max_abs_err": 0,
          "l1_err": 0,
          "diff": [
            [
              0,
              0,
              0,
              0
            ],
            [
              0,
              0,
              0,
              0
            ],
            [
              0,
              0,
              0,
              0
            ],
            [
              0,
              0,
              0,
              0
            ]
          ]
        },
        "U_cmt_trace": {
          "input_plaintext_matrix": [
            [
              0,
              -1,
              1,
              -1
            ],
            [
              0,
              -1,
              -2,
              0
            ],
            [
              0,
              0,
              2,
              0
            ],
            [
              -1,
              -1,
              0,
              2
            ]
          ],
          "output_plaintext_transpose": [
            [
              0,
              0,
              0,
              -1
            ],
            [
              -1,
              -1,
              0,
              -1
            ],
            [
              1,
              -2,
              2,
              0
            ],
            [
              -1,
              0,
              0,
              2
            ]
          ],
          "a_scalar": 7,
          "warning": "debug-only decrypt-transpose-reencrypt oracle"
        },
        "T01_cmt_trace": {
          "input_plaintext_matrix": [
            [
              -6,
              -4,
              6,
              -2
            ],
            [
              -6,
              -4,
              6,
              -2
            ],
            [
              -6,
              -4,
              6,
              -2
            ],
            [
              -6,
              -4,
              6,
              -2
            ]
          ],
          "output_plaintext_transpose": [
            [
              -6,
              -6,
              -6,
              -6
            ],
            [
              -4,
              -4,
              -4,
              -4
            ],
            [
              6,
              6,
              6,
              6
            ],
            [
              -2,
              -2,
              -2,
              -2
            ]
          ],
          "a_scalar": 7,
          "warning": "debug-only decrypt-transpose-reencrypt oracle"
        },
        "T00_cmt_trace": {
          "input_plaintext_matrix": [
            [
              1,
              1,
              -1,
              0
            ],
            [
              1,
              1,
              -1,
              0
            ],
            [
              1,
              1,
              -1,
              0
            ],
            [
              1,
              1,
              -1,
              0
            ]
          ],
          "output_plaintext_transpose": [
            [
              1,
              1,
              1,
              1
            ],
            [
              1,
              1,
              1,
              1
            ],
            [
              -1,
              -1,
              -1,
              -1
            ],
            [
              0,
              0,
              0,
              0
            ]
          ],
          "a_scalar": 7,
          "warning": "debug-only decrypt-transpose-reencrypt oracle"
        },
        "Ahat_export": {
          "part": 1,
          "num_rows": 4,
          "num_towers": 4,
          "ring_dim": 16384,
          "coeff_count": 16384,
          "row0_tower0_coeff_head": [
            7,
            0,
            0,
            0,
            0,
            0,
            0,
            0
          ]
        },
        "Bhat_export": {
          "part": 0,
          "num_rows": 4,
          "num_towers": 4,
          "ring_dim": 16384,
          "coeff_count": 16384,
          "row0_tower0_coeff_head": [
            8,
            8,
            1152921504606748667,
            1,
            0,
            0,
            0,
            0
          ]
        },
        "line5_ks_inputs_summary": {
          "num_rows": 4,
          "consistent_shape": true,
          "expected_parts": 3,
          "expected_towers": 4,
          "expected_ring_dim": 16384,
          "rows": [
            {
              "row_index": 0,
              "encoding_type": 1,
              "num_parts": 3,
              "level": 0,
              "slots": 0
            },
            {
              "row_index": 1,
              "encoding_type": 1,
              "num_parts": 3,
              "level": 0,
              "slots": 0
            },
            {
              "row_index": 2,
              "encoding_type": 1,
              "num_parts": 3,
              "level": 0,
              "slots": 0
            },
            {
              "row_index": 3,
              "encoding_type": 1,
              "num_parts": 3,
              "level": 0,
              "slots": 0
            }
          ]
        },
        "line5_ks_outputs_summary": {
          "num_rows": 4,
          "consistent_shape": true,
          "expected_parts": 2,
          "expected_towers": 4,
          "expected_ring_dim": 16384,
          "rows": [
            {
              "row_index": 0,
              "encoding_type": 1,
              "num_parts": 2,
              "level": 0,
              "slots": 0
            },
            {
              "row_index": 1,
              "encoding_type": 1,
              "num_parts": 2,
              "level": 0,
              "slots": 0
            },
            {
              "row_index": 2,
              "encoding_type": 1,
              "num_parts": 2,
              "level": 0,
              "slots": 0
            },
            {
              "row_index": 3,
              "encoding_type": 1,
              "num_parts": 2,
              "level": 0,
              "slots": 0
            }
          ]
        },
        "line5_rows_summary": {
          "num_rows": 4,
          "consistent_shape": true,
          "expected_parts": 2,
          "expected_towers": 4,
          "expected_ring_dim": 16384,
          "rows": [
            {
              "row_index": 0,
              "encoding_type": 1,
              "num_parts": 2,
              "level": 0,
              "slots": 0
            },
            {
              "row_index": 1,
              "encoding_type": 1,
              "num_parts": 2,
              "level": 0,
              "slots": 0
            },
            {
              "row_index": 2,
              "encoding_type": 1,
              "num_parts": 2,
              "level": 0,
              "slots": 0
            },
            {
              "row_index": 3,
              "encoding_type": 1,
              "num_parts": 2,
              "level": 0,
              "slots": 0
            }
          ]
        },
        "T01_cmt_rows_summary": {
          "num_rows": 4,
          "consistent_shape": true,
          "expected_parts": 2,
          "expected_towers": 4,
          "expected_ring_dim": 16384,
          "rows": [
            {
              "row_index": 0,
              "encoding_type": 1,
              "num_parts": 2,
              "level": 0,
              "slots": 0
            },
            {
              "row_index": 1,
              "encoding_type": 1,
              "num_parts": 2,
              "level": 0,
              "slots": 0
            },
            {
              "row_index": 2,
              "encoding_type": 1,
              "num_parts": 2,
              "level": 0,
              "slots": 0
            },
            {
              "row_index": 3,
              "encoding_type": 1,
              "num_parts": 2,
              "level": 0,
              "slots": 0
            }
          ]
        },
        "M10_M11_pair_rows_summary": {
          "num_rows": 4,
          "consistent_shape": true,
          "expected_parts": 2,
          "expected_towers": 4,
          "expected_ring_dim": 16384,
          "rows": [
            {
              "row_index": 0,
              "encoding_type": 1,
              "num_parts": 2,
              "level": 0,
              "slots": 0
            },
            {
              "row_index": 1,
              "encoding_type": 1,
              "num_parts": 2,
              "level": 0,
              "slots": 0
            },
            {
              "row_index": 2,
              "encoding_type": 1,
              "num_parts": 2,
              "level": 0,
              "slots": 0
            },
            {
              "row_index": 3,
              "encoding_type": 1,
              "num_parts": 2,
              "level": 0,
              "slots": 0
            }
          ]
        },
        "final_rows_summary": {
          "num_rows": 4,
          "consistent_shape": true,
          "expected_parts": 2,
          "expected_towers": 4,
          "expected_ring_dim": 16384,
          "rows": [
            {
              "row_index": 0,
              "encoding_type": 1,
              "num_parts": 2,
              "level": 0,
              "slots": 0
            },
            {
              "row_index": 1,
              "encoding_type": 1,
              "num_parts": 2,
              "level": 0,
              "slots": 0
            },
            {
              "row_index": 2,
              "encoding_type": 1,
              "num_parts": 2,
              "level": 0,
              "slots": 0
            },
            {
              "row_index": 3,
              "encoding_type": 1,
              "num_parts": 2,
              "level": 0,
              "slots": 0
            }
          ]
        }
      },
      "comparisons": {
        "U_matmul_V": {
          "all_rows_decrypted": true,
          "exact": false,
          "max_abs_err": 24,
          "l1_err": 130,
          "diff": [
            [
              1,
              -10,
              -1,
              -4
            ],
            [
              2,
              -9,
              4,
              -3
            ],
            [
              0,
              -15,
              -24,
              8
            ],
            [
              23,
              12,
              -14,
              0
            ]
          ]
        },
        "U_T_matmul_V": {
          "all_rows_decrypted": true,
          "exact": false,
          "max_abs_err": 24,
          "l1_err": 126,
          "diff": [
            [
              1,
              -11,
              0,
              -4
            ],
            [
              3,
              -9,
              2,
              -2
            ],
            [
              -1,
              -13,
              -24,
              8
            ],
            [
              23,
              11,
              -14,
              0
            ]
          ]
        },
        "U_matmul_V_T": {
          "all_rows_decrypted": true,
          "exact": false,
          "max_abs_err": 24,
          "l1_err": 130,
          "diff": [
            [
              1,
              -10,
              -1,
              -4
            ],
            [
              2,
              -9,
              4,
              -3
            ],
            [
              0,
              -15,
              -24,
              8
            ],
            [
              23,
              12,
              -14,
              0
            ]
          ]
        },
        "V_matmul_U": {
          "all_rows_decrypted": true,
          "exact": false,
          "max_abs_err": 24,
          "l1_err": 130,
          "diff": [
            [
              1,
              -10,
              -1,
              -4
            ],
            [
              2,
              -9,
              4,
              -3
            ],
            [
              0,
              -15,
              -24,
              8
            ],
            [
              23,
              12,
              -14,
              0
            ]
          ]
        },
        "V_T_matmul_U": {
          "all_rows_decrypted": true,
          "exact": false,
          "max_abs_err": 24,
          "l1_err": 130,
          "diff": [
            [
              1,
              -10,
              -1,
              -4
            ],
            [
              2,
              -9,
              4,
              -3
            ],
            [
              0,
              -15,
              -24,
              8
            ],
            [
              23,
              12,
              -14,
              0
            ]
          ]
        },
        "U_T_matmul_V_T": {
          "all_rows_decrypted": true,
          "exact": false,
          "max_abs_err": 24,
          "l1_err": 126,
          "diff": [
            [
              1,
              -11,
              0,
              -4
            ],
            [
              3,
              -9,
              2,
              -2
            ],
            [
              -1,
              -13,
              -24,
              8
            ],
            [
              23,
              11,
              -14,
              0
            ]
          ]
        }
      }
    }
  ],
  "checks": {
    "all_cases_decrypted（所有 full oracle case 都成功解密）": true,
    "match_counts_by_reference（各参考矩阵匹配 case 数）": {
      "U_matmul_V": 0,
      "U_T_matmul_V": 0,
      "U_matmul_V_T": 0,
      "V_matmul_U": 0,
      "V_T_matmul_U": 0,
      "U_T_matmul_V_T": 0
    },
    "match_counts_by_reference_and_a_scalar（按 a_scalar 分组的匹配数）": {
      "1": {
        "U_matmul_V": 0,
        "U_T_matmul_V": 0,
        "U_matmul_V_T": 0,
        "V_matmul_U": 0,
        "V_T_matmul_U": 0,
        "U_T_matmul_V_T": 0
      },
      "3": {
        "U_matmul_V": 0,
        "U_T_matmul_V": 0,
        "U_matmul_V_T": 0,
        "V_matmul_U": 0,
        "V_T_matmul_U": 0,
        "U_T_matmul_V_T": 0
      },
      "7": {
        "U_matmul_V": 0,
        "U_T_matmul_V": 0,
        "U_matmul_V_T": 0,
        "V_matmul_U": 0,
        "V_T_matmul_U": 0,
        "U_T_matmul_V_T": 0
      }
    },
    "all_cases_match_U_matmul_V（是否全部等于 U@V）": false,
    "all_cases_match_U_T_matmul_V（是否全部等于 U.T@V）": false,
    "all_line5_ks_inputs_are_3part（line5 KS inputs 均为三分量）": true,
    "all_final_rows_are_2part（最终输出 rows 均为二分量）": true
  },
  "global_decision": {
    "value": "full_phase_aware_oracle_has_remaining_orientation_or_formula_gap",
    "best_reference": {
      "name": "U_matmul_V",
      "match_count": 0,
      "total_cases": 18
    },
    "next_step": "WP4-Y2j",
    "next_goal": "Run orientation/formula sweep under phase-aware C-MT oracle.",
    "zh": "phase-aware full pipeline 仍有方向或公式差异，下一步做定向扫描。"
  }
}
====================================================================================================
saved: /workspace/FIDESlib-GPT/reports/wp4y2i_controlled_phase_aware_full_ccmm_report.json
Cuda failure /root/fideslib/src/CKKS/Context.cu:841: 'driver shutting down'
