GPU 0: NVIDIA GeForce RTX 4090
 SMs: 128, SharedMem: 100 KB, Blocks/SM: 24, Threads/SM: 1536, L2 size: 72 MB, Bus: 384-bit
GPU 1: NVIDIA GeForce RTX 4090
 SMs: 128, SharedMem: 100 KB, Blocks/SM: 24, Threads/SM: 1536, L2 size: 72 MB, Bus: 384-bit
GPU 2: NVIDIA GeForce RTX 4090
 SMs: 128, SharedMem: 100 KB, Blocks/SM: 24, Threads/SM: 1536, L2 size: 72 MB, Bus: 384-bit
GPU 3: NVIDIA GeForce RTX 4090
 SMs: 128, SharedMem: 100 KB, Blocks/SM: 24, Threads/SM: 1536, L2 size: 72 MB, Bus: 384-bit
GPU 4: NVIDIA GeForce RTX 4090
 SMs: 128, SharedMem: 100 KB, Blocks/SM: 24, Threads/SM: 1536, L2 size: 72 MB, Bus: 384-bit
GPU 5: NVIDIA GeForce RTX 4090
 SMs: 128, SharedMem: 100 KB, Blocks/SM: 24, Threads/SM: 1536, L2 size: 72 MB, Bus: 384-bit
GPU 6: NVIDIA GeForce RTX 4090
 SMs: 128, SharedMem: 100 KB, Blocks/SM: 24, Threads/SM: 1536, L2 size: 72 MB, Bus: 384-bit
GPU 7: NVIDIA GeForce RTX 4090
 SMs: 128, SharedMem: 100 KB, Blocks/SM: 24, Threads/SM: 1536, L2 size: 72 MB, Bus: 384-bit
====================================================================================================
WP4-Y2j temp-pair C-MT mode sweep
{
  "experiment": "wp4y2j_temp_pair_cmt_mode_sweep",
  "purpose": "Sweep C-MT semantics for Algorithm 3 temporary pairs (M01,0) and (M00,0). Line1 C-MT(U) remains phase-aware because U is a real RLWE ciphertext matrix. Temp pairs are tested with raw component C-MT vs phase-aware C-MT.",
  "status": "debug_temp_pair_cmt_mode_sweep",
  "n": 4,
  "cases": [
    {
      "name": "basis_E00_times_E00",
      "a_scalar": 1,
      "temp_cmt_mode": "raw_component",
      "input_U": [
        [
          1,
          0,
          0,
          0
        ],
        [
          0,
          0,
          0,
          0
        ],
        [
          0,
          0,
          0,
          0
        ],
        [
          0,
          0,
          0,
          0
        ]
      ],
      "input_V": [
        [
          1,
          0,
          0,
          0
        ],
        [
          0,
          0,
          0,
          0
        ],
        [
          0,
          0,
          0,
          0
        ],
        [
          0,
          0,
          0,
          0
        ]
      ],
      "references": {
        "U_matmul_V": [
          [
            1,
            0,
            0,
            0
          ],
          [
            0,
            0,
            0,
            0
          ],
          [
            0,
            0,
            0,
            0
          ],
          [
            0,
            0,
            0,
            0
          ]
        ],
        "U_T_matmul_V": [
          [
            1,
            0,
            0,
            0
          ],
          [
            0,
            0,
            0,
            0
          ],
          [
            0,
            0,
            0,
            0
          ],
          [
            0,
            0,
            0,
            0
          ]
        ],
        "U_matmul_V_T": [
          [
            1,
            0,
            0,
            0
          ],
          [
            0,
            0,
            0,
            0
          ],
          [
            0,
            0,
            0,
            0
          ],
          [
            0,
            0,
            0,
            0
          ]
        ],
        "V_matmul_U": [
          [
            1,
            0,
            0,
            0
          ],
          [
            0,
            0,
            0,
            0
          ],
          [
            0,
            0,
            0,
            0
          ],
          [
            0,
            0,
            0,
            0
          ]
        ],
        "V_T_matmul_U": [
          [
            1,
            0,
            0,
            0
          ],
          [
            0,
            0,
            0,
            0
          ],
          [
            0,
            0,
            0,
            0
          ],
          [
            0,
            0,
            0,
            0
          ]
        ],
        "U_T_matmul_V_T": [
          [
            1,
            0,
            0,
            0
          ],
          [
            0,
            0,
            0,
            0
          ],
          [
            0,
            0,
            0,
            0
          ],
          [
            0,
            0,
            0,
            0
          ]
        ]
      },
      "final": {
        "compress_reports": [
          {
            "row_index": 0,
            "ok": true,
            "error": null
          },
          {
            "row_index": 1,
            "ok": true,
            "error": null
          },
          {
            "row_index": 2,
            "ok": true,
            "error": null
          },
          {
            "row_index": 3,
            "ok": true,
            "error": null
          }
        ],
        "decrypt_reports": [
          {
            "row_index": 0,
            "ok": true,
            "error": null
          },
          {
            "row_index": 1,
            "ok": true,
            "error": null
          },
          {
            "row_index": 2,
            "ok": true,
            "error": null
          },
          {
            "row_index": 3,
            "ok": true,
            "error": null
          }
        ],
        "decoded": [
          [
            6,
            -5,
            25,
            -7
          ],
          [
            3,
            0,
            -1,
            -1
          ],
          [
            1,
            0,
            0,
            0
          ],
          [
            -1,
            0,
            1,
            1
          ]
        ]
      },
      "trace": {
        "U_info": {
          "a_scalar": 1,
          "template_ring_dim": 16384,
          "template_num_towers": 4,
          "moduli_u64": [
            1152921504606748673,
            1125899904679937,
            1125899908022273,
            557057
          ],
          "sk_num_towers": 4,
          "sk_coeff_count": 4,
          "sk_tower0_coeffs": [
            1152921504606748672,
            1152921504606748672,
            0,
            1
          ]
        },
        "V_info": {
          "a_scalar": 1,
          "template_ring_dim": 16384,
          "template_num_towers": 4,
          "moduli_u64": [
            1152921504606748673,
            1125899904679937,
            1125899908022273,
            557057
          ],
          "sk_num_towers": 4,
          "sk_coeff_count": 4,
          "sk_tower0_coeffs": [
            1152921504606748672,
            1152921504606748672,
            0,
            1
          ]
        },
        "U_decrypt_exact": {
          "all_rows_decrypted": true,
          "exact": true,
          "max_abs_err": 0,
          "l1_err": 0,
          "diff": [
            [
              0,
              0,
              0,
              0
            ],
            [
              0,
              0,
              0,
              0
            ],
            [
              0,
              0,
              0,
              0
            ],
            [
              0,
              0,
              0,
              0
            ]
          ]
        },
        "V_decrypt_exact": {
          "all_rows_decrypted": true,
          "exact": true,
          "max_abs_err": 0,
          "l1_err": 0,
          "diff": [
            [
              0,
              0,
              0,
              0
            ],
            [
              0,
              0,
              0,
              0
            ],
            [
              0,
              0,
              0,
              0
            ],
            [
              0,
              0,
              0,
              0
            ]
          ]
        },
        "temp_cmt_mode": "raw_component",
        "U_cmt_trace": {
          "input_plaintext_matrix": [
            [
              1,
              0,
              0,
              0
            ],
            [
              0,
              0,
              0,
              0
            ],
            [
              0,
              0,
              0,
              0
            ],
            [
              0,
              0,
              0,
              0
            ]
          ],
          "output_plaintext_transpose": [
            [
              1,
              0,
              0,
              0
            ],
            [
              0,
              0,
              0,
              0
            ],
            [
              0,
              0,
              0,
              0
            ],
            [
              0,
              0,
              0,
              0
            ]
          ],
          "a_scalar": 1,
          "warning": "debug-only decrypt-transpose-reencrypt oracle"
        },
        "T01_cmt_trace": {
          "mode": "raw_component",
          "zh": "对 temporary component-pair 做 raw component transpose，不按 RLWE phase 解密。"
        },
        "T00_cmt_trace": {
          "mode": "raw_component",
          "zh": "对 temporary component-pair 做 raw component transpose，不按 RLWE phase 解密。"
        },
        "Ahat_export": {
          "part": 1,
          "num_rows": 4,
          "num_towers": 4,
          "ring_dim": 16384,
          "coeff_count": 16384,
          "row0_tower0_coeff_head": [
            1,
            1,
            1,
            1,
            0,
            0,
            0,
            0
          ]
        },
        "Bhat_export": {
          "part": 0,
          "num_rows": 4,
          "num_towers": 4,
          "ring_dim": 16384,
          "coeff_count": 16384,
          "row0_tower0_coeff_head": [
            0,
            0,
            0,
            0,
            0,
            0,
            0,
            0
          ]
        },
        "line5_ks_inputs_summary": {
          "num_rows": 4,
          "consistent_shape": true,
          "expected_parts": 3,
          "expected_towers": 4,
          "expected_ring_dim": 16384,
          "rows": [
            {
              "row_index": 0,
              "encoding_type": 1,
              "num_parts": 3,
              "level": 0,
              "slots": 0
            },
            {
              "row_index": 1,
              "encoding_type": 1,
              "num_parts": 3,
              "level": 0,
              "slots": 0
            },
            {
              "row_index": 2,
              "encoding_type": 1,
              "num_parts": 3,
              "level": 0,
              "slots": 0
            },
            {
              "row_index": 3,
              "encoding_type": 1,
              "num_parts": 3,
              "level": 0,
              "slots": 0
            }
          ]
        },
        "line5_ks_outputs_summary": {
          "num_rows": 4,
          "consistent_shape": true,
          "expected_parts": 2,
          "expected_towers": 4,
          "expected_ring_dim": 16384,
          "rows": [
            {
              "row_index": 0,
              "encoding_type": 1,
              "num_parts": 2,
              "level": 0,
              "slots": 0
            },
            {
              "row_index": 1,
              "encoding_type": 1,
              "num_parts": 2,
              "level": 0,
              "slots": 0
            },
            {
              "row_index": 2,
              "encoding_type": 1,
              "num_parts": 2,
              "level": 0,
              "slots": 0
            },
            {
              "row_index": 3,
              "encoding_type": 1,
              "num_parts": 2,
              "level": 0,
              "slots": 0
            }
          ]
        },
        "line5_rows_summary": {
          "num_rows": 4,
          "consistent_shape": true,
          "expected_parts": 2,
          "expected_towers": 4,
          "expected_ring_dim": 16384,
          "rows": [
            {
              "row_index": 0,
              "encoding_type": 1,
              "num_parts": 2,
              "level": 0,
              "slots": 0
            },
            {
              "row_index": 1,
              "encoding_type": 1,
              "num_parts": 2,
              "level": 0,
              "slots": 0
            },
            {
              "row_index": 2,
              "encoding_type": 1,
              "num_parts": 2,
              "level": 0,
              "slots": 0
            },
            {
              "row_index": 3,
              "encoding_type": 1,
              "num_parts": 2,
              "level": 0,
              "slots": 0
            }
          ]
        },
        "T01_cmt_rows_summary": {
          "num_rows": 4,
          "consistent_shape": true,
          "expected_parts": 2,
          "expected_towers": 4,
          "expected_ring_dim": 16384,
          "rows": [
            {
              "row_index": 0,
              "encoding_type": 1,
              "num_parts": 2,
              "level": 0,
              "slots": 0
            },
            {
              "row_index": 1,
              "encoding_type": 1,
              "num_parts": 2,
              "level": 0,
              "slots": 0
            },
            {
              "row_index": 2,
              "encoding_type": 1,
              "num_parts": 2,
              "level": 0,
              "slots": 0
            },
            {
              "row_index": 3,
              "encoding_type": 1,
              "num_parts": 2,
              "level": 0,
              "slots": 0
            }
          ]
        },
        "M10_M11_pair_rows_summary": {
          "num_rows": 4,
          "consistent_shape": true,
          "expected_parts": 2,
          "expected_towers": 4,
          "expected_ring_dim": 16384,
          "rows": [
            {
              "row_index": 0,
              "encoding_type": 1,
              "num_parts": 2,
              "level": 0,
              "slots": 0
            },
            {
              "row_index": 1,
              "encoding_type": 1,
              "num_parts": 2,
              "level": 0,
              "slots": 0
            },
            {
              "row_index": 2,
              "encoding_type": 1,
              "num_parts": 2,
              "level": 0,
              "slots": 0
            },
            {
              "row_index": 3,
              "encoding_type": 1,
              "num_parts": 2,
              "level": 0,
              "slots": 0
            }
          ]
        },
        "final_rows_summary": {
          "num_rows": 4,
          "consistent_shape": true,
          "expected_parts": 2,
          "expected_towers": 4,
          "expected_ring_dim": 16384,
          "rows": [
            {
              "row_index": 0,
              "encoding_type": 1,
              "num_parts": 2,
              "level": 0,
              "slots": 0
            },
            {
              "row_index": 1,
              "encoding_type": 1,
              "num_parts": 2,
              "level": 0,
              "slots": 0
            },
            {
              "row_index": 2,
              "encoding_type": 1,
              "num_parts": 2,
              "level": 0,
              "slots": 0
            },
            {
              "row_index": 3,
              "encoding_type": 1,
              "num_parts": 2,
              "level": 0,
              "slots": 0
            }
          ]
        }
      },
      "comparisons": {
        "U_matmul_V": {
          "all_rows_decrypted": true,
          "exact": false,
          "max_abs_err": 25,
          "l1_err": 51,
          "diff": [
            [
              5,
              -5,
              25,
              -7
            ],
            [
              3,
              0,
              -1,
              -1
            ],
            [
              1,
              0,
              0,
              0
            ],
            [
              -1,
              0,
              1,
              1
            ]
          ]
        },
        "U_T_matmul_V": {
          "all_rows_decrypted": true,
          "exact": false,
          "max_abs_err": 25,
          "l1_err": 51,
          "diff": [
            [
              5,
              -5,
              25,
              -7
            ],
            [
              3,
              0,
              -1,
              -1
            ],
            [
              1,
              0,
              0,
              0
            ],
            [
              -1,
              0,
              1,
              1
            ]
          ]
        },
        "U_matmul_V_T": {
          "all_rows_decrypted": true,
          "exact": false,
          "max_abs_err": 25,
          "l1_err": 51,
          "diff": [
            [
              5,
              -5,
              25,
              -7
            ],
            [
              3,
              0,
              -1,
              -1
            ],
            [
              1,
              0,
              0,
              0
            ],
            [
              -1,
              0,
              1,
              1
            ]
          ]
        },
        "V_matmul_U": {
          "all_rows_decrypted": true,
          "exact": false,
          "max_abs_err": 25,
          "l1_err": 51,
          "diff": [
            [
              5,
              -5,
              25,
              -7
            ],
            [
              3,
              0,
              -1,
              -1
            ],
            [
              1,
              0,
              0,
              0
            ],
            [
              -1,
              0,
              1,
              1
            ]
          ]
        },
        "V_T_matmul_U": {
          "all_rows_decrypted": true,
          "exact": false,
          "max_abs_err": 25,
          "l1_err": 51,
          "diff": [
            [
              5,
              -5,
              25,
              -7
            ],
            [
              3,
              0,
              -1,
              -1
            ],
            [
              1,
              0,
              0,
              0
            ],
            [
              -1,
              0,
              1,
              1
            ]
          ]
        },
        "U_T_matmul_V_T": {
          "all_rows_decrypted": true,
          "exact": false,
          "max_abs_err": 25,
          "l1_err": 51,
          "diff": [
            [
              5,
              -5,
              25,
              -7
            ],
            [
              3,
              0,
              -1,
              -1
            ],
            [
              1,
              0,
              0,
              0
            ],
            [
              -1,
              0,
              1,
              1
            ]
          ]
        }
      }
    },
    {
      "name": "basis_E01_times_E10",
      "a_scalar": 1,
      "temp_cmt_mode": "raw_component",
      "input_U": [
        [
          0,
          1,
          0,
          0
        ],
        [
          0,
          0,
          0,
          0
        ],
        [
          0,
          0,
          0,
          0
        ],
        [
          0,
          0,
          0,
          0
        ]
      ],
      "input_V": [
        [
          0,
          0,
          0,
          0
        ],
        [
          1,
          0,
          0,
          0
        ],
        [
          0,
          0,
          0,
          0
        ],
        [
          0,
          0,
          0,
          0
        ]
      ],
      "references": {
        "U_matmul_V": [
          [
            1,
            0,
            0,
            0
          ],
          [
            0,
            0,
            0,
            0
          ],
          [
            0,
            0,
            0,
            0
          ],
          [
            0,
            0,
            0,
            0
          ]
        ],
        "U_T_matmul_V": [
          [
            0,
            0,
            0,
            0
          ],
          [
            0,
            0,
            0,
            0
          ],
          [
            0,
            0,
            0,
            0
          ],
          [
            0,
            0,
            0,
            0
          ]
        ],
        "U_matmul_V_T": [
          [
            0,
            0,
            0,
            0
          ],
          [
            0,
            0,
            0,
            0
          ],
          [
            0,
            0,
            0,
            0
          ],
          [
            0,
            0,
            0,
            0
          ]
        ],
        "V_matmul_U": [
          [
            0,
            0,
            0,
            0
          ],
          [
            0,
            1,
            0,
            0
          ],
          [
            0,
            0,
            0,
            0
          ],
          [
            0,
            0,
            0,
            0
          ]
        ],
        "V_T_matmul_U": [
          [
            0,
            0,
            0,
            0
          ],
          [
            0,
            0,
            0,
            0
          ],
          [
            0,
            0,
            0,
            0
          ],
          [
            0,
            0,
            0,
            0
          ]
        ],
        "U_T_matmul_V_T": [
          [
            0,
            0,
            0,
            0
          ],
          [
            0,
            1,
            0,
            0
          ],
          [
            0,
            0,
            0,
            0
          ],
          [
            0,
            0,
            0,
            0
          ]
        ]
      },
      "final": {
        "compress_reports": [
          {
            "row_index": 0,
            "ok": true,
            "error": null
          },
          {
            "row_index": 1,
            "ok": true,
            "error": null
          },
          {
            "row_index": 2,
            "ok": true,
            "error": null
          },
          {
            "row_index": 3,
            "ok": true,
            "error": null
          }
        ],
        "decrypt_reports": [
          {
            "row_index": 0,
            "ok": true,
            "error": null
          },
          {
            "row_index": 1,
            "ok": true,
            "error": null
          },
          {
            "row_index": 2,
            "ok": true,
            "error": null
          },
          {
            "row_index": 3,
            "ok": true,
            "error": null
          }
        ],
        "decoded": [
          [
            3,
            -5,
            -24,
            -6
          ],
          [
            3,
            0,
            -1,
            -1
          ],
          [
            1,
            0,
            0,
            0
          ],
          [
            -1,
            0,
            1,
            1
          ]
        ]
      },
      "trace": {
        "U_info": {
          "a_scalar": 1,
          "template_ring_dim": 16384,
          "template_num_towers": 4,
          "moduli_u64": [
            1152921504606748673,
            1125899904679937,
            1125899908022273,
            557057
          ],
          "sk_num_towers": 4,
          "sk_coeff_count": 4,
          "sk_tower0_coeffs": [
            1152921504606748672,
            1152921504606748672,
            0,
            1
          ]
        },
        "V_info": {
          "a_scalar": 1,
          "template_ring_dim": 16384,
          "template_num_towers": 4,
          "moduli_u64": [
            1152921504606748673,
            1125899904679937,
            1125899908022273,
            557057
          ],
          "sk_num_towers": 4,
          "sk_coeff_count": 4,
          "sk_tower0_coeffs": [
            1152921504606748672,
            1152921504606748672,
            0,
            1
          ]
        },
        "U_decrypt_exact": {
          "all_rows_decrypted": true,
          "exact": true,
          "max_abs_err": 0,
          "l1_err": 0,
          "diff": [
            [
              0,
              0,
              0,
              0
            ],
            [
              0,
              0,
              0,
              0
            ],
            [
              0,
              0,
              0,
              0
            ],
            [
              0,
              0,
              0,
              0
            ]
          ]
        },
        "V_decrypt_exact": {
          "all_rows_decrypted": true,
          "exact": true,
          "max_abs_err": 0,
          "l1_err": 0,
          "diff": [
            [
              0,
              0,
              0,
              0
            ],
            [
              0,
              0,
              0,
              0
            ],
            [
              0,
              0,
              0,
              0
            ],
            [
              0,
              0,
              0,
              0
            ]
          ]
        },
        "temp_cmt_mode": "raw_component",
        "U_cmt_trace": {
          "input_plaintext_matrix": [
            [
              0,
              1,
              0,
              0
            ],
            [
              0,
              0,
              0,
              0
            ],
            [
              0,
              0,
              0,
              0
            ],
            [
              0,
              0,
              0,
              0
            ]
          ],
          "output_plaintext_transpose": [
            [
              0,
              0,
              0,
              0
            ],
            [
              1,
              0,
              0,
              0
            ],
            [
              0,
              0,
              0,
              0
            ],
            [
              0,
              0,
              0,
              0
            ]
          ],
          "a_scalar": 1,
          "warning": "debug-only decrypt-transpose-reencrypt oracle"
        },
        "T01_cmt_trace": {
          "mode": "raw_component",
          "zh": "对 temporary component-pair 做 raw component transpose，不按 RLWE phase 解密。"
        },
        "T00_cmt_trace": {
          "mode": "raw_component",
          "zh": "对 temporary component-pair 做 raw component transpose，不按 RLWE phase 解密。"
        },
        "Ahat_export": {
          "part": 1,
          "num_rows": 4,
          "num_towers": 4,
          "ring_dim": 16384,
          "coeff_count": 16384,
          "row0_tower0_coeff_head": [
            1,
            1,
            1,
            1,
            0,
            0,
            0,
            0
          ]
        },
        "Bhat_export": {
          "part": 0,
          "num_rows": 4,
          "num_towers": 4,
          "ring_dim": 16384,
          "coeff_count": 16384,
          "row0_tower0_coeff_head": [
            0,
            0,
            0,
            0,
            0,
            0,
            0,
            0
          ]
        },
        "line5_ks_inputs_summary": {
          "num_rows": 4,
          "consistent_shape": true,
          "expected_parts": 3,
          "expected_towers": 4,
          "expected_ring_dim": 16384,
          "rows": [
            {
              "row_index": 0,
              "encoding_type": 1,
              "num_parts": 3,
              "level": 0,
              "slots": 0
            },
            {
              "row_index": 1,
              "encoding_type": 1,
              "num_parts": 3,
              "level": 0,
              "slots": 0
            },
            {
              "row_index": 2,
              "encoding_type": 1,
              "num_parts": 3,
              "level": 0,
              "slots": 0
            },
            {
              "row_index": 3,
              "encoding_type": 1,
              "num_parts": 3,
              "level": 0,
              "slots": 0
            }
          ]
        },
        "line5_ks_outputs_summary": {
          "num_rows": 4,
          "consistent_shape": true,
          "expected_parts": 2,
          "expected_towers": 4,
          "expected_ring_dim": 16384,
          "rows": [
            {
              "row_index": 0,
              "encoding_type": 1,
              "num_parts": 2,
              "level": 0,
              "slots": 0
            },
            {
              "row_index": 1,
              "encoding_type": 1,
              "num_parts": 2,
              "level": 0,
              "slots": 0
            },
            {
              "row_index": 2,
              "encoding_type": 1,
              "num_parts": 2,
              "level": 0,
              "slots": 0
            },
            {
              "row_index": 3,
              "encoding_type": 1,
              "num_parts": 2,
              "level": 0,
              "slots": 0
            }
          ]
        },
        "line5_rows_summary": {
          "num_rows": 4,
          "consistent_shape": true,
          "expected_parts": 2,
          "expected_towers": 4,
          "expected_ring_dim": 16384,
          "rows": [
            {
              "row_index": 0,
              "encoding_type": 1,
              "num_parts": 2,
              "level": 0,
              "slots": 0
            },
            {
              "row_index": 1,
              "encoding_type": 1,
              "num_parts": 2,
              "level": 0,
              "slots": 0
            },
            {
              "row_index": 2,
              "encoding_type": 1,
              "num_parts": 2,
              "level": 0,
              "slots": 0
            },
            {
              "row_index": 3,
              "encoding_type": 1,
              "num_parts": 2,
              "level": 0,
              "slots": 0
            }
          ]
        },
        "T01_cmt_rows_summary": {
          "num_rows": 4,
          "consistent_shape": true,
          "expected_parts": 2,
          "expected_towers": 4,
          "expected_ring_dim": 16384,
          "rows": [
            {
              "row_index": 0,
              "encoding_type": 1,
              "num_parts": 2,
              "level": 0,
              "slots": 0
            },
            {
              "row_index": 1,
              "encoding_type": 1,
              "num_parts": 2,
              "level": 0,
              "slots": 0
            },
            {
              "row_index": 2,
              "encoding_type": 1,
              "num_parts": 2,
              "level": 0,
              "slots": 0
            },
            {
              "row_index": 3,
              "encoding_type": 1,
              "num_parts": 2,
              "level": 0,
              "slots": 0
            }
          ]
        },
        "M10_M11_pair_rows_summary": {
          "num_rows": 4,
          "consistent_shape": true,
          "expected_parts": 2,
          "expected_towers": 4,
          "expected_ring_dim": 16384,
          "rows": [
            {
              "row_index": 0,
              "encoding_type": 1,
              "num_parts": 2,
              "level": 0,
              "slots": 0
            },
            {
              "row_index": 1,
              "encoding_type": 1,
              "num_parts": 2,
              "level": 0,
              "slots": 0
            },
            {
              "row_index": 2,
              "encoding_type": 1,
              "num_parts": 2,
              "level": 0,
              "slots": 0
            },
            {
              "row_index": 3,
              "encoding_type": 1,
              "num_parts": 2,
              "level": 0,
              "slots": 0
            }
          ]
        },
        "final_rows_summary": {
          "num_rows": 4,
          "consistent_shape": true,
          "expected_parts": 2,
          "expected_towers": 4,
          "expected_ring_dim": 16384,
          "rows": [
            {
              "row_index": 0,
              "encoding_type": 1,
              "num_parts": 2,
              "level": 0,
              "slots": 0
            },
            {
              "row_index": 1,
              "encoding_type": 1,
              "num_parts": 2,
              "level": 0,
              "slots": 0
            },
            {
              "row_index": 2,
              "encoding_type": 1,
              "num_parts": 2,
              "level": 0,
              "slots": 0
            },
            {
              "row_index": 3,
              "encoding_type": 1,
              "num_parts": 2,
              "level": 0,
              "slots": 0
            }
          ]
        }
      },
      "comparisons": {
        "U_matmul_V": {
          "all_rows_decrypted": true,
          "exact": false,
          "max_abs_err": 24,
          "l1_err": 46,
          "diff": [
            [
              2,
              -5,
              -24,
              -6
            ],
            [
              3,
              0,
              -1,
              -1
            ],
            [
              1,
              0,
              0,
              0
            ],
            [
              -1,
              0,
              1,
              1
            ]
          ]
        },
        "U_T_matmul_V": {
          "all_rows_decrypted": true,
          "exact": false,
          "max_abs_err": 24,
          "l1_err": 47,
          "diff": [
            [
              3,
              -5,
              -24,
              -6
            ],
            [
              3,
              0,
              -1,
              -1
            ],
            [
              1,
              0,
              0,
              0
            ],
            [
              -1,
              0,
              1,
              1
            ]
          ]
        },
        "U_matmul_V_T": {
          "all_rows_decrypted": true,
          "exact": false,
          "max_abs_err": 24,
          "l1_err": 47,
          "diff": [
            [
              3,
              -5,
              -24,
              -6
            ],
            [
              3,
              0,
              -1,
              -1
            ],
            [
              1,
              0,
              0,
              0
            ],
            [
              -1,
              0,
              1,
              1
            ]
          ]
        },
        "V_matmul_U": {
          "all_rows_decrypted": true,
          "exact": false,
          "max_abs_err": 24,
          "l1_err": 48,
          "diff": [
            [
              3,
              -5,
              -24,
              -6
            ],
            [
              3,
              -1,
              -1,
              -1
            ],
            [
              1,
              0,
              0,
              0
            ],
            [
              -1,
              0,
              1,
              1
            ]
          ]
        },
        "V_T_matmul_U": {
          "all_rows_decrypted": true,
          "exact": false,
          "max_abs_err": 24,
          "l1_err": 47,
          "diff": [
            [
              3,
              -5,
              -24,
              -6
            ],
            [
              3,
              0,
              -1,
              -1
            ],
            [
              1,
              0,
              0,
              0
            ],
            [
              -1,
              0,
              1,
              1
            ]
          ]
        },
        "U_T_matmul_V_T": {
          "all_rows_decrypted": true,
          "exact": false,
          "max_abs_err": 24,
          "l1_err": 48,
          "diff": [
            [
              3,
              -5,
              -24,
              -6
            ],
            [
              3,
              -1,
              -1,
              -1
            ],
            [
              1,
              0,
              0,
              0
            ],
            [
              -1,
              0,
              1,
              1
            ]
          ]
        }
      }
    },
    {
      "name": "basis_E01_times_E12",
      "a_scalar": 1,
      "temp_cmt_mode": "raw_component",
      "input_U": [
        [
          0,
          1,
          0,
          0
        ],
        [
          0,
          0,
          0,
          0
        ],
        [
          0,
          0,
          0,
          0
        ],
        [
          0,
          0,
          0,
          0
        ]
      ],
      "input_V": [
        [
          0,
          0,
          0,
          0
        ],
        [
          0,
          0,
          1,
          0
        ],
        [
          0,
          0,
          0,
          0
        ],
        [
          0,
          0,
          0,
          0
        ]
      ],
      "references": {
        "U_matmul_V": [
          [
            0,
            0,
            1,
            0
          ],
          [
            0,
            0,
            0,
            0
          ],
          [
            0,
            0,
            0,
            0
          ],
          [
            0,
            0,
            0,
            0
          ]
        ],
        "U_T_matmul_V": [
          [
            0,
            0,
            0,
            0
          ],
          [
            0,
            0,
            0,
            0
          ],
          [
            0,
            0,
            0,
            0
          ],
          [
            0,
            0,
            0,
            0
          ]
        ],
        "U_matmul_V_T": [
          [
            0,
            0,
            0,
            0
          ],
          [
            0,
            0,
            0,
            0
          ],
          [
            0,
            0,
            0,
            0
          ],
          [
            0,
            0,
            0,
            0
          ]
        ],
        "V_matmul_U": [
          [
            0,
            0,
            0,
            0
          ],
          [
            0,
            0,
            0,
            0
          ],
          [
            0,
            0,
            0,
            0
          ],
          [
            0,
            0,
            0,
            0
          ]
        ],
        "V_T_matmul_U": [
          [
            0,
            0,
            0,
            0
          ],
          [
            0,
            0,
            0,
            0
          ],
          [
            0,
            0,
            0,
            0
          ],
          [
            0,
            0,
            0,
            0
          ]
        ],
        "U_T_matmul_V_T": [
          [
            0,
            0,
            0,
            0
          ],
          [
            0,
            0,
            0,
            0
          ],
          [
            0,
            0,
            0,
            0
          ],
          [
            0,
            0,
            0,
            0
          ]
        ]
      },
      "final": {
        "compress_reports": [
          {
            "row_index": 0,
            "ok": true,
            "error": null
          },
          {
            "row_index": 1,
            "ok": true,
            "error": null
          },
          {
            "row_index": 2,
            "ok": true,
            "error": null
          },
          {
            "row_index": 3,
            "ok": true,
            "error": null
          }
        ],
        "decrypt_reports": [
          {
            "row_index": 0,
            "ok": true,
            "error": null
          },
          {
            "row_index": 1,
            "ok": true,
            "error": null
          },
          {
            "row_index": 2,
            "ok": true,
            "error": null
          },
          {
            "row_index": 3,
            "ok": true,
            "error": null
          }
        ],
        "decoded": [
          [
            2,
            -5,
            -23,
            -6
          ],
          [
            2,
            0,
            0,
            -1
          ],
          [
            0,
            0,
            1,
            0
          ],
          [
            -2,
            0,
            2,
            1
          ]
        ]
      },
      "trace": {
        "U_info": {
          "a_scalar": 1,
          "template_ring_dim": 16384,
          "template_num_towers": 4,
          "moduli_u64": [
            1152921504606748673,
            1125899904679937,
            1125899908022273,
            557057
          ],
          "sk_num_towers": 4,
          "sk_coeff_count": 4,
          "sk_tower0_coeffs": [
            1152921504606748672,
            1152921504606748672,
            0,
            1
          ]
        },
        "V_info": {
          "a_scalar": 1,
          "template_ring_dim": 16384,
          "template_num_towers": 4,
          "moduli_u64": [
            1152921504606748673,
            1125899904679937,
            1125899908022273,
            557057
          ],
          "sk_num_towers": 4,
          "sk_coeff_count": 4,
          "sk_tower0_coeffs": [
            1152921504606748672,
            1152921504606748672,
            0,
            1
          ]
        },
        "U_decrypt_exact": {
          "all_rows_decrypted": true,
          "exact": true,
          "max_abs_err": 0,
          "l1_err": 0,
          "diff": [
            [
              0,
              0,
              0,
              0
            ],
            [
              0,
              0,
              0,
              0
            ],
            [
              0,
              0,
              0,
              0
            ],
            [
              0,
              0,
              0,
              0
            ]
          ]
        },
        "V_decrypt_exact": {
          "all_rows_decrypted": true,
          "exact": true,
          "max_abs_err": 0,
          "l1_err": 0,
          "diff": [
            [
              0,
              0,
              0,
              0
            ],
            [
              0,
              0,
              0,
              0
            ],
            [
              0,
              0,
              0,
              0
            ],
            [
              0,
              0,
              0,
              0
            ]
          ]
        },
        "temp_cmt_mode": "raw_component",
        "U_cmt_trace": {
          "input_plaintext_matrix": [
            [
              0,
              1,
              0,
              0
            ],
            [
              0,
              0,
              0,
              0
            ],
            [
              0,
              0,
              0,
              0
            ],
            [
              0,
              0,
              0,
              0
            ]
          ],
          "output_plaintext_transpose": [
            [
              0,
              0,
              0,
              0
            ],
            [
              1,
              0,
              0,
              0
            ],
            [
              0,
              0,
              0,
              0
            ],
            [
              0,
              0,
              0,
              0
            ]
          ],
          "a_scalar": 1,
          "warning": "debug-only decrypt-transpose-reencrypt oracle"
        },
        "T01_cmt_trace": {
          "mode": "raw_component",
          "zh": "对 temporary component-pair 做 raw component transpose，不按 RLWE phase 解密。"
        },
        "T00_cmt_trace": {
          "mode": "raw_component",
          "zh": "对 temporary component-pair 做 raw component transpose，不按 RLWE phase 解密。"
        },
        "Ahat_export": {
          "part": 1,
          "num_rows": 4,
          "num_towers": 4,
          "ring_dim": 16384,
          "coeff_count": 16384,
          "row0_tower0_coeff_head": [
            1,
            1,
            1,
            1,
            0,
            0,
            0,
            0
          ]
        },
        "Bhat_export": {
          "part": 0,
          "num_rows": 4,
          "num_towers": 4,
          "ring_dim": 16384,
          "coeff_count": 16384,
          "row0_tower0_coeff_head": [
            0,
            0,
            0,
            0,
            0,
            0,
            0,
            0
          ]
        },
        "line5_ks_inputs_summary": {
          "num_rows": 4,
          "consistent_shape": true,
          "expected_parts": 3,
          "expected_towers": 4,
          "expected_ring_dim": 16384,
          "rows": [
            {
              "row_index": 0,
              "encoding_type": 1,
              "num_parts": 3,
              "level": 0,
              "slots": 0
            },
            {
              "row_index": 1,
              "encoding_type": 1,
              "num_parts": 3,
              "level": 0,
              "slots": 0
            },
            {
              "row_index": 2,
              "encoding_type": 1,
              "num_parts": 3,
              "level": 0,
              "slots": 0
            },
            {
              "row_index": 3,
              "encoding_type": 1,
              "num_parts": 3,
              "level": 0,
              "slots": 0
            }
          ]
        },
        "line5_ks_outputs_summary": {
          "num_rows": 4,
          "consistent_shape": true,
          "expected_parts": 2,
          "expected_towers": 4,
          "expected_ring_dim": 16384,
          "rows": [
            {
              "row_index": 0,
              "encoding_type": 1,
              "num_parts": 2,
              "level": 0,
              "slots": 0
            },
            {
              "row_index": 1,
              "encoding_type": 1,
              "num_parts": 2,
              "level": 0,
              "slots": 0
            },
            {
              "row_index": 2,
              "encoding_type": 1,
              "num_parts": 2,
              "level": 0,
              "slots": 0
            },
            {
              "row_index": 3,
              "encoding_type": 1,
              "num_parts": 2,
              "level": 0,
              "slots": 0
            }
          ]
        },
        "line5_rows_summary": {
          "num_rows": 4,
          "consistent_shape": true,
          "expected_parts": 2,
          "expected_towers": 4,
          "expected_ring_dim": 16384,
          "rows": [
            {
              "row_index": 0,
              "encoding_type": 1,
              "num_parts": 2,
              "level": 0,
              "slots": 0
            },
            {
              "row_index": 1,
              "encoding_type": 1,
              "num_parts": 2,
              "level": 0,
              "slots": 0
            },
            {
              "row_index": 2,
              "encoding_type": 1,
              "num_parts": 2,
              "level": 0,
              "slots": 0
            },
            {
              "row_index": 3,
              "encoding_type": 1,
              "num_parts": 2,
              "level": 0,
              "slots": 0
            }
          ]
        },
        "T01_cmt_rows_summary": {
          "num_rows": 4,
          "consistent_shape": true,
          "expected_parts": 2,
          "expected_towers": 4,
          "expected_ring_dim": 16384,
          "rows": [
            {
              "row_index": 0,
              "encoding_type": 1,
              "num_parts": 2,
              "level": 0,
              "slots": 0
            },
            {
              "row_index": 1,
              "encoding_type": 1,
              "num_parts": 2,
              "level": 0,
              "slots": 0
            },
            {
              "row_index": 2,
              "encoding_type": 1,
              "num_parts": 2,
              "level": 0,
              "slots": 0
            },
            {
              "row_index": 3,
              "encoding_type": 1,
              "num_parts": 2,
              "level": 0,
              "slots": 0
            }
          ]
        },
        "M10_M11_pair_rows_summary": {
          "num_rows": 4,
          "consistent_shape": true,
          "expected_parts": 2,
          "expected_towers": 4,
          "expected_ring_dim": 16384,
          "rows": [
            {
              "row_index": 0,
              "encoding_type": 1,
              "num_parts": 2,
              "level": 0,
              "slots": 0
            },
            {
              "row_index": 1,
              "encoding_type": 1,
              "num_parts": 2,
              "level": 0,
              "slots": 0
            },
            {
              "row_index": 2,
              "encoding_type": 1,
              "num_parts": 2,
              "level": 0,
              "slots": 0
            },
            {
              "row_index": 3,
              "encoding_type": 1,
              "num_parts": 2,
              "level": 0,
              "slots": 0
            }
          ]
        },
        "final_rows_summary": {
          "num_rows": 4,
          "consistent_shape": true,
          "expected_parts": 2,
          "expected_towers": 4,
          "expected_ring_dim": 16384,
          "rows": [
            {
              "row_index": 0,
              "encoding_type": 1,
              "num_parts": 2,
              "level": 0,
              "slots": 0
            },
            {
              "row_index": 1,
              "encoding_type": 1,
              "num_parts": 2,
              "level": 0,
              "slots": 0
            },
            {
              "row_index": 2,
              "encoding_type": 1,
              "num_parts": 2,
              "level": 0,
              "slots": 0
            },
            {
              "row_index": 3,
              "encoding_type": 1,
              "num_parts": 2,
              "level": 0,
              "slots": 0
            }
          ]
        }
      },
      "comparisons": {
        "U_matmul_V": {
          "all_rows_decrypted": true,
          "exact": false,
          "max_abs_err": 24,
          "l1_err": 46,
          "diff": [
            [
              2,
              -5,
              -24,
              -6
            ],
            [
              2,
              0,
              0,
              -1
            ],
            [
              0,
              0,
              1,
              0
            ],
            [
              -2,
              0,
              2,
              1
            ]
          ]
        },
        "U_T_matmul_V": {
          "all_rows_decrypted": true,
          "exact": false,
          "max_abs_err": 23,
          "l1_err": 45,
          "diff": [
            [
              2,
              -5,
              -23,
              -6
            ],
            [
              2,
              0,
              0,
              -1
            ],
            [
              0,
              0,
              1,
              0
            ],
            [
              -2,
              0,
              2,
              1
            ]
          ]
        },
        "U_matmul_V_T": {
          "all_rows_decrypted": true,
          "exact": false,
          "max_abs_err": 23,
          "l1_err": 45,
          "diff": [
            [
              2,
              -5,
              -23,
              -6
            ],
            [
              2,
              0,
              0,
              -1
            ],
            [
              0,
              0,
              1,
              0
            ],
            [
              -2,
              0,
              2,
              1
            ]
          ]
        },
        "V_matmul_U": {
          "all_rows_decrypted": true,
          "exact": false,
          "max_abs_err": 23,
          "l1_err": 45,
          "diff": [
            [
              2,
              -5,
              -23,
              -6
            ],
            [
              2,
              0,
              0,
              -1
            ],
            [
              0,
              0,
              1,
              0
            ],
            [
              -2,
              0,
              2,
              1
            ]
          ]
        },
        "V_T_matmul_U": {
          "all_rows_decrypted": true,
          "exact": false,
          "max_abs_err": 23,
          "l1_err": 45,
          "diff": [
            [
              2,
              -5,
              -23,
              -6
            ],
            [
              2,
              0,
              0,
              -1
            ],
            [
              0,
              0,
              1,
              0
            ],
            [
              -2,
              0,
              2,
              1
            ]
          ]
        },
        "U_T_matmul_V_T": {
          "all_rows_decrypted": true,
          "exact": false,
          "max_abs_err": 23,
          "l1_err": 45,
          "diff": [
            [
              2,
              -5,
              -23,
              -6
            ],
            [
              2,
              0,
              0,
              -1
            ],
            [
              0,
              0,
              1,
              0
            ],
            [
              -2,
              0,
              2,
              1
            ]
          ]
        }
      }
    },
    {
      "name": "basis_E23_times_E31",
      "a_scalar": 1,
      "temp_cmt_mode": "raw_component",
      "input_U": [
        [
          0,
          0,
          0,
          0
        ],
        [
          0,
          0,
          0,
          0
        ],
        [
          0,
          0,
          0,
          1
        ],
        [
          0,
          0,
          0,
          0
        ]
      ],
      "input_V": [
        [
          0,
          0,
          0,
          0
        ],
        [
          0,
          0,
          0,
          0
        ],
        [
          0,
          0,
          0,
          0
        ],
        [
          0,
          1,
          0,
          0
        ]
      ],
      "references": {
        "U_matmul_V": [
          [
            0,
            0,
            0,
            0
          ],
          [
            0,
            0,
            0,
            0
          ],
          [
            0,
            1,
            0,
            0
          ],
          [
            0,
            0,
            0,
            0
          ]
        ],
        "U_T_matmul_V": [
          [
            0,
            0,
            0,
            0
          ],
          [
            0,
            0,
            0,
            0
          ],
          [
            0,
            0,
            0,
            0
          ],
          [
            0,
            0,
            0,
            0
          ]
        ],
        "U_matmul_V_T": [
          [
            0,
            0,
            0,
            0
          ],
          [
            0,
            0,
            0,
            0
          ],
          [
            0,
            0,
            0,
            0
          ],
          [
            0,
            0,
            0,
            0
          ]
        ],
        "V_matmul_U": [
          [
            0,
            0,
            0,
            0
          ],
          [
            0,
            0,
            0,
            0
          ],
          [
            0,
            0,
            0,
            0
          ],
          [
            0,
            0,
            0,
            0
          ]
        ],
        "V_T_matmul_U": [
          [
            0,
            0,
            0,
            0
          ],
          [
            0,
            0,
            0,
            0
          ],
          [
            0,
            0,
            0,
            0
          ],
          [
            0,
            0,
            0,
            0
          ]
        ],
        "U_T_matmul_V_T": [
          [
            0,
            0,
            0,
            0
          ],
          [
            0,
            0,
            0,
            0
          ],
          [
            0,
            0,
            0,
            0
          ],
          [
            0,
            0,
            0,
            0
          ]
        ]
      },
      "final": {
        "compress_reports": [
          {
            "row_index": 0,
            "ok": true,
            "error": null
          },
          {
            "row_index": 1,
            "ok": true,
            "error": null
          },
          {
            "row_index": 2,
            "ok": true,
            "error": null
          },
          {
            "row_index": 3,
            "ok": true,
            "error": null
          }
        ],
        "decrypt_reports": [
          {
            "row_index": 0,
            "ok": true,
            "error": null
          },
          {
            "row_index": 1,
            "ok": true,
            "error": null
          },
          {
            "row_index": 2,
            "ok": true,
            "error": null
          },
          {
            "row_index": 3,
            "ok": true,
            "error": null
          }
        ],
        "decoded": [
          [
            2,
            -6,
            -24,
            -6
          ],
          [
            2,
            -1,
            -1,
            -1
          ],
          [
            0,
            -1,
            0,
            0
          ],
          [
            -2,
            -1,
            1,
            1
          ]
        ]
      },
      "trace": {
        "U_info": {
          "a_scalar": 1,
          "template_ring_dim": 16384,
          "template_num_towers": 4,
          "moduli_u64": [
            1152921504606748673,
            1125899904679937,
            1125899908022273,
            557057
          ],
          "sk_num_towers": 4,
          "sk_coeff_count": 4,
          "sk_tower0_coeffs": [
            1152921504606748672,
            1152921504606748672,
            0,
            1
          ]
        },
        "V_info": {
          "a_scalar": 1,
          "template_ring_dim": 16384,
          "template_num_towers": 4,
          "moduli_u64": [
            1152921504606748673,
            1125899904679937,
            1125899908022273,
            557057
          ],
          "sk_num_towers": 4,
          "sk_coeff_count": 4,
          "sk_tower0_coeffs": [
            1152921504606748672,
            1152921504606748672,
            0,
            1
          ]
        },
        "U_decrypt_exact": {
          "all_rows_decrypted": true,
          "exact": true,
          "max_abs_err": 0,
          "l1_err": 0,
          "diff": [
            [
              0,
              0,
              0,
              0
            ],
            [
              0,
              0,
              0,
              0
            ],
            [
              0,
              0,
              0,
              0
            ],
            [
              0,
              0,
              0,
              0
            ]
          ]
        },
        "V_decrypt_exact": {
          "all_rows_decrypted": true,
          "exact": true,
          "max_abs_err": 0,
          "l1_err": 0,
          "diff": [
            [
              0,
              0,
              0,
              0
            ],
            [
              0,
              0,
              0,
              0
            ],
            [
              0,
              0,
              0,
              0
            ],
            [
              0,
              0,
              0,
              0
            ]
          ]
        },
        "temp_cmt_mode": "raw_component",
        "U_cmt_trace": {
          "input_plaintext_matrix": [
            [
              0,
              0,
              0,
              0
            ],
            [
              0,
              0,
              0,
              0
            ],
            [
              0,
              0,
              0,
              1
            ],
            [
              0,
              0,
              0,
              0
            ]
          ],
          "output_plaintext_transpose": [
            [
              0,
              0,
              0,
              0
            ],
            [
              0,
              0,
              0,
              0
            ],
            [
              0,
              0,
              0,
              0
            ],
            [
              0,
              0,
              1,
              0
            ]
          ],
          "a_scalar": 1,
          "warning": "debug-only decrypt-transpose-reencrypt oracle"
        },
        "T01_cmt_trace": {
          "mode": "raw_component",
          "zh": "对 temporary component-pair 做 raw component transpose，不按 RLWE phase 解密。"
        },
        "T00_cmt_trace": {
          "mode": "raw_component",
          "zh": "对 temporary component-pair 做 raw component transpose，不按 RLWE phase 解密。"
        },
        "Ahat_export": {
          "part": 1,
          "num_rows": 4,
          "num_towers": 4,
          "ring_dim": 16384,
          "coeff_count": 16384,
          "row0_tower0_coeff_head": [
            1,
            1,
            1,
            1,
            0,
            0,
            0,
            0
          ]
        },
        "Bhat_export": {
          "part": 0,
          "num_rows": 4,
          "num_towers": 4,
          "ring_dim": 16384,
          "coeff_count": 16384,
          "row0_tower0_coeff_head": [
            0,
            0,
            0,
            0,
            0,
            0,
            0,
            0
          ]
        },
        "line5_ks_inputs_summary": {
          "num_rows": 4,
          "consistent_shape": true,
          "expected_parts": 3,
          "expected_towers": 4,
          "expected_ring_dim": 16384,
          "rows": [
            {
              "row_index": 0,
              "encoding_type": 1,
              "num_parts": 3,
              "level": 0,
              "slots": 0
            },
            {
              "row_index": 1,
              "encoding_type": 1,
              "num_parts": 3,
              "level": 0,
              "slots": 0
            },
            {
              "row_index": 2,
              "encoding_type": 1,
              "num_parts": 3,
              "level": 0,
              "slots": 0
            },
            {
              "row_index": 3,
              "encoding_type": 1,
              "num_parts": 3,
              "level": 0,
              "slots": 0
            }
          ]
        },
        "line5_ks_outputs_summary": {
          "num_rows": 4,
          "consistent_shape": true,
          "expected_parts": 2,
          "expected_towers": 4,
          "expected_ring_dim": 16384,
          "rows": [
            {
              "row_index": 0,
              "encoding_type": 1,
              "num_parts": 2,
              "level": 0,
              "slots": 0
            },
            {
              "row_index": 1,
              "encoding_type": 1,
              "num_parts": 2,
              "level": 0,
              "slots": 0
            },
            {
              "row_index": 2,
              "encoding_type": 1,
              "num_parts": 2,
              "level": 0,
              "slots": 0
            },
            {
              "row_index": 3,
              "encoding_type": 1,
              "num_parts": 2,
              "level": 0,
              "slots": 0
            }
          ]
        },
        "line5_rows_summary": {
          "num_rows": 4,
          "consistent_shape": true,
          "expected_parts": 2,
          "expected_towers": 4,
          "expected_ring_dim": 16384,
          "rows": [
            {
              "row_index": 0,
              "encoding_type": 1,
              "num_parts": 2,
              "level": 0,
              "slots": 0
            },
            {
              "row_index": 1,
              "encoding_type": 1,
              "num_parts": 2,
              "level": 0,
              "slots": 0
            },
            {
              "row_index": 2,
              "encoding_type": 1,
              "num_parts": 2,
              "level": 0,
              "slots": 0
            },
            {
              "row_index": 3,
              "encoding_type": 1,
              "num_parts": 2,
              "level": 0,
              "slots": 0
            }
          ]
        },
        "T01_cmt_rows_summary": {
          "num_rows": 4,
          "consistent_shape": true,
          "expected_parts": 2,
          "expected_towers": 4,
          "expected_ring_dim": 16384,
          "rows": [
            {
              "row_index": 0,
              "encoding_type": 1,
              "num_parts": 2,
              "level": 0,
              "slots": 0
            },
            {
              "row_index": 1,
              "encoding_type": 1,
              "num_parts": 2,
              "level": 0,
              "slots": 0
            },
            {
              "row_index": 2,
              "encoding_type": 1,
              "num_parts": 2,
              "level": 0,
              "slots": 0
            },
            {
              "row_index": 3,
              "encoding_type": 1,
              "num_parts": 2,
              "level": 0,
              "slots": 0
            }
          ]
        },
        "M10_M11_pair_rows_summary": {
          "num_rows": 4,
          "consistent_shape": true,
          "expected_parts": 2,
          "expected_towers": 4,
          "expected_ring_dim": 16384,
          "rows": [
            {
              "row_index": 0,
              "encoding_type": 1,
              "num_parts": 2,
              "level": 0,
              "slots": 0
            },
            {
              "row_index": 1,
              "encoding_type": 1,
              "num_parts": 2,
              "level": 0,
              "slots": 0
            },
            {
              "row_index": 2,
              "encoding_type": 1,
              "num_parts": 2,
              "level": 0,
              "slots": 0
            },
            {
              "row_index": 3,
              "encoding_type": 1,
              "num_parts": 2,
              "level": 0,
              "slots": 0
            }
          ]
        },
        "final_rows_summary": {
          "num_rows": 4,
          "consistent_shape": true,
          "expected_parts": 2,
          "expected_towers": 4,
          "expected_ring_dim": 16384,
          "rows": [
            {
              "row_index": 0,
              "encoding_type": 1,
              "num_parts": 2,
              "level": 0,
              "slots": 0
            },
            {
              "row_index": 1,
              "encoding_type": 1,
              "num_parts": 2,
              "level": 0,
              "slots": 0
            },
            {
              "row_index": 2,
              "encoding_type": 1,
              "num_parts": 2,
              "level": 0,
              "slots": 0
            },
            {
              "row_index": 3,
              "encoding_type": 1,
              "num_parts": 2,
              "level": 0,
              "slots": 0
            }
          ]
        }
      },
      "comparisons": {
        "U_matmul_V": {
          "all_rows_decrypted": true,
          "exact": false,
          "max_abs_err": 24,
          "l1_err": 50,
          "diff": [
            [
              2,
              -6,
              -24,
              -6
            ],
            [
              2,
              -1,
              -1,
              -1
            ],
            [
              0,
              -2,
              0,
              0
            ],
            [
              -2,
              -1,
              1,
              1
            ]
          ]
        },
        "U_T_matmul_V": {
          "all_rows_decrypted": true,
          "exact": false,
          "max_abs_err": 24,
          "l1_err": 49,
          "diff": [
            [
              2,
              -6,
              -24,
              -6
            ],
            [
              2,
              -1,
              -1,
              -1
            ],
            [
              0,
              -1,
              0,
              0
            ],
            [
              -2,
              -1,
              1,
              1
            ]
          ]
        },
        "U_matmul_V_T": {
          "all_rows_decrypted": true,
          "exact": false,
          "max_abs_err": 24,
          "l1_err": 49,
          "diff": [
            [
              2,
              -6,
              -24,
              -6
            ],
            [
              2,
              -1,
              -1,
              -1
            ],
            [
              0,
              -1,
              0,
              0
            ],
            [
              -2,
              -1,
              1,
              1
            ]
          ]
        },
        "V_matmul_U": {
          "all_rows_decrypted": true,
          "exact": false,
          "max_abs_err": 24,
          "l1_err": 49,
          "diff": [
            [
              2,
              -6,
              -24,
              -6
            ],
            [
              2,
              -1,
              -1,
              -1
            ],
            [
              0,
              -1,
              0,
              0
            ],
            [
              -2,
              -1,
              1,
              1
            ]
          ]
        },
        "V_T_matmul_U": {
          "all_rows_decrypted": true,
          "exact": false,
          "max_abs_err": 24,
          "l1_err": 49,
          "diff": [
            [
              2,
              -6,
              -24,
              -6
            ],
            [
              2,
              -1,
              -1,
              -1
            ],
            [
              0,
              -1,
              0,
              0
            ],
            [
              -2,
              -1,
              1,
              1
            ]
          ]
        },
        "U_T_matmul_V_T": {
          "all_rows_decrypted": true,
          "exact": false,
          "max_abs_err": 24,
          "l1_err": 49,
          "diff": [
            [
              2,
              -6,
              -24,
              -6
            ],
            [
              2,
              -1,
              -1,
              -1
            ],
            [
              0,
              -1,
              0,
              0
            ],
            [
              -2,
              -1,
              1,
              1
            ]
          ]
        }
      }
    },
    {
      "name": "identity_times_random_small",
      "a_scalar": 1,
      "temp_cmt_mode": "raw_component",
      "input_U": [
        [
          1,
          0,
          0,
          0
        ],
        [
          0,
          1,
          0,
          0
        ],
        [
          0,
          0,
          1,
          0
        ],
        [
          0,
          0,
          0,
          1
        ]
      ],
      "input_V": [
        [
          0,
          -2,
          -1,
          -1
        ],
        [
          -2,
          1,
          -1,
          0
        ],
        [
          1,
          -1,
          -2,
          -1
        ],
        [
          0,
          -1,
          -1,
          2
        ]
      ],
      "references": {
        "U_matmul_V": [
          [
            0,
            -2,
            -1,
            -1
          ],
          [
            -2,
            1,
            -1,
            0
          ],
          [
            1,
            -1,
            -2,
            -1
          ],
          [
            0,
            -1,
            -1,
            2
          ]
        ],
        "U_T_matmul_V": [
          [
            0,
            -2,
            -1,
            -1
          ],
          [
            -2,
            1,
            -1,
            0
          ],
          [
            1,
            -1,
            -2,
            -1
          ],
          [
            0,
            -1,
            -1,
            2
          ]
        ],
        "U_matmul_V_T": [
          [
            0,
            -2,
            1,
            0
          ],
          [
            -2,
            1,
            -1,
            -1
          ],
          [
            -1,
            -1,
            -2,
            -1
          ],
          [
            -1,
            0,
            -1,
            2
          ]
        ],
        "V_matmul_U": [
          [
            0,
            -2,
            -1,
            -1
          ],
          [
            -2,
            1,
            -1,
            0
          ],
          [
            1,
            -1,
            -2,
            -1
          ],
          [
            0,
            -1,
            -1,
            2
          ]
        ],
        "V_T_matmul_U": [
          [
            0,
            -2,
            1,
            0
          ],
          [
            -2,
            1,
            -1,
            -1
          ],
          [
            -1,
            -1,
            -2,
            -1
          ],
          [
            -1,
            0,
            -1,
            2
          ]
        ],
        "U_T_matmul_V_T": [
          [
            0,
            -2,
            1,
            0
          ],
          [
            -2,
            1,
            -1,
            -1
          ],
          [
            -1,
            -1,
            -2,
            -1
          ],
          [
            -1,
            0,
            -1,
            2
          ]
        ]
      },
      "final": {
        "compress_reports": [
          {
            "row_index": 0,
            "ok": true,
            "error": null
          },
          {
            "row_index": 1,
            "ok": true,
            "error": null
          },
          {
            "row_index": 2,
            "ok": true,
            "error": null
          },
          {
            "row_index": 3,
            "ok": true,
            "error": null
          }
        ],
        "decrypt_reports": [
          {
            "row_index": 0,
            "ok": true,
            "error": null
          },
          {
            "row_index": 1,
            "ok": true,
            "error": null
          },
          {
            "row_index": 2,
            "ok": true,
            "error": null
          },
          {
            "row_index": 3,
            "ok": true,
            "error": null
          }
        ],
        "decoded": [
          [
            0,
            -7,
            24,
            -10
          ],
          [
            -6,
            1,
            -1,
            -2
          ],
          [
            -3,
            -1,
            -2,
            -3
          ],
          [
            -6,
            -1,
            0,
            1
          ]
        ]
      },
      "trace": {
        "U_info": {
          "a_scalar": 1,
          "template_ring_dim": 16384,
          "template_num_towers": 4,
          "moduli_u64": [
            1152921504606748673,
            1125899904679937,
            1125899908022273,
            557057
          ],
          "sk_num_towers": 4,
          "sk_coeff_count": 4,
          "sk_tower0_coeffs": [
            1152921504606748672,
            1152921504606748672,
            0,
            1
          ]
        },
        "V_info": {
          "a_scalar": 1,
          "template_ring_dim": 16384,
          "template_num_towers": 4,
          "moduli_u64": [
            1152921504606748673,
            1125899904679937,
            1125899908022273,
            557057
          ],
          "sk_num_towers": 4,
          "sk_coeff_count": 4,
          "sk_tower0_coeffs": [
            1152921504606748672,
            1152921504606748672,
            0,
            1
          ]
        },
        "U_decrypt_exact": {
          "all_rows_decrypted": true,
          "exact": true,
          "max_abs_err": 0,
          "l1_err": 0,
          "diff": [
            [
              0,
              0,
              0,
              0
            ],
            [
              0,
              0,
              0,
              0
            ],
            [
              0,
              0,
              0,
              0
            ],
            [
              0,
              0,
              0,
              0
            ]
          ]
        },
        "V_decrypt_exact": {
          "all_rows_decrypted": true,
          "exact": true,
          "max_abs_err": 0,
          "l1_err": 0,
          "diff": [
            [
              0,
              0,
              0,
              0
            ],
            [
              0,
              0,
              0,
              0
            ],
            [
              0,
              0,
              0,
              0
            ],
            [
              0,
              0,
              0,
              0
            ]
          ]
        },
        "temp_cmt_mode": "raw_component",
        "U_cmt_trace": {
          "input_plaintext_matrix": [
            [
              1,
              0,
              0,
              0
            ],
            [
              0,
              1,
              0,
              0
            ],
            [
              0,
              0,
              1,
              0
            ],
            [
              0,
              0,
              0,
              1
            ]
          ],
          "output_plaintext_transpose": [
            [
              1,
              0,
              0,
              0
            ],
            [
              0,
              1,
              0,
              0
            ],
            [
              0,
              0,
              1,
              0
            ],
            [
              0,
              0,
              0,
              1
            ]
          ],
          "a_scalar": 1,
          "warning": "debug-only decrypt-transpose-reencrypt oracle"
        },
        "T01_cmt_trace": {
          "mode": "raw_component",
          "zh": "对 temporary component-pair 做 raw component transpose，不按 RLWE phase 解密。"
        },
        "T00_cmt_trace": {
          "mode": "raw_component",
          "zh": "对 temporary component-pair 做 raw component transpose，不按 RLWE phase 解密。"
        },
        "Ahat_export": {
          "part": 1,
          "num_rows": 4,
          "num_towers": 4,
          "ring_dim": 16384,
          "coeff_count": 16384,
          "row0_tower0_coeff_head": [
            1,
            1,
            1,
            1,
            0,
            0,
            0,
            0
          ]
        },
        "Bhat_export": {
          "part": 0,
          "num_rows": 4,
          "num_towers": 4,
          "ring_dim": 16384,
          "coeff_count": 16384,
          "row0_tower0_coeff_head": [
            0,
            0,
            0,
            0,
            0,
            0,
            0,
            0
          ]
        },
        "line5_ks_inputs_summary": {
          "num_rows": 4,
          "consistent_shape": true,
          "expected_parts": 3,
          "expected_towers": 4,
          "expected_ring_dim": 16384,
          "rows": [
            {
              "row_index": 0,
              "encoding_type": 1,
              "num_parts": 3,
              "level": 0,
              "slots": 0
            },
            {
              "row_index": 1,
              "encoding_type": 1,
              "num_parts": 3,
              "level": 0,
              "slots": 0
            },
            {
              "row_index": 2,
              "encoding_type": 1,
              "num_parts": 3,
              "level": 0,
              "slots": 0
            },
            {
              "row_index": 3,
              "encoding_type": 1,
              "num_parts": 3,
              "level": 0,
              "slots": 0
            }
          ]
        },
        "line5_ks_outputs_summary": {
          "num_rows": 4,
          "consistent_shape": true,
          "expected_parts": 2,
          "expected_towers": 4,
          "expected_ring_dim": 16384,
          "rows": [
            {
              "row_index": 0,
              "encoding_type": 1,
              "num_parts": 2,
              "level": 0,
              "slots": 0
            },
            {
              "row_index": 1,
              "encoding_type": 1,
              "num_parts": 2,
              "level": 0,
              "slots": 0
            },
            {
              "row_index": 2,
              "encoding_type": 1,
              "num_parts": 2,
              "level": 0,
              "slots": 0
            },
            {
              "row_index": 3,
              "encoding_type": 1,
              "num_parts": 2,
              "level": 0,
              "slots": 0
            }
          ]
        },
        "line5_rows_summary": {
          "num_rows": 4,
          "consistent_shape": true,
          "expected_parts": 2,
          "expected_towers": 4,
          "expected_ring_dim": 16384,
          "rows": [
            {
              "row_index": 0,
              "encoding_type": 1,
              "num_parts": 2,
              "level": 0,
              "slots": 0
            },
            {
              "row_index": 1,
              "encoding_type": 1,
              "num_parts": 2,
              "level": 0,
              "slots": 0
            },
            {
              "row_index": 2,
              "encoding_type": 1,
              "num_parts": 2,
              "level": 0,
              "slots": 0
            },
            {
              "row_index": 3,
              "encoding_type": 1,
              "num_parts": 2,
              "level": 0,
              "slots": 0
            }
          ]
        },
        "T01_cmt_rows_summary": {
          "num_rows": 4,
          "consistent_shape": true,
          "expected_parts": 2,
          "expected_towers": 4,
          "expected_ring_dim": 16384,
          "rows": [
            {
              "row_index": 0,
              "encoding_type": 1,
              "num_parts": 2,
              "level": 0,
              "slots": 0
            },
            {
              "row_index": 1,
              "encoding_type": 1,
              "num_parts": 2,
              "level": 0,
              "slots": 0
            },
            {
              "row_index": 2,
              "encoding_type": 1,
              "num_parts": 2,
              "level": 0,
              "slots": 0
            },
            {
              "row_index": 3,
              "encoding_type": 1,
              "num_parts": 2,
              "level": 0,
              "slots": 0
            }
          ]
        },
        "M10_M11_pair_rows_summary": {
          "num_rows": 4,
          "consistent_shape": true,
          "expected_parts": 2,
          "expected_towers": 4,
          "expected_ring_dim": 16384,
          "rows": [
            {
              "row_index": 0,
              "encoding_type": 1,
              "num_parts": 2,
              "level": 0,
              "slots": 0
            },
            {
              "row_index": 1,
              "encoding_type": 1,
              "num_parts": 2,
              "level": 0,
              "slots": 0
            },
            {
              "row_index": 2,
              "encoding_type": 1,
              "num_parts": 2,
              "level": 0,
              "slots": 0
            },
            {
              "row_index": 3,
              "encoding_type": 1,
              "num_parts": 2,
              "level": 0,
              "slots": 0
            }
          ]
        },
        "final_rows_summary": {
          "num_rows": 4,
          "consistent_shape": true,
          "expected_parts": 2,
          "expected_towers": 4,
          "expected_ring_dim": 16384,
          "rows": [
            {
              "row_index": 0,
              "encoding_type": 1,
              "num_parts": 2,
              "level": 0,
              "slots": 0
            },
            {
              "row_index": 1,
              "encoding_type": 1,
              "num_parts": 2,
              "level": 0,
              "slots": 0
            },
            {
              "row_index": 2,
              "encoding_type": 1,
              "num_parts": 2,
              "level": 0,
              "slots": 0
            },
            {
              "row_index": 3,
              "encoding_type": 1,
              "num_parts": 2,
              "level": 0,
              "slots": 0
            }
          ]
        }
      },
      "comparisons": {
        "U_matmul_V": {
          "all_rows_decrypted": true,
          "exact": false,
          "max_abs_err": 25,
          "l1_err": 59,
          "diff": [
            [
              0,
              -5,
              25,
              -9
            ],
            [
              -4,
              0,
              0,
              -2
            ],
            [
              -4,
              0,
              0,
              -2
            ],
            [
              -6,
              0,
              1,
              -1
            ]
          ]
        },
        "U_T_matmul_V": {
          "all_rows_decrypted": true,
          "exact": false,
          "max_abs_err": 25,
          "l1_err": 59,
          "diff": [
            [
              0,
              -5,
              25,
              -9
            ],
            [
              -4,
              0,
              0,
              -2
            ],
            [
              -4,
              0,
              0,
              -2
            ],
            [
              -6,
              0,
              1,
              -1
            ]
          ]
        },
        "U_matmul_V_T": {
          "all_rows_decrypted": true,
          "exact": false,
          "max_abs_err": 23,
          "l1_err": 55,
          "diff": [
            [
              0,
              -5,
              23,
              -10
            ],
            [
              -4,
              0,
              0,
              -1
            ],
            [
              -2,
              0,
              0,
              -2
            ],
            [
              -5,
              -1,
              1,
              -1
            ]
          ]
        },
        "V_matmul_U": {
          "all_rows_decrypted": true,
          "exact": false,
          "max_abs_err": 25,
          "l1_err": 59,
          "diff": [
            [
              0,
              -5,
              25,
              -9
            ],
            [
              -4,
              0,
              0,
              -2
            ],
            [
              -4,
              0,
              0,
              -2
            ],
            [
              -6,
              0,
              1,
              -1
            ]
          ]
        },
        "V_T_matmul_U": {
          "all_rows_decrypted": true,
          "exact": false,
          "max_abs_err": 23,
          "l1_err": 55,
          "diff": [
            [
              0,
              -5,
              23,
              -10
            ],
            [
              -4,
              0,
              0,
              -1
            ],
            [
              -2,
              0,
              0,
              -2
            ],
            [
              -5,
              -1,
              1,
              -1
            ]
          ]
        },
        "U_T_matmul_V_T": {
          "all_rows_decrypted": true,
          "exact": false,
          "max_abs_err": 23,
          "l1_err": 55,
          "diff": [
            [
              0,
              -5,
              23,
              -10
            ],
            [
              -4,
              0,
              0,
              -1
            ],
            [
              -2,
              0,
              0,
              -2
            ],
            [
              -5,
              -1,
              1,
              -1
            ]
          ]
        }
      }
    },
    {
      "name": "random_small_times_identity",
      "a_scalar": 1,
      "temp_cmt_mode": "raw_component",
      "input_U": [
        [
          2,
          2,
          -2,
          2
        ],
        [
          2,
          -2,
          1,
          0
        ],
        [
          2,
          0,
          -1,
          -1
        ],
        [
          -1,
          -1,
          0,
          0
        ]
      ],
      "input_V": [
        [
          1,
          0,
          0,
          0
        ],
        [
          0,
          1,
          0,
          0
        ],
        [
          0,
          0,
          1,
          0
        ],
        [
          0,
          0,
          0,
          1
        ]
      ],
      "references": {
        "U_matmul_V": [
          [
            2,
            2,
            -2,
            2
          ],
          [
            2,
            -2,
            1,
            0
          ],
          [
            2,
            0,
            -1,
            -1
          ],
          [
            -1,
            -1,
            0,
            0
          ]
        ],
        "U_T_matmul_V": [
          [
            2,
            2,
            2,
            -1
          ],
          [
            2,
            -2,
            0,
            -1
          ],
          [
            -2,
            1,
            -1,
            0
          ],
          [
            2,
            0,
            -1,
            0
          ]
        ],
        "U_matmul_V_T": [
          [
            2,
            2,
            -2,
            2
          ],
          [
            2,
            -2,
            1,
            0
          ],
          [
            2,
            0,
            -1,
            -1
          ],
          [
            -1,
            -1,
            0,
            0
          ]
        ],
        "V_matmul_U": [
          [
            2,
            2,
            -2,
            2
          ],
          [
            2,
            -2,
            1,
            0
          ],
          [
            2,
            0,
            -1,
            -1
          ],
          [
            -1,
            -1,
            0,
            0
          ]
        ],
        "V_T_matmul_U": [
          [
            2,
            2,
            -2,
            2
          ],
          [
            2,
            -2,
            1,
            0
          ],
          [
            2,
            0,
            -1,
            -1
          ],
          [
            -1,
            -1,
            0,
            0
          ]
        ],
        "U_T_matmul_V_T": [
          [
            2,
            2,
            2,
            -1
          ],
          [
            2,
            -2,
            0,
            -1
          ],
          [
            -2,
            1,
            -1,
            0
          ],
          [
            2,
            0,
            -1,
            0
          ]
        ]
      },
      "final": {
        "compress_reports": [
          {
            "row_index": 0,
            "ok": true,
            "error": null
          },
          {
            "row_index": 1,
            "ok": true,
            "error": null
          },
          {
            "row_index": 2,
            "ok": true,
            "error": null
          },
          {
            "row_index": 3,
            "ok": true,
            "error": null
          }
        ],
        "decrypt_reports": [
          {
            "row_index": 0,
            "ok": true,
            "error": null
          },
          {
            "row_index": 1,
            "ok": true,
            "error": null
          },
          {
            "row_index": 2,
            "ok": true,
            "error": null
          },
          {
            "row_index": 3,
            "ok": true,
            "error": null
          }
        ],
        "decoded": [
          [
            7,
            -2,
            -23,
            -9
          ],
          [
            5,
            -1,
            -1,
            -3
          ],
          [
            -1,
            2,
            -1,
            -1
          ],
          [
            1,
            1,
            0,
            0
          ]
        ]
      },
      "trace": {
        "U_info": {
          "a_scalar": 1,
          "template_ring_dim": 16384,
          "template_num_towers": 4,
          "moduli_u64": [
            1152921504606748673,
            1125899904679937,
            1125899908022273,
            557057
          ],
          "sk_num_towers": 4,
          "sk_coeff_count": 4,
          "sk_tower0_coeffs": [
            1152921504606748672,
            1152921504606748672,
            0,
            1
          ]
        },
        "V_info": {
          "a_scalar": 1,
          "template_ring_dim": 16384,
          "template_num_towers": 4,
          "moduli_u64": [
            1152921504606748673,
            1125899904679937,
            1125899908022273,
            557057
          ],
          "sk_num_towers": 4,
          "sk_coeff_count": 4,
          "sk_tower0_coeffs": [
            1152921504606748672,
            1152921504606748672,
            0,
            1
          ]
        },
        "U_decrypt_exact": {
          "all_rows_decrypted": true,
          "exact": true,
          "max_abs_err": 0,
          "l1_err": 0,
          "diff": [
            [
              0,
              0,
              0,
              0
            ],
            [
              0,
              0,
              0,
              0
            ],
            [
              0,
              0,
              0,
              0
            ],
            [
              0,
              0,
              0,
              0
            ]
          ]
        },
        "V_decrypt_exact": {
          "all_rows_decrypted": true,
          "exact": true,
          "max_abs_err": 0,
          "l1_err": 0,
          "diff": [
            [
              0,
              0,
              0,
              0
            ],
            [
              0,
              0,
              0,
              0
            ],
            [
              0,
              0,
              0,
              0
            ],
            [
              0,
              0,
              0,
              0
            ]
          ]
        },
        "temp_cmt_mode": "raw_component",
        "U_cmt_trace": {
          "input_plaintext_matrix": [
            [
              2,
              2,
              -2,
              2
            ],
            [
              2,
              -2,
              1,
              0
            ],
            [
              2,
              0,
              -1,
              -1
            ],
            [
              -1,
              -1,
              0,
              0
            ]
          ],
          "output_plaintext_transpose": [
            [
              2,
              2,
              2,
              -1
            ],
            [
              2,
              -2,
              0,
              -1
            ],
            [
              -2,
              1,
              -1,
              0
            ],
            [
              2,
              0,
              -1,
              0
            ]
          ],
          "a_scalar": 1,
          "warning": "debug-only decrypt-transpose-reencrypt oracle"
        },
        "T01_cmt_trace": {
          "mode": "raw_component",
          "zh": "对 temporary component-pair 做 raw component transpose，不按 RLWE phase 解密。"
        },
        "T00_cmt_trace": {
          "mode": "raw_component",
          "zh": "对 temporary component-pair 做 raw component transpose，不按 RLWE phase 解密。"
        },
        "Ahat_export": {
          "part": 1,
          "num_rows": 4,
          "num_towers": 4,
          "ring_dim": 16384,
          "coeff_count": 16384,
          "row0_tower0_coeff_head": [
            1,
            1,
            1,
            1,
            0,
            0,
            0,
            0
          ]
        },
        "Bhat_export": {
          "part": 0,
          "num_rows": 4,
          "num_towers": 4,
          "ring_dim": 16384,
          "coeff_count": 16384,
          "row0_tower0_coeff_head": [
            0,
            0,
            0,
            0,
            0,
            0,
            0,
            0
          ]
        },
        "line5_ks_inputs_summary": {
          "num_rows": 4,
          "consistent_shape": true,
          "expected_parts": 3,
          "expected_towers": 4,
          "expected_ring_dim": 16384,
          "rows": [
            {
              "row_index": 0,
              "encoding_type": 1,
              "num_parts": 3,
              "level": 0,
              "slots": 0
            },
            {
              "row_index": 1,
              "encoding_type": 1,
              "num_parts": 3,
              "level": 0,
              "slots": 0
            },
            {
              "row_index": 2,
              "encoding_type": 1,
              "num_parts": 3,
              "level": 0,
              "slots": 0
            },
            {
              "row_index": 3,
              "encoding_type": 1,
              "num_parts": 3,
              "level": 0,
              "slots": 0
            }
          ]
        },
        "line5_ks_outputs_summary": {
          "num_rows": 4,
          "consistent_shape": true,
          "expected_parts": 2,
          "expected_towers": 4,
          "expected_ring_dim": 16384,
          "rows": [
            {
              "row_index": 0,
              "encoding_type": 1,
              "num_parts": 2,
              "level": 0,
              "slots": 0
            },
            {
              "row_index": 1,
              "encoding_type": 1,
              "num_parts": 2,
              "level": 0,
              "slots": 0
            },
            {
              "row_index": 2,
              "encoding_type": 1,
              "num_parts": 2,
              "level": 0,
              "slots": 0
            },
            {
              "row_index": 3,
              "encoding_type": 1,
              "num_parts": 2,
              "level": 0,
              "slots": 0
            }
          ]
        },
        "line5_rows_summary": {
          "num_rows": 4,
          "consistent_shape": true,
          "expected_parts": 2,
          "expected_towers": 4,
          "expected_ring_dim": 16384,
          "rows": [
            {
              "row_index": 0,
              "encoding_type": 1,
              "num_parts": 2,
              "level": 0,
              "slots": 0
            },
            {
              "row_index": 1,
              "encoding_type": 1,
              "num_parts": 2,
              "level": 0,
              "slots": 0
            },
            {
              "row_index": 2,
              "encoding_type": 1,
              "num_parts": 2,
              "level": 0,
              "slots": 0
            },
            {
              "row_index": 3,
              "encoding_type": 1,
              "num_parts": 2,
              "level": 0,
              "slots": 0
            }
          ]
        },
        "T01_cmt_rows_summary": {
          "num_rows": 4,
          "consistent_shape": true,
          "expected_parts": 2,
          "expected_towers": 4,
          "expected_ring_dim": 16384,
          "rows": [
            {
              "row_index": 0,
              "encoding_type": 1,
              "num_parts": 2,
              "level": 0,
              "slots": 0
            },
            {
              "row_index": 1,
              "encoding_type": 1,
              "num_parts": 2,
              "level": 0,
              "slots": 0
            },
            {
              "row_index": 2,
              "encoding_type": 1,
              "num_parts": 2,
              "level": 0,
              "slots": 0
            },
            {
              "row_index": 3,
              "encoding_type": 1,
              "num_parts": 2,
              "level": 0,
              "slots": 0
            }
          ]
        },
        "M10_M11_pair_rows_summary": {
          "num_rows": 4,
          "consistent_shape": true,
          "expected_parts": 2,
          "expected_towers": 4,
          "expected_ring_dim": 16384,
          "rows": [
            {
              "row_index": 0,
              "encoding_type": 1,
              "num_parts": 2,
              "level": 0,
              "slots": 0
            },
            {
              "row_index": 1,
              "encoding_type": 1,
              "num_parts": 2,
              "level": 0,
              "slots": 0
            },
            {
              "row_index": 2,
              "encoding_type": 1,
              "num_parts": 2,
              "level": 0,
              "slots": 0
            },
            {
              "row_index": 3,
              "encoding_type": 1,
              "num_parts": 2,
              "level": 0,
              "slots": 0
            }
          ]
        },
        "final_rows_summary": {
          "num_rows": 4,
          "consistent_shape": true,
          "expected_parts": 2,
          "expected_towers": 4,
          "expected_ring_dim": 16384,
          "rows": [
            {
              "row_index": 0,
              "encoding_type": 1,
              "num_parts": 2,
              "level": 0,
              "slots": 0
            },
            {
              "row_index": 1,
              "encoding_type": 1,
              "num_parts": 2,
              "level": 0,
              "slots": 0
            },
            {
              "row_index": 2,
              "encoding_type": 1,
              "num_parts": 2,
              "level": 0,
              "slots": 0
            },
            {
              "row_index": 3,
              "encoding_type": 1,
              "num_parts": 2,
              "level": 0,
              "slots": 0
            }
          ]
        }
      },
      "comparisons": {
        "U_matmul_V": {
          "all_rows_decrypted": true,
          "exact": false,
          "max_abs_err": 21,
          "l1_err": 59,
          "diff": [
            [
              5,
              -4,
              -21,
              -11
            ],
            [
              3,
              1,
              -2,
              -3
            ],
            [
              -3,
              2,
              0,
              0
            ],
            [
              2,
              2,
              0,
              0
            ]
          ]
        },
        "U_T_matmul_V": {
          "all_rows_decrypted": true,
          "exact": false,
          "max_abs_err": 25,
          "l1_err": 55,
          "diff": [
            [
              5,
              -4,
              -25,
              -8
            ],
            [
              3,
              1,
              -1,
              -2
            ],
            [
              1,
              1,
              0,
              -1
            ],
            [
              -1,
              1,
              1,
              0
            ]
          ]
        },
        "U_matmul_V_T": {
          "all_rows_decrypted": true,
          "exact": false,
          "max_abs_err": 21,
          "l1_err": 59,
          "diff": [
            [
              5,
              -4,
              -21,
              -11
            ],
            [
              3,
              1,
              -2,
              -3
            ],
            [
              -3,
              2,
              0,
              0
            ],
            [
              2,
              2,
              0,
              0
            ]
          ]
        },
        "V_matmul_U": {
          "all_rows_decrypted": true,
          "exact": false,
          "max_abs_err": 21,
          "l1_err": 59,
          "diff": [
            [
              5,
              -4,
              -21,
              -11
            ],
            [
              3,
              1,
              -2,
              -3
            ],
            [
              -3,
              2,
              0,
              0
            ],
            [
              2,
              2,
              0,
              0
            ]
          ]
        },
        "V_T_matmul_U": {
          "all_rows_decrypted": true,
          "exact": false,
          "max_abs_err": 21,
          "l1_err": 59,
          "diff": [
            [
              5,
              -4,
              -21,
              -11
            ],
            [
              3,
              1,
              -2,
              -3
            ],
            [
              -3,
              2,
              0,
              0
            ],
            [
              2,
              2,
              0,
              0
            ]
          ]
        },
        "U_T_matmul_V_T": {
          "all_rows_decrypted": true,
          "exact": false,
          "max_abs_err": 25,
          "l1_err": 55,
          "diff": [
            [
              5,
              -4,
              -25,
              -8
            ],
            [
              3,
              1,
              -1,
              -2
            ],
            [
              1,
              1,
              0,
              -1
            ],
            [
              -1,
              1,
              1,
              0
            ]
          ]
        }
      }
    },
    {
      "name": "basis_E00_times_E00",
      "a_scalar": 1,
      "temp_cmt_mode": "phase_aware",
      "input_U": [
        [
          1,
          0,
          0,
          0
        ],
        [
          0,
          0,
          0,
          0
        ],
        [
          0,
          0,
          0,
          0
        ],
        [
          0,
          0,
          0,
          0
        ]
      ],
      "input_V": [
        [
          1,
          0,
          0,
          0
        ],
        [
          0,
          0,
          0,
          0
        ],
        [
          0,
          0,
          0,
          0
        ],
        [
          0,
          0,
          0,
          0
        ]
      ],
      "references": {
        "U_matmul_V": [
          [
            1,
            0,
            0,
            0
          ],
          [
            0,
            0,
            0,
            0
          ],
          [
            0,
            0,
            0,
            0
          ],
          [
            0,
            0,
            0,
            0
          ]
        ],
        "U_T_matmul_V": [
          [
            1,
            0,
            0,
            0
          ],
          [
            0,
            0,
            0,
            0
          ],
          [
            0,
            0,
            0,
            0
          ],
          [
            0,
            0,
            0,
            0
          ]
        ],
        "U_matmul_V_T": [
          [
            1,
            0,
            0,
            0
          ],
          [
            0,
            0,
            0,
            0
          ],
          [
            0,
            0,
            0,
            0
          ],
          [
            0,
            0,
            0,
            0
          ]
        ],
        "V_matmul_U": [
          [
            1,
            0,
            0,
            0
          ],
          [
            0,
            0,
            0,
            0
          ],
          [
            0,
            0,
            0,
            0
          ],
          [
            0,
            0,
            0,
            0
          ]
        ],
        "V_T_matmul_U": [
          [
            1,
            0,
            0,
            0
          ],
          [
            0,
            0,
            0,
            0
          ],
          [
            0,
            0,
            0,
            0
          ],
          [
            0,
            0,
            0,
            0
          ]
        ],
        "U_T_matmul_V_T": [
          [
            1,
            0,
            0,
            0
          ],
          [
            0,
            0,
            0,
            0
          ],
          [
            0,
            0,
            0,
            0
          ],
          [
            0,
            0,
            0,
            0
          ]
        ]
      },
      "final": {
        "compress_reports": [
          {
            "row_index": 0,
            "ok": true,
            "error": null
          },
          {
            "row_index": 1,
            "ok": true,
            "error": null
          },
          {
            "row_index": 2,
            "ok": true,
            "error": null
          },
          {
            "row_index": 3,
            "ok": true,
            "error": null
          }
        ],
        "decrypt_reports": [
          {
            "row_index": 0,
            "ok": true,
            "error": null
          },
          {
            "row_index": 1,
            "ok": true,
            "error": null
          },
          {
            "row_index": 2,
            "ok": true,
            "error": null
          },
          {
            "row_index": 3,
            "ok": true,
            "error": null
          }
        ],
        "decoded": [
          [
            -15,
            -20,
            -19,
            4
          ],
          [
            -18,
            -22,
            -21,
            2
          ],
          [
            16,
            12,
            -19,
            22
          ],
          [
            3,
            -1,
            -14,
            -5
          ]
        ]
      },
      "trace": {
        "U_info": {
          "a_scalar": 1,
          "template_ring_dim": 16384,
          "template_num_towers": 4,
          "moduli_u64": [
            1152921504606748673,
            1125899904679937,
            1125899908022273,
            557057
          ],
          "sk_num_towers": 4,
          "sk_coeff_count": 4,
          "sk_tower0_coeffs": [
            1152921504606748672,
            1152921504606748672,
            0,
            1
          ]
        },
        "V_info": {
          "a_scalar": 1,
          "template_ring_dim": 16384,
          "template_num_towers": 4,
          "moduli_u64": [
            1152921504606748673,
            1125899904679937,
            1125899908022273,
            557057
          ],
          "sk_num_towers": 4,
          "sk_coeff_count": 4,
          "sk_tower0_coeffs": [
            1152921504606748672,
            1152921504606748672,
            0,
            1
          ]
        },
        "U_decrypt_exact": {
          "all_rows_decrypted": true,
          "exact": true,
          "max_abs_err": 0,
          "l1_err": 0,
          "diff": [
            [
              0,
              0,
              0,
              0
            ],
            [
              0,
              0,
              0,
              0
            ],
            [
              0,
              0,
              0,
              0
            ],
            [
              0,
              0,
              0,
              0
            ]
          ]
        },
        "V_decrypt_exact": {
          "all_rows_decrypted": true,
          "exact": true,
          "max_abs_err": 0,
          "l1_err": 0,
          "diff": [
            [
              0,
              0,
              0,
              0
            ],
            [
              0,
              0,
              0,
              0
            ],
            [
              0,
              0,
              0,
              0
            ],
            [
              0,
              0,
              0,
              0
            ]
          ]
        },
        "temp_cmt_mode": "phase_aware",
        "U_cmt_trace": {
          "input_plaintext_matrix": [
            [
              1,
              0,
              0,
              0
            ],
            [
              0,
              0,
              0,
              0
            ],
            [
              0,
              0,
              0,
              0
            ],
            [
              0,
              0,
              0,
              0
            ]
          ],
          "output_plaintext_transpose": [
            [
              1,
              0,
              0,
              0
            ],
            [
              0,
              0,
              0,
              0
            ],
            [
              0,
              0,
              0,
              0
            ],
            [
              0,
              0,
              0,
              0
            ]
          ],
          "a_scalar": 1,
          "warning": "debug-only decrypt-transpose-reencrypt oracle"
        },
        "T01_cmt_trace": {
          "input_plaintext_matrix": [
            [
              -2,
              -4,
              -2,
              3
            ],
            [
              -2,
              -4,
              -2,
              3
            ],
            [
              -2,
              -4,
              -2,
              3
            ],
            [
              -2,
              -4,
              -2,
              3
            ]
          ],
          "output_plaintext_transpose": [
            [
              -2,
              -2,
              -2,
              -2
            ],
            [
              -4,
              -4,
              -4,
              -4
            ],
            [
              -2,
              -2,
              -2,
              -2
            ],
            [
              3,
              3,
              3,
              3
            ]
          ],
          "a_scalar": 1,
          "warning": "debug-only decrypt-transpose-reencrypt oracle",
          "mode": "phase_aware"
        },
        "T00_cmt_trace": {
          "input_plaintext_matrix": [
            [
              -1,
              -1,
              0,
              1
            ],
            [
              -1,
              -1,
              0,
              1
            ],
            [
              -1,
              -1,
              0,
              1
            ],
            [
              -1,
              -1,
              0,
              1
            ]
          ],
          "output_plaintext_transpose": [
            [
              -1,
              -1,
              -1,
              -1
            ],
            [
              -1,
              -1,
              -1,
              -1
            ],
            [
              0,
              0,
              0,
              0
            ],
            [
              1,
              1,
              1,
              1
            ]
          ],
          "a_scalar": 1,
          "warning": "debug-only decrypt-transpose-reencrypt oracle",
          "mode": "phase_aware"
        },
        "Ahat_export": {
          "part": 1,
          "num_rows": 4,
          "num_towers": 4,
          "ring_dim": 16384,
          "coeff_count": 16384,
          "row0_tower0_coeff_head": [
            1,
            0,
            0,
            0,
            0,
            0,
            0,
            0
          ]
        },
        "Bhat_export": {
          "part": 0,
          "num_rows": 4,
          "num_towers": 4,
          "ring_dim": 16384,
          "coeff_count": 16384,
          "row0_tower0_coeff_head": [
            0,
            0,
            1152921504606748672,
            1152921504606748671,
            0,
            0,
            0,
            0
          ]
        },
        "line5_ks_inputs_summary": {
          "num_rows": 4,
          "consistent_shape": true,
          "expected_parts": 3,
          "expected_towers": 4,
          "expected_ring_dim": 16384,
          "rows": [
            {
              "row_index": 0,
              "encoding_type": 1,
              "num_parts": 3,
              "level": 0,
              "slots": 0
            },
            {
              "row_index": 1,
              "encoding_type": 1,
              "num_parts": 3,
              "level": 0,
              "slots": 0
            },
            {
              "row_index": 2,
              "encoding_type": 1,
              "num_parts": 3,
              "level": 0,
              "slots": 0
            },
            {
              "row_index": 3,
              "encoding_type": 1,
              "num_parts": 3,
              "level": 0,
              "slots": 0
            }
          ]
        },
        "line5_ks_outputs_summary": {
          "num_rows": 4,
          "consistent_shape": true,
          "expected_parts": 2,
          "expected_towers": 4,
          "expected_ring_dim": 16384,
          "rows": [
            {
              "row_index": 0,
              "encoding_type": 1,
              "num_parts": 2,
              "level": 0,
              "slots": 0
            },
            {
              "row_index": 1,
              "encoding_type": 1,
              "num_parts": 2,
              "level": 0,
              "slots": 0
            },
            {
              "row_index": 2,
              "encoding_type": 1,
              "num_parts": 2,
              "level": 0,
              "slots": 0
            },
            {
              "row_index": 3,
              "encoding_type": 1,
              "num_parts": 2,
              "level": 0,
              "slots": 0
            }
          ]
        },
        "line5_rows_summary": {
          "num_rows": 4,
          "consistent_shape": true,
          "expected_parts": 2,
          "expected_towers": 4,
          "expected_ring_dim": 16384,
          "rows": [
            {
              "row_index": 0,
              "encoding_type": 1,
              "num_parts": 2,
              "level": 0,
              "slots": 0
            },
            {
              "row_index": 1,
              "encoding_type": 1,
              "num_parts": 2,
              "level": 0,
              "slots": 0
            },
            {
              "row_index": 2,
              "encoding_type": 1,
              "num_parts": 2,
              "level": 0,
              "slots": 0
            },
            {
              "row_index": 3,
              "encoding_type": 1,
              "num_parts": 2,
              "level": 0,
              "slots": 0
            }
          ]
        },
        "T01_cmt_rows_summary": {
          "num_rows": 4,
          "consistent_shape": true,
          "expected_parts": 2,
          "expected_towers": 4,
          "expected_ring_dim": 16384,
          "rows": [
            {
              "row_index": 0,
              "encoding_type": 1,
              "num_parts": 2,
              "level": 0,
              "slots": 0
            },
            {
              "row_index": 1,
              "encoding_type": 1,
              "num_parts": 2,
              "level": 0,
              "slots": 0
            },
            {
              "row_index": 2,
              "encoding_type": 1,
              "num_parts": 2,
              "level": 0,
              "slots": 0
            },
            {
              "row_index": 3,
              "encoding_type": 1,
              "num_parts": 2,
              "level": 0,
              "slots": 0
            }
          ]
        },
        "M10_M11_pair_rows_summary": {
          "num_rows": 4,
          "consistent_shape": true,
          "expected_parts": 2,
          "expected_towers": 4,
          "expected_ring_dim": 16384,
          "rows": [
            {
              "row_index": 0,
              "encoding_type": 1,
              "num_parts": 2,
              "level": 0,
              "slots": 0
            },
            {
              "row_index": 1,
              "encoding_type": 1,
              "num_parts": 2,
              "level": 0,
              "slots": 0
            },
            {
              "row_index": 2,
              "encoding_type": 1,
              "num_parts": 2,
              "level": 0,
              "slots": 0
            },
            {
              "row_index": 3,
              "encoding_type": 1,
              "num_parts": 2,
              "level": 0,
              "slots": 0
            }
          ]
        },
        "final_rows_summary": {
          "num_rows": 4,
          "consistent_shape": true,
          "expected_parts": 2,
          "expected_towers": 4,
          "expected_ring_dim": 16384,
          "rows": [
            {
              "row_index": 0,
              "encoding_type": 1,
              "num_parts": 2,
              "level": 0,
              "slots": 0
            },
            {
              "row_index": 1,
              "encoding_type": 1,
              "num_parts": 2,
              "level": 0,
              "slots": 0
            },
            {
              "row_index": 2,
              "encoding_type": 1,
              "num_parts": 2,
              "level": 0,
              "slots": 0
            },
            {
              "row_index": 3,
              "encoding_type": 1,
              "num_parts": 2,
              "level": 0,
              "slots": 0
            }
          ]
        }
      },
      "comparisons": {
        "U_matmul_V": {
          "all_rows_decrypted": true,
          "exact": false,
          "max_abs_err": 22,
          "l1_err": 214,
          "diff": [
            [
              -16,
              -20,
              -19,
              4
            ],
            [
              -18,
              -22,
              -21,
              2
            ],
            [
              16,
              12,
              -19,
              22
            ],
            [
              3,
              -1,
              -14,
              -5
            ]
          ]
        },
        "U_T_matmul_V": {
          "all_rows_decrypted": true,
          "exact": false,
          "max_abs_err": 22,
          "l1_err": 214,
          "diff": [
            [
              -16,
              -20,
              -19,
              4
            ],
            [
              -18,
              -22,
              -21,
              2
            ],
            [
              16,
              12,
              -19,
              22
            ],
            [
              3,
              -1,
              -14,
              -5
            ]
          ]
        },
        "U_matmul_V_T": {
          "all_rows_decrypted": true,
          "exact": false,
          "max_abs_err": 22,
          "l1_err": 214,
          "diff": [
            [
              -16,
              -20,
              -19,
              4
            ],
            [
              -18,
              -22,
              -21,
              2
            ],
            [
              16,
              12,
              -19,
              22
            ],
            [
              3,
              -1,
              -14,
              -5
            ]
          ]
        },
        "V_matmul_U": {
          "all_rows_decrypted": true,
          "exact": false,
          "max_abs_err": 22,
          "l1_err": 214,
          "diff": [
            [
              -16,
              -20,
              -19,
              4
            ],
            [
              -18,
              -22,
              -21,
              2
            ],
            [
              16,
              12,
              -19,
              22
            ],
            [
              3,
              -1,
              -14,
              -5
            ]
          ]
        },
        "V_T_matmul_U": {
          "all_rows_decrypted": true,
          "exact": false,
          "max_abs_err": 22,
          "l1_err": 214,
          "diff": [
            [
              -16,
              -20,
              -19,
              4
            ],
            [
              -18,
              -22,
              -21,
              2
            ],
            [
              16,
              12,
              -19,
              22
            ],
            [
              3,
              -1,
              -14,
              -5
            ]
          ]
        },
        "U_T_matmul_V_T": {
          "all_rows_decrypted": true,
          "exact": false,
          "max_abs_err": 22,
          "l1_err": 214,
          "diff": [
            [
              -16,
              -20,
              -19,
              4
            ],
            [
              -18,
              -22,
              -21,
              2
            ],
            [
              16,
              12,
              -19,
              22
            ],
            [
              3,
              -1,
              -14,
              -5
            ]
          ]
        }
      }
    },
    {
      "name": "basis_E01_times_E10",
      "a_scalar": 1,
      "temp_cmt_mode": "phase_aware",
      "input_U": [
        [
          0,
          1,
          0,
          0
        ],
        [
          0,
          0,
          0,
          0
        ],
        [
          0,
          0,
          0,
          0
        ],
        [
          0,
          0,
          0,
          0
        ]
      ],
      "input_V": [
        [
          0,
          0,
          0,
          0
        ],
        [
          1,
          0,
          0,
          0
        ],
        [
          0,
          0,
          0,
          0
        ],
        [
          0,
          0,
          0,
          0
        ]
      ],
      "references": {
        "U_matmul_V": [
          [
            1,
            0,
            0,
            0
          ],
          [
            0,
            0,
            0,
            0
          ],
          [
            0,
            0,
            0,
            0
          ],
          [
            0,
            0,
            0,
            0
          ]
        ],
        "U_T_matmul_V": [
          [
            0,
            0,
            0,
            0
          ],
          [
            0,
            0,
            0,
            0
          ],
          [
            0,
            0,
            0,
            0
          ],
          [
            0,
            0,
            0,
            0
          ]
        ],
        "U_matmul_V_T": [
          [
            0,
            0,
            0,
            0
          ],
          [
            0,
            0,
            0,
            0
          ],
          [
            0,
            0,
            0,
            0
          ],
          [
            0,
            0,
            0,
            0
          ]
        ],
        "V_matmul_U": [
          [
            0,
            0,
            0,
            0
          ],
          [
            0,
            1,
            0,
            0
          ],
          [
            0,
            0,
            0,
            0
          ],
          [
            0,
            0,
            0,
            0
          ]
        ],
        "V_T_matmul_U": [
          [
            0,
            0,
            0,
            0
          ],
          [
            0,
            0,
            0,
            0
          ],
          [
            0,
            0,
            0,
            0
          ],
          [
            0,
            0,
            0,
            0
          ]
        ],
        "U_T_matmul_V_T": [
          [
            0,
            0,
            0,
            0
          ],
          [
            0,
            1,
            0,
            0
          ],
          [
            0,
            0,
            0,
            0
          ],
          [
            0,
            0,
            0,
            0
          ]
        ]
      },
      "final": {
        "compress_reports": [
          {
            "row_index": 0,
            "ok": true,
            "error": null
          },
          {
            "row_index": 1,
            "ok": true,
            "error": null
          },
          {
            "row_index": 2,
            "ok": true,
            "error": null
          },
          {
            "row_index": 3,
            "ok": true,
            "error": null
          }
        ],
        "decrypt_reports": [
          {
            "row_index": 0,
            "ok": true,
            "error": null
          },
          {
            "row_index": 1,
            "ok": true,
            "error": null
          },
          {
            "row_index": 2,
            "ok": true,
            "error": null
          },
          {
            "row_index": 3,
            "ok": true,
            "error": null
          }
        ],
        "decoded": [
          [
            -15,
            -19,
            -18,
            5
          ],
          [
            -17,
            -21,
            -20,
            3
          ],
          [
            16,
            12,
            -19,
            22
          ],
          [
            2,
            -2,
            -15,
            -6
          ]
        ]
      },
      "trace": {
        "U_info": {
          "a_scalar": 1,
          "template_ring_dim": 16384,
          "template_num_towers": 4,
          "moduli_u64": [
            1152921504606748673,
            1125899904679937,
            1125899908022273,
            557057
          ],
          "sk_num_towers": 4,
          "sk_coeff_count": 4,
          "sk_tower0_coeffs": [
            1152921504606748672,
            1152921504606748672,
            0,
            1
          ]
        },
        "V_info": {
          "a_scalar": 1,
          "template_ring_dim": 16384,
          "template_num_towers": 4,
          "moduli_u64": [
            1152921504606748673,
            1125899904679937,
            1125899908022273,
            557057
          ],
          "sk_num_towers": 4,
          "sk_coeff_count": 4,
          "sk_tower0_coeffs": [
            1152921504606748672,
            1152921504606748672,
            0,
            1
          ]
        },
        "U_decrypt_exact": {
          "all_rows_decrypted": true,
          "exact": true,
          "max_abs_err": 0,
          "l1_err": 0,
          "diff": [
            [
              0,
              0,
              0,
              0
            ],
            [
              0,
              0,
              0,
              0
            ],
            [
              0,
              0,
              0,
              0
            ],
            [
              0,
              0,
              0,
              0
            ]
          ]
        },
        "V_decrypt_exact": {
          "all_rows_decrypted": true,
          "exact": true,
          "max_abs_err": 0,
          "l1_err": 0,
          "diff": [
            [
              0,
              0,
              0,
              0
            ],
            [
              0,
              0,
              0,
              0
            ],
            [
              0,
              0,
              0,
              0
            ],
            [
              0,
              0,
              0,
              0
            ]
          ]
        },
        "temp_cmt_mode": "phase_aware",
        "U_cmt_trace": {
          "input_plaintext_matrix": [
            [
              0,
              1,
              0,
              0
            ],
            [
              0,
              0,
              0,
              0
            ],
            [
              0,
              0,
              0,
              0
            ],
            [
              0,
              0,
              0,
              0
            ]
          ],
          "output_plaintext_transpose": [
            [
              0,
              0,
              0,
              0
            ],
            [
              1,
              0,
              0,
              0
            ],
            [
              0,
              0,
              0,
              0
            ],
            [
              0,
              0,
              0,
              0
            ]
          ],
          "a_scalar": 1,
          "warning": "debug-only decrypt-transpose-reencrypt oracle"
        },
        "T01_cmt_trace": {
          "input_plaintext_matrix": [
            [
              -1,
              -3,
              -2,
              2
            ],
            [
              -1,
              -3,
              -2,
              2
            ],
            [
              -1,
              -3,
              -2,
              2
            ],
            [
              -1,
              -3,
              -2,
              2
            ]
          ],
          "output_plaintext_transpose": [
            [
              -1,
              -1,
              -1,
              -1
            ],
            [
              -3,
              -3,
              -3,
              -3
            ],
            [
              -2,
              -2,
              -2,
              -2
            ],
            [
              2,
              2,
              2,
              2
            ]
          ],
          "a_scalar": 1,
          "warning": "debug-only decrypt-transpose-reencrypt oracle",
          "mode": "phase_aware"
        },
        "T00_cmt_trace": {
          "input_plaintext_matrix": [
            [
              -1,
              -1,
              0,
              1
            ],
            [
              -1,
              -1,
              0,
              1
            ],
            [
              -1,
              -1,
              0,
              1
            ],
            [
              -1,
              -1,
              0,
              1
            ]
          ],
          "output_plaintext_transpose": [
            [
              -1,
              -1,
              -1,
              -1
            ],
            [
              -1,
              -1,
              -1,
              -1
            ],
            [
              0,
              0,
              0,
              0
            ],
            [
              1,
              1,
              1,
              1
            ]
          ],
          "a_scalar": 1,
          "warning": "debug-only decrypt-transpose-reencrypt oracle",
          "mode": "phase_aware"
        },
        "Ahat_export": {
          "part": 1,
          "num_rows": 4,
          "num_towers": 4,
          "ring_dim": 16384,
          "coeff_count": 16384,
          "row0_tower0_coeff_head": [
            1,
            0,
            0,
            0,
            0,
            0,
            0,
            0
          ]
        },
        "Bhat_export": {
          "part": 0,
          "num_rows": 4,
          "num_towers": 4,
          "ring_dim": 16384,
          "coeff_count": 16384,
          "row0_tower0_coeff_head": [
            0,
            0,
            1152921504606748672,
            1152921504606748671,
            0,
            0,
            0,
            0
          ]
        },
        "line5_ks_inputs_summary": {
          "num_rows": 4,
          "consistent_shape": true,
          "expected_parts": 3,
          "expected_towers": 4,
          "expected_ring_dim": 16384,
          "rows": [
            {
              "row_index": 0,
              "encoding_type": 1,
              "num_parts": 3,
              "level": 0,
              "slots": 0
            },
            {
              "row_index": 1,
              "encoding_type": 1,
              "num_parts": 3,
              "level": 0,
              "slots": 0
            },
            {
              "row_index": 2,
              "encoding_type": 1,
              "num_parts": 3,
              "level": 0,
              "slots": 0
            },
            {
              "row_index": 3,
              "encoding_type": 1,
              "num_parts": 3,
              "level": 0,
              "slots": 0
            }
          ]
        },
        "line5_ks_outputs_summary": {
          "num_rows": 4,
          "consistent_shape": true,
          "expected_parts": 2,
          "expected_towers": 4,
          "expected_ring_dim": 16384,
          "rows": [
            {
              "row_index": 0,
              "encoding_type": 1,
              "num_parts": 2,
              "level": 0,
              "slots": 0
            },
            {
              "row_index": 1,
              "encoding_type": 1,
              "num_parts": 2,
              "level": 0,
              "slots": 0
            },
            {
              "row_index": 2,
              "encoding_type": 1,
              "num_parts": 2,
              "level": 0,
              "slots": 0
            },
            {
              "row_index": 3,
              "encoding_type": 1,
              "num_parts": 2,
              "level": 0,
              "slots": 0
            }
          ]
        },
        "line5_rows_summary": {
          "num_rows": 4,
          "consistent_shape": true,
          "expected_parts": 2,
          "expected_towers": 4,
          "expected_ring_dim": 16384,
          "rows": [
            {
              "row_index": 0,
              "encoding_type": 1,
              "num_parts": 2,
              "level": 0,
              "slots": 0
            },
            {
              "row_index": 1,
              "encoding_type": 1,
              "num_parts": 2,
              "level": 0,
              "slots": 0
            },
            {
              "row_index": 2,
              "encoding_type": 1,
              "num_parts": 2,
              "level": 0,
              "slots": 0
            },
            {
              "row_index": 3,
              "encoding_type": 1,
              "num_parts": 2,
              "level": 0,
              "slots": 0
            }
          ]
        },
        "T01_cmt_rows_summary": {
          "num_rows": 4,
          "consistent_shape": true,
          "expected_parts": 2,
          "expected_towers": 4,
          "expected_ring_dim": 16384,
          "rows": [
            {
              "row_index": 0,
              "encoding_type": 1,
              "num_parts": 2,
              "level": 0,
              "slots": 0
            },
            {
              "row_index": 1,
              "encoding_type": 1,
              "num_parts": 2,
              "level": 0,
              "slots": 0
            },
            {
              "row_index": 2,
              "encoding_type": 1,
              "num_parts": 2,
              "level": 0,
              "slots": 0
            },
            {
              "row_index": 3,
              "encoding_type": 1,
              "num_parts": 2,
              "level": 0,
              "slots": 0
            }
          ]
        },
        "M10_M11_pair_rows_summary": {
          "num_rows": 4,
          "consistent_shape": true,
          "expected_parts": 2,
          "expected_towers": 4,
          "expected_ring_dim": 16384,
          "rows": [
            {
              "row_index": 0,
              "encoding_type": 1,
              "num_parts": 2,
              "level": 0,
              "slots": 0
            },
            {
              "row_index": 1,
              "encoding_type": 1,
              "num_parts": 2,
              "level": 0,
              "slots": 0
            },
            {
              "row_index": 2,
              "encoding_type": 1,
              "num_parts": 2,
              "level": 0,
              "slots": 0
            },
            {
              "row_index": 3,
              "encoding_type": 1,
              "num_parts": 2,
              "level": 0,
              "slots": 0
            }
          ]
        },
        "final_rows_summary": {
          "num_rows": 4,
          "consistent_shape": true,
          "expected_parts": 2,
          "expected_towers": 4,
          "expected_ring_dim": 16384,
          "rows": [
            {
              "row_index": 0,
              "encoding_type": 1,
              "num_parts": 2,
              "level": 0,
              "slots": 0
            },
            {
              "row_index": 1,
              "encoding_type": 1,
              "num_parts": 2,
              "level": 0,
              "slots": 0
            },
            {
              "row_index": 2,
              "encoding_type": 1,
              "num_parts": 2,
              "level": 0,
              "slots": 0
            },
            {
              "row_index": 3,
              "encoding_type": 1,
              "num_parts": 2,
              "level": 0,
              "slots": 0
            }
          ]
        }
      },
      "comparisons": {
        "U_matmul_V": {
          "all_rows_decrypted": true,
          "exact": false,
          "max_abs_err": 22,
          "l1_err": 213,
          "diff": [
            [
              -16,
              -19,
              -18,
              5
            ],
            [
              -17,
              -21,
              -20,
              3
            ],
            [
              16,
              12,
              -19,
              22
            ],
            [
              2,
              -2,
              -15,
              -6
            ]
          ]
        },
        "U_T_matmul_V": {
          "all_rows_decrypted": true,
          "exact": false,
          "max_abs_err": 22,
          "l1_err": 212,
          "diff": [
            [
              -15,
              -19,
              -18,
              5
            ],
            [
              -17,
              -21,
              -20,
              3
            ],
            [
              16,
              12,
              -19,
              22
            ],
            [
              2,
              -2,
              -15,
              -6
            ]
          ]
        },
        "U_matmul_V_T": {
          "all_rows_decrypted": true,
          "exact": false,
          "max_abs_err": 22,
          "l1_err": 212,
          "diff": [
            [
              -15,
              -19,
              -18,
              5
            ],
            [
              -17,
              -21,
              -20,
              3
            ],
            [
              16,
              12,
              -19,
              22
            ],
            [
              2,
              -2,
              -15,
              -6
            ]
          ]
        },
        "V_matmul_U": {
          "all_rows_decrypted": true,
          "exact": false,
          "max_abs_err": 22,
          "l1_err": 213,
          "diff": [
            [
              -15,
              -19,
              -18,
              5
            ],
            [
              -17,
              -22,
              -20,
              3
            ],
            [
              16,
              12,
              -19,
              22
            ],
            [
              2,
              -2,
              -15,
              -6
            ]
          ]
        },
        "V_T_matmul_U": {
          "all_rows_decrypted": true,
          "exact": false,
          "max_abs_err": 22,
          "l1_err": 212,
          "diff": [
            [
              -15,
              -19,
              -18,
              5
            ],
            [
              -17,
              -21,
              -20,
              3
            ],
            [
              16,
              12,
              -19,
              22
            ],
            [
              2,
              -2,
              -15,
              -6
            ]
          ]
        },
        "U_T_matmul_V_T": {
          "all_rows_decrypted": true,
          "exact": false,
          "max_abs_err": 22,
          "l1_err": 213,
          "diff": [
            [
              -15,
              -19,
              -18,
              5
            ],
            [
              -17,
              -22,
              -20,
              3
            ],
            [
              16,
              12,
              -19,
              22
            ],
            [
              2,
              -2,
              -15,
              -6
            ]
          ]
        }
      }
    },
    {
      "name": "basis_E01_times_E12",
      "a_scalar": 1,
      "temp_cmt_mode": "phase_aware",
      "input_U": [
        [
          0,
          1,
          0,
          0
        ],
        [
          0,
          0,
          0,
          0
        ],
        [
          0,
          0,
          0,
          0
        ],
        [
          0,
          0,
          0,
          0
        ]
      ],
      "input_V": [
        [
          0,
          0,
          0,
          0
        ],
        [
          0,
          0,
          1,
          0
        ],
        [
          0,
          0,
          0,
          0
        ],
        [
          0,
          0,
          0,
          0
        ]
      ],
      "references": {
        "U_matmul_V": [
          [
            0,
            0,
            1,
            0
          ],
          [
            0,
            0,
            0,
            0
          ],
          [
            0,
            0,
            0,
            0
          ],
          [
            0,
            0,
            0,
            0
          ]
        ],
        "U_T_matmul_V": [
          [
            0,
            0,
            0,
            0
          ],
          [
            0,
            0,
            0,
            0
          ],
          [
            0,
            0,
            0,
            0
          ],
          [
            0,
            0,
            0,
            0
          ]
        ],
        "U_matmul_V_T": [
          [
            0,
            0,
            0,
            0
          ],
          [
            0,
            0,
            0,
            0
          ],
          [
            0,
            0,
            0,
            0
          ],
          [
            0,
            0,
            0,
            0
          ]
        ],
        "V_matmul_U": [
          [
            0,
            0,
            0,
            0
          ],
          [
            0,
            0,
            0,
            0
          ],
          [
            0,
            0,
            0,
            0
          ],
          [
            0,
            0,
            0,
            0
          ]
        ],
        "V_T_matmul_U": [
          [
            0,
            0,
            0,
            0
          ],
          [
            0,
            0,
            0,
            0
          ],
          [
            0,
            0,
            0,
            0
          ],
          [
            0,
            0,
            0,
            0
          ]
        ],
        "U_T_matmul_V_T": [
          [
            0,
            0,
            0,
            0
          ],
          [
            0,
            0,
            0,
            0
          ],
          [
            0,
            0,
            0,
            0
          ],
          [
            0,
            0,
            0,
            0
          ]
        ]
      },
      "final": {
        "compress_reports": [
          {
            "row_index": 0,
            "ok": true,
            "error": null
          },
          {
            "row_index": 1,
            "ok": true,
            "error": null
          },
          {
            "row_index": 2,
            "ok": true,
            "error": null
          },
          {
            "row_index": 3,
            "ok": true,
            "error": null
          }
        ],
        "decrypt_reports": [
          {
            "row_index": 0,
            "ok": true,
            "error": null
          },
          {
            "row_index": 1,
            "ok": true,
            "error": null
          },
          {
            "row_index": 2,
            "ok": true,
            "error": null
          },
          {
            "row_index": 3,
            "ok": true,
            "error": null
          }
        ],
        "decoded": [
          [
            -16,
            -19,
            -17,
            5
          ],
          [
            -18,
            -21,
            -19,
            3
          ],
          [
            15,
            12,
            -18,
            22
          ],
          [
            1,
            -2,
            -14,
            -6
          ]
        ]
      },
      "trace": {
        "U_info": {
          "a_scalar": 1,
          "template_ring_dim": 16384,
          "template_num_towers": 4,
          "moduli_u64": [
            1152921504606748673,
            1125899904679937,
            1125899908022273,
            557057
          ],
          "sk_num_towers": 4,
          "sk_coeff_count": 4,
          "sk_tower0_coeffs": [
            1152921504606748672,
            1152921504606748672,
            0,
            1
          ]
        },
        "V_info": {
          "a_scalar": 1,
          "template_ring_dim": 16384,
          "template_num_towers": 4,
          "moduli_u64": [
            1152921504606748673,
            1125899904679937,
            1125899908022273,
            557057
          ],
          "sk_num_towers": 4,
          "sk_coeff_count": 4,
          "sk_tower0_coeffs": [
            1152921504606748672,
            1152921504606748672,
            0,
            1
          ]
        },
        "U_decrypt_exact": {
          "all_rows_decrypted": true,
          "exact": true,
          "max_abs_err": 0,
          "l1_err": 0,
          "diff": [
            [
              0,
              0,
              0,
              0
            ],
            [
              0,
              0,
              0,
              0
            ],
            [
              0,
              0,
              0,
              0
            ],
            [
              0,
              0,
              0,
              0
            ]
          ]
        },
        "V_decrypt_exact": {
          "all_rows_decrypted": true,
          "exact": true,
          "max_abs_err": 0,
          "l1_err": 0,
          "diff": [
            [
              0,
              0,
              0,
              0
            ],
            [
              0,
              0,
              0,
              0
            ],
            [
              0,
              0,
              0,
              0
            ],
            [
              0,
              0,
              0,
              0
            ]
          ]
        },
        "temp_cmt_mode": "phase_aware",
        "U_cmt_trace": {
          "input_plaintext_matrix": [
            [
              0,
              1,
              0,
              0
            ],
            [
              0,
              0,
              0,
              0
            ],
            [
              0,
              0,
              0,
              0
            ],
            [
              0,
              0,
              0,
              0
            ]
          ],
          "output_plaintext_transpose": [
            [
              0,
              0,
              0,
              0
            ],
            [
              1,
              0,
              0,
              0
            ],
            [
              0,
              0,
              0,
              0
            ],
            [
              0,
              0,
              0,
              0
            ]
          ],
          "a_scalar": 1,
          "warning": "debug-only decrypt-transpose-reencrypt oracle"
        },
        "T01_cmt_trace": {
          "input_plaintext_matrix": [
            [
              -1,
              -3,
              -2,
              2
            ],
            [
              -1,
              -3,
              -2,
              2
            ],
            [
              -1,
              -3,
              -2,
              2
            ],
            [
              -1,
              -3,
              -2,
              2
            ]
          ],
          "output_plaintext_transpose": [
            [
              -1,
              -1,
              -1,
              -1
            ],
            [
              -3,
              -3,
              -3,
              -3
            ],
            [
              -2,
              -2,
              -2,
              -2
            ],
            [
              2,
              2,
              2,
              2
            ]
          ],
          "a_scalar": 1,
          "warning": "debug-only decrypt-transpose-reencrypt oracle",
          "mode": "phase_aware"
        },
        "T00_cmt_trace": {
          "input_plaintext_matrix": [
            [
              -1,
              -1,
              0,
              1
            ],
            [
              -1,
              -1,
              0,
              1
            ],
            [
              -1,
              -1,
              0,
              1
            ],
            [
              -1,
              -1,
              0,
              1
            ]
          ],
          "output_plaintext_transpose": [
            [
              -1,
              -1,
              -1,
              -1
            ],
            [
              -1,
              -1,
              -1,
              -1
            ],
            [
              0,
              0,
              0,
              0
            ],
            [
              1,
              1,
              1,
              1
            ]
          ],
          "a_scalar": 1,
          "warning": "debug-only decrypt-transpose-reencrypt oracle",
          "mode": "phase_aware"
        },
        "Ahat_export": {
          "part": 1,
          "num_rows": 4,
          "num_towers": 4,
          "ring_dim": 16384,
          "coeff_count": 16384,
          "row0_tower0_coeff_head": [
            1,
            0,
            0,
            0,
            0,
            0,
            0,
            0
          ]
        },
        "Bhat_export": {
          "part": 0,
          "num_rows": 4,
          "num_towers": 4,
          "ring_dim": 16384,
          "coeff_count": 16384,
          "row0_tower0_coeff_head": [
            0,
            0,
            1152921504606748672,
            1152921504606748671,
            0,
            0,
            0,
            0
          ]
        },
        "line5_ks_inputs_summary": {
          "num_rows": 4,
          "consistent_shape": true,
          "expected_parts": 3,
          "expected_towers": 4,
          "expected_ring_dim": 16384,
          "rows": [
            {
              "row_index": 0,
              "encoding_type": 1,
              "num_parts": 3,
              "level": 0,
              "slots": 0
            },
            {
              "row_index": 1,
              "encoding_type": 1,
              "num_parts": 3,
              "level": 0,
              "slots": 0
            },
            {
              "row_index": 2,
              "encoding_type": 1,
              "num_parts": 3,
              "level": 0,
              "slots": 0
            },
            {
              "row_index": 3,
              "encoding_type": 1,
              "num_parts": 3,
              "level": 0,
              "slots": 0
            }
          ]
        },
        "line5_ks_outputs_summary": {
          "num_rows": 4,
          "consistent_shape": true,
          "expected_parts": 2,
          "expected_towers": 4,
          "expected_ring_dim": 16384,
          "rows": [
            {
              "row_index": 0,
              "encoding_type": 1,
              "num_parts": 2,
              "level": 0,
              "slots": 0
            },
            {
              "row_index": 1,
              "encoding_type": 1,
              "num_parts": 2,
              "level": 0,
              "slots": 0
            },
            {
              "row_index": 2,
              "encoding_type": 1,
              "num_parts": 2,
              "level": 0,
              "slots": 0
            },
            {
              "row_index": 3,
              "encoding_type": 1,
              "num_parts": 2,
              "level": 0,
              "slots": 0
            }
          ]
        },
        "line5_rows_summary": {
          "num_rows": 4,
          "consistent_shape": true,
          "expected_parts": 2,
          "expected_towers": 4,
          "expected_ring_dim": 16384,
          "rows": [
            {
              "row_index": 0,
              "encoding_type": 1,
              "num_parts": 2,
              "level": 0,
              "slots": 0
            },
            {
              "row_index": 1,
              "encoding_type": 1,
              "num_parts": 2,
              "level": 0,
              "slots": 0
            },
            {
              "row_index": 2,
              "encoding_type": 1,
              "num_parts": 2,
              "level": 0,
              "slots": 0
            },
            {
              "row_index": 3,
              "encoding_type": 1,
              "num_parts": 2,
              "level": 0,
              "slots": 0
            }
          ]
        },
        "T01_cmt_rows_summary": {
          "num_rows": 4,
          "consistent_shape": true,
          "expected_parts": 2,
          "expected_towers": 4,
          "expected_ring_dim": 16384,
          "rows": [
            {
              "row_index": 0,
              "encoding_type": 1,
              "num_parts": 2,
              "level": 0,
              "slots": 0
            },
            {
              "row_index": 1,
              "encoding_type": 1,
              "num_parts": 2,
              "level": 0,
              "slots": 0
            },
            {
              "row_index": 2,
              "encoding_type": 1,
              "num_parts": 2,
              "level": 0,
              "slots": 0
            },
            {
              "row_index": 3,
              "encoding_type": 1,
              "num_parts": 2,
              "level": 0,
              "slots": 0
            }
          ]
        },
        "M10_M11_pair_rows_summary": {
          "num_rows": 4,
          "consistent_shape": true,
          "expected_parts": 2,
          "expected_towers": 4,
          "expected_ring_dim": 16384,
          "rows": [
            {
              "row_index": 0,
              "encoding_type": 1,
              "num_parts": 2,
              "level": 0,
              "slots": 0
            },
            {
              "row_index": 1,
              "encoding_type": 1,
              "num_parts": 2,
              "level": 0,
              "slots": 0
            },
            {
              "row_index": 2,
              "encoding_type": 1,
              "num_parts": 2,
              "level": 0,
              "slots": 0
            },
            {
              "row_index": 3,
              "encoding_type": 1,
              "num_parts": 2,
              "level": 0,
              "slots": 0
            }
          ]
        },
        "final_rows_summary": {
          "num_rows": 4,
          "consistent_shape": true,
          "expected_parts": 2,
          "expected_towers": 4,
          "expected_ring_dim": 16384,
          "rows": [
            {
              "row_index": 0,
              "encoding_type": 1,
              "num_parts": 2,
              "level": 0,
              "slots": 0
            },
            {
              "row_index": 1,
              "encoding_type": 1,
              "num_parts": 2,
              "level": 0,
              "slots": 0
            },
            {
              "row_index": 2,
              "encoding_type": 1,
              "num_parts": 2,
              "level": 0,
              "slots": 0
            },
            {
              "row_index": 3,
              "encoding_type": 1,
              "num_parts": 2,
              "level": 0,
              "slots": 0
            }
          ]
        }
      },
      "comparisons": {
        "U_matmul_V": {
          "all_rows_decrypted": true,
          "exact": false,
          "max_abs_err": 22,
          "l1_err": 209,
          "diff": [
            [
              -16,
              -19,
              -18,
              5
            ],
            [
              -18,
              -21,
              -19,
              3
            ],
            [
              15,
              12,
              -18,
              22
            ],
            [
              1,
              -2,
              -14,
              -6
            ]
          ]
        },
        "U_T_matmul_V": {
          "all_rows_decrypted": true,
          "exact": false,
          "max_abs_err": 22,
          "l1_err": 208,
          "diff": [
            [
              -16,
              -19,
              -17,
              5
            ],
            [
              -18,
              -21,
              -19,
              3
            ],
            [
              15,
              12,
              -18,
              22
            ],
            [
              1,
              -2,
              -14,
              -6
            ]
          ]
        },
        "U_matmul_V_T": {
          "all_rows_decrypted": true,
          "exact": false,
          "max_abs_err": 22,
          "l1_err": 208,
          "diff": [
            [
              -16,
              -19,
              -17,
              5
            ],
            [
              -18,
              -21,
              -19,
              3
            ],
            [
              15,
              12,
              -18,
              22
            ],
            [
              1,
              -2,
              -14,
              -6
            ]
          ]
        },
        "V_matmul_U": {
          "all_rows_decrypted": true,
          "exact": false,
          "max_abs_err": 22,
          "l1_err": 208,
          "diff": [
            [
              -16,
              -19,
              -17,
              5
            ],
            [
              -18,
              -21,
              -19,
              3
            ],
            [
              15,
              12,
              -18,
              22
            ],
            [
              1,
              -2,
              -14,
              -6
            ]
          ]
        },
        "V_T_matmul_U": {
          "all_rows_decrypted": true,
          "exact": false,
          "max_abs_err": 22,
          "l1_err": 208,
          "diff": [
            [
              -16,
              -19,
              -17,
              5
            ],
            [
              -18,
              -21,
              -19,
              3
            ],
            [
              15,
              12,
              -18,
              22
            ],
            [
              1,
              -2,
              -14,
              -6
            ]
          ]
        },
        "U_T_matmul_V_T": {
          "all_rows_decrypted": true,
          "exact": false,
          "max_abs_err": 22,
          "l1_err": 208,
          "diff": [
            [
              -16,
              -19,
              -17,
              5
            ],
            [
              -18,
              -21,
              -19,
              3
            ],
            [
              15,
              12,
              -18,
              22
            ],
            [
              1,
              -2,
              -14,
              -6
            ]
          ]
        }
      }
    },
    {
      "name": "basis_E23_times_E31",
      "a_scalar": 1,
      "temp_cmt_mode": "phase_aware",
      "input_U": [
        [
          0,
          0,
          0,
          0
        ],
        [
          0,
          0,
          0,
          0
        ],
        [
          0,
          0,
          0,
          1
        ],
        [
          0,
          0,
          0,
          0
        ]
      ],
      "input_V": [
        [
          0,
          0,
          0,
          0
        ],
        [
          0,
          0,
          0,
          0
        ],
        [
          0,
          0,
          0,
          0
        ],
        [
          0,
          1,
          0,
          0
        ]
      ],
      "references": {
        "U_matmul_V": [
          [
            0,
            0,
            0,
            0
          ],
          [
            0,
            0,
            0,
            0
          ],
          [
            0,
            1,
            0,
            0
          ],
          [
            0,
            0,
            0,
            0
          ]
        ],
        "U_T_matmul_V": [
          [
            0,
            0,
            0,
            0
          ],
          [
            0,
            0,
            0,
            0
          ],
          [
            0,
            0,
            0,
            0
          ],
          [
            0,
            0,
            0,
            0
          ]
        ],
        "U_matmul_V_T": [
          [
            0,
            0,
            0,
            0
          ],
          [
            0,
            0,
            0,
            0
          ],
          [
            0,
            0,
            0,
            0
          ],
          [
            0,
            0,
            0,
            0
          ]
        ],
        "V_matmul_U": [
          [
            0,
            0,
            0,
            0
          ],
          [
            0,
            0,
            0,
            0
          ],
          [
            0,
            0,
            0,
            0
          ],
          [
            0,
            0,
            0,
            0
          ]
        ],
        "V_T_matmul_U": [
          [
            0,
            0,
            0,
            0
          ],
          [
            0,
            0,
            0,
            0
          ],
          [
            0,
            0,
            0,
            0
          ],
          [
            0,
            0,
            0,
            0
          ]
        ],
        "U_T_matmul_V_T": [
          [
            0,
            0,
            0,
            0
          ],
          [
            0,
            0,
            0,
            0
          ],
          [
            0,
            0,
            0,
            0
          ],
          [
            0,
            0,
            0,
            0
          ]
        ]
      },
      "final": {
        "compress_reports": [
          {
            "row_index": 0,
            "ok": true,
            "error": null
          },
          {
            "row_index": 1,
            "ok": true,
            "error": null
          },
          {
            "row_index": 2,
            "ok": true,
            "error": null
          },
          {
            "row_index": 3,
            "ok": true,
            "error": null
          }
        ],
        "decrypt_reports": [
          {
            "row_index": 0,
            "ok": true,
            "error": null
          },
          {
            "row_index": 1,
            "ok": true,
            "error": null
          },
          {
            "row_index": 2,
            "ok": true,
            "error": null
          },
          {
            "row_index": 3,
            "ok": true,
            "error": null
          }
        ],
        "decoded": [
          [
            -16,
            -20,
            -18,
            5
          ],
          [
            -18,
            -22,
            -20,
            3
          ],
          [
            15,
            11,
            -19,
            22
          ],
          [
            1,
            -3,
            -15,
            -6
          ]
        ]
      },
      "trace": {
        "U_info": {
          "a_scalar": 1,
          "template_ring_dim": 16384,
          "template_num_towers": 4,
          "moduli_u64": [
            1152921504606748673,
            1125899904679937,
            1125899908022273,
            557057
          ],
          "sk_num_towers": 4,
          "sk_coeff_count": 4,
          "sk_tower0_coeffs": [
            1152921504606748672,
            1152921504606748672,
            0,
            1
          ]
        },
        "V_info": {
          "a_scalar": 1,
          "template_ring_dim": 16384,
          "template_num_towers": 4,
          "moduli_u64": [
            1152921504606748673,
            1125899904679937,
            1125899908022273,
            557057
          ],
          "sk_num_towers": 4,
          "sk_coeff_count": 4,
          "sk_tower0_coeffs": [
            1152921504606748672,
            1152921504606748672,
            0,
            1
          ]
        },
        "U_decrypt_exact": {
          "all_rows_decrypted": true,
          "exact": true,
          "max_abs_err": 0,
          "l1_err": 0,
          "diff": [
            [
              0,
              0,
              0,
              0
            ],
            [
              0,
              0,
              0,
              0
            ],
            [
              0,
              0,
              0,
              0
            ],
            [
              0,
              0,
              0,
              0
            ]
          ]
        },
        "V_decrypt_exact": {
          "all_rows_decrypted": true,
          "exact": true,
          "max_abs_err": 0,
          "l1_err": 0,
          "diff": [
            [
              0,
              0,
              0,
              0
            ],
            [
              0,
              0,
              0,
              0
            ],
            [
              0,
              0,
              0,
              0
            ],
            [
              0,
              0,
              0,
              0
            ]
          ]
        },
        "temp_cmt_mode": "phase_aware",
        "U_cmt_trace": {
          "input_plaintext_matrix": [
            [
              0,
              0,
              0,
              0
            ],
            [
              0,
              0,
              0,
              0
            ],
            [
              0,
              0,
              0,
              1
            ],
            [
              0,
              0,
              0,
              0
            ]
          ],
          "output_plaintext_transpose": [
            [
              0,
              0,
              0,
              0
            ],
            [
              0,
              0,
              0,
              0
            ],
            [
              0,
              0,
              0,
              0
            ],
            [
              0,
              0,
              1,
              0
            ]
          ],
          "a_scalar": 1,
          "warning": "debug-only decrypt-transpose-reencrypt oracle"
        },
        "T01_cmt_trace": {
          "input_plaintext_matrix": [
            [
              -1,
              -3,
              -2,
              2
            ],
            [
              -1,
              -3,
              -2,
              2
            ],
            [
              -1,
              -3,
              -2,
              2
            ],
            [
              -1,
              -3,
              -2,
              2
            ]
          ],
          "output_plaintext_transpose": [
            [
              -1,
              -1,
              -1,
              -1
            ],
            [
              -3,
              -3,
              -3,
              -3
            ],
            [
              -2,
              -2,
              -2,
              -2
            ],
            [
              2,
              2,
              2,
              2
            ]
          ],
          "a_scalar": 1,
          "warning": "debug-only decrypt-transpose-reencrypt oracle",
          "mode": "phase_aware"
        },
        "T00_cmt_trace": {
          "input_plaintext_matrix": [
            [
              -1,
              -1,
              0,
              1
            ],
            [
              -1,
              -1,
              0,
              1
            ],
            [
              -1,
              -1,
              0,
              1
            ],
            [
              -1,
              -1,
              0,
              1
            ]
          ],
          "output_plaintext_transpose": [
            [
              -1,
              -1,
              -1,
              -1
            ],
            [
              -1,
              -1,
              -1,
              -1
            ],
            [
              0,
              0,
              0,
              0
            ],
            [
              1,
              1,
              1,
              1
            ]
          ],
          "a_scalar": 1,
          "warning": "debug-only decrypt-transpose-reencrypt oracle",
          "mode": "phase_aware"
        },
        "Ahat_export": {
          "part": 1,
          "num_rows": 4,
          "num_towers": 4,
          "ring_dim": 16384,
          "coeff_count": 16384,
          "row0_tower0_coeff_head": [
            1,
            0,
            0,
            0,
            0,
            0,
            0,
            0
          ]
        },
        "Bhat_export": {
          "part": 0,
          "num_rows": 4,
          "num_towers": 4,
          "ring_dim": 16384,
          "coeff_count": 16384,
          "row0_tower0_coeff_head": [
            0,
            0,
            1152921504606748672,
            1152921504606748671,
            0,
            0,
            0,
            0
          ]
        },
        "line5_ks_inputs_summary": {
          "num_rows": 4,
          "consistent_shape": true,
          "expected_parts": 3,
          "expected_towers": 4,
          "expected_ring_dim": 16384,
          "rows": [
            {
              "row_index": 0,
              "encoding_type": 1,
              "num_parts": 3,
              "level": 0,
              "slots": 0
            },
            {
              "row_index": 1,
              "encoding_type": 1,
              "num_parts": 3,
              "level": 0,
              "slots": 0
            },
            {
              "row_index": 2,
              "encoding_type": 1,
              "num_parts": 3,
              "level": 0,
              "slots": 0
            },
            {
              "row_index": 3,
              "encoding_type": 1,
              "num_parts": 3,
              "level": 0,
              "slots": 0
            }
          ]
        },
        "line5_ks_outputs_summary": {
          "num_rows": 4,
          "consistent_shape": true,
          "expected_parts": 2,
          "expected_towers": 4,
          "expected_ring_dim": 16384,
          "rows": [
            {
              "row_index": 0,
              "encoding_type": 1,
              "num_parts": 2,
              "level": 0,
              "slots": 0
            },
            {
              "row_index": 1,
              "encoding_type": 1,
              "num_parts": 2,
              "level": 0,
              "slots": 0
            },
            {
              "row_index": 2,
              "encoding_type": 1,
              "num_parts": 2,
              "level": 0,
              "slots": 0
            },
            {
              "row_index": 3,
              "encoding_type": 1,
              "num_parts": 2,
              "level": 0,
              "slots": 0
            }
          ]
        },
        "line5_rows_summary": {
          "num_rows": 4,
          "consistent_shape": true,
          "expected_parts": 2,
          "expected_towers": 4,
          "expected_ring_dim": 16384,
          "rows": [
            {
              "row_index": 0,
              "encoding_type": 1,
              "num_parts": 2,
              "level": 0,
              "slots": 0
            },
            {
              "row_index": 1,
              "encoding_type": 1,
              "num_parts": 2,
              "level": 0,
              "slots": 0
            },
            {
              "row_index": 2,
              "encoding_type": 1,
              "num_parts": 2,
              "level": 0,
              "slots": 0
            },
            {
              "row_index": 3,
              "encoding_type": 1,
              "num_parts": 2,
              "level": 0,
              "slots": 0
            }
          ]
        },
        "T01_cmt_rows_summary": {
          "num_rows": 4,
          "consistent_shape": true,
          "expected_parts": 2,
          "expected_towers": 4,
          "expected_ring_dim": 16384,
          "rows": [
            {
              "row_index": 0,
              "encoding_type": 1,
              "num_parts": 2,
              "level": 0,
              "slots": 0
            },
            {
              "row_index": 1,
              "encoding_type": 1,
              "num_parts": 2,
              "level": 0,
              "slots": 0
            },
            {
              "row_index": 2,
              "encoding_type": 1,
              "num_parts": 2,
              "level": 0,
              "slots": 0
            },
            {
              "row_index": 3,
              "encoding_type": 1,
              "num_parts": 2,
              "level": 0,
              "slots": 0
            }
          ]
        },
        "M10_M11_pair_rows_summary": {
          "num_rows": 4,
          "consistent_shape": true,
          "expected_parts": 2,
          "expected_towers": 4,
          "expected_ring_dim": 16384,
          "rows": [
            {
              "row_index": 0,
              "encoding_type": 1,
              "num_parts": 2,
              "level": 0,
              "slots": 0
            },
            {
              "row_index": 1,
              "encoding_type": 1,
              "num_parts": 2,
              "level": 0,
              "slots": 0
            },
            {
              "row_index": 2,
              "encoding_type": 1,
              "num_parts": 2,
              "level": 0,
              "slots": 0
            },
            {
              "row_index": 3,
              "encoding_type": 1,
              "num_parts": 2,
              "level": 0,
              "slots": 0
            }
          ]
        },
        "final_rows_summary": {
          "num_rows": 4,
          "consistent_shape": true,
          "expected_parts": 2,
          "expected_towers": 4,
          "expected_ring_dim": 16384,
          "rows": [
            {
              "row_index": 0,
              "encoding_type": 1,
              "num_parts": 2,
              "level": 0,
              "slots": 0
            },
            {
              "row_index": 1,
              "encoding_type": 1,
              "num_parts": 2,
              "level": 0,
              "slots": 0
            },
            {
              "row_index": 2,
              "encoding_type": 1,
              "num_parts": 2,
              "level": 0,
              "slots": 0
            },
            {
              "row_index": 3,
              "encoding_type": 1,
              "num_parts": 2,
              "level": 0,
              "slots": 0
            }
          ]
        }
      },
      "comparisons": {
        "U_matmul_V": {
          "all_rows_decrypted": true,
          "exact": false,
          "max_abs_err": 22,
          "l1_err": 213,
          "diff": [
            [
              -16,
              -20,
              -18,
              5
            ],
            [
              -18,
              -22,
              -20,
              3
            ],
            [
              15,
              10,
              -19,
              22
            ],
            [
              1,
              -3,
              -15,
              -6
            ]
          ]
        },
        "U_T_matmul_V": {
          "all_rows_decrypted": true,
          "exact": false,
          "max_abs_err": 22,
          "l1_err": 214,
          "diff": [
            [
              -16,
              -20,
              -18,
              5
            ],
            [
              -18,
              -22,
              -20,
              3
            ],
            [
              15,
              11,
              -19,
              22
            ],
            [
              1,
              -3,
              -15,
              -6
            ]
          ]
        },
        "U_matmul_V_T": {
          "all_rows_decrypted": true,
          "exact": false,
          "max_abs_err": 22,
          "l1_err": 214,
          "diff": [
            [
              -16,
              -20,
              -18,
              5
            ],
            [
              -18,
              -22,
              -20,
              3
            ],
            [
              15,
              11,
              -19,
              22
            ],
            [
              1,
              -3,
              -15,
              -6
            ]
          ]
        },
        "V_matmul_U": {
          "all_rows_decrypted": true,
          "exact": false,
          "max_abs_err": 22,
          "l1_err": 214,
          "diff": [
            [
              -16,
              -20,
              -18,
              5
            ],
            [
              -18,
              -22,
              -20,
              3
            ],
            [
              15,
              11,
              -19,
              22
            ],
            [
              1,
              -3,
              -15,
              -6
            ]
          ]
        },
        "V_T_matmul_U": {
          "all_rows_decrypted": true,
          "exact": false,
          "max_abs_err": 22,
          "l1_err": 214,
          "diff": [
            [
              -16,
              -20,
              -18,
              5
            ],
            [
              -18,
              -22,
              -20,
              3
            ],
            [
              15,
              11,
              -19,
              22
            ],
            [
              1,
              -3,
              -15,
              -6
            ]
          ]
        },
        "U_T_matmul_V_T": {
          "all_rows_decrypted": true,
          "exact": false,
          "max_abs_err": 22,
          "l1_err": 214,
          "diff": [
            [
              -16,
              -20,
              -18,
              5
            ],
            [
              -18,
              -22,
              -20,
              3
            ],
            [
              15,
              11,
              -19,
              22
            ],
            [
              1,
              -3,
              -15,
              -6
            ]
          ]
        }
      }
    },
    {
      "name": "identity_times_random_small",
      "a_scalar": 1,
      "temp_cmt_mode": "phase_aware",
      "input_U": [
        [
          1,
          0,
          0,
          0
        ],
        [
          0,
          1,
          0,
          0
        ],
        [
          0,
          0,
          1,
          0
        ],
        [
          0,
          0,
          0,
          1
        ]
      ],
      "input_V": [
        [
          0,
          -2,
          -1,
          -1
        ],
        [
          -2,
          1,
          -1,
          0
        ],
        [
          1,
          -1,
          -2,
          -1
        ],
        [
          0,
          -1,
          -1,
          2
        ]
      ],
      "references": {
        "U_matmul_V": [
          [
            0,
            -2,
            -1,
            -1
          ],
          [
            -2,
            1,
            -1,
            0
          ],
          [
            1,
            -1,
            -2,
            -1
          ],
          [
            0,
            -1,
            -1,
            2
          ]
        ],
        "U_T_matmul_V": [
          [
            0,
            -2,
            -1,
            -1
          ],
          [
            -2,
            1,
            -1,
            0
          ],
          [
            1,
            -1,
            -2,
            -1
          ],
          [
            0,
            -1,
            -1,
            2
          ]
        ],
        "U_matmul_V_T": [
          [
            0,
            -2,
            1,
            0
          ],
          [
            -2,
            1,
            -1,
            -1
          ],
          [
            -1,
            -1,
            -2,
            -1
          ],
          [
            -1,
            0,
            -1,
            2
          ]
        ],
        "V_matmul_U": [
          [
            0,
            -2,
            -1,
            -1
          ],
          [
            -2,
            1,
            -1,
            0
          ],
          [
            1,
            -1,
            -2,
            -1
          ],
          [
            0,
            -1,
            -1,
            2
          ]
        ],
        "V_T_matmul_U": [
          [
            0,
            -2,
            1,
            0
          ],
          [
            -2,
            1,
            -1,
            -1
          ],
          [
            -1,
            -1,
            -2,
            -1
          ],
          [
            -1,
            0,
            -1,
            2
          ]
        ],
        "U_T_matmul_V_T": [
          [
            0,
            -2,
            1,
            0
          ],
          [
            -2,
            1,
            -1,
            -1
          ],
          [
            -1,
            -1,
            -2,
            -1
          ],
          [
            -1,
            0,
            -1,
            2
          ]
        ]
      },
      "final": {
        "compress_reports": [
          {
            "row_index": 0,
            "ok": true,
            "error": null
          },
          {
            "row_index": 1,
            "ok": true,
            "error": null
          },
          {
            "row_index": 2,
            "ok": true,
            "error": null
          },
          {
            "row_index": 3,
            "ok": true,
            "error": null
          }
        ],
        "decrypt_reports": [
          {
            "row_index": 0,
            "ok": true,
            "error": null
          },
          {
            "row_index": 1,
            "ok": true,
            "error": null
          },
          {
            "row_index": 2,
            "ok": true,
            "error": null
          },
          {
            "row_index": 3,
            "ok": true,
            "error": null
          }
        ],
        "decoded": [
          [
            -22,
            25,
            -24,
            -3
          ],
          [
            -22,
            -20,
            -22,
            0
          ],
          [
            16,
            13,
            -20,
            20
          ],
          [
            1,
            -1,
            -15,
            -5
          ]
        ]
      },
      "trace": {
        "U_info": {
          "a_scalar": 1,
          "template_ring_dim": 16384,
          "template_num_towers": 4,
          "moduli_u64": [
            1152921504606748673,
            1125899904679937,
            1125899908022273,
            557057
          ],
          "sk_num_towers": 4,
          "sk_coeff_count": 4,
          "sk_tower0_coeffs": [
            1152921504606748672,
            1152921504606748672,
            0,
            1
          ]
        },
        "V_info": {
          "a_scalar": 1,
          "template_ring_dim": 16384,
          "template_num_towers": 4,
          "moduli_u64": [
            1152921504606748673,
            1125899904679937,
            1125899908022273,
            557057
          ],
          "sk_num_towers": 4,
          "sk_coeff_count": 4,
          "sk_tower0_coeffs": [
            1152921504606748672,
            1152921504606748672,
            0,
            1
          ]
        },
        "U_decrypt_exact": {
          "all_rows_decrypted": true,
          "exact": true,
          "max_abs_err": 0,
          "l1_err": 0,
          "diff": [
            [
              0,
              0,
              0,
              0
            ],
            [
              0,
              0,
              0,
              0
            ],
            [
              0,
              0,
              0,
              0
            ],
            [
              0,
              0,
              0,
              0
            ]
          ]
        },
        "V_decrypt_exact": {
          "all_rows_decrypted": true,
          "exact": true,
          "max_abs_err": 0,
          "l1_err": 0,
          "diff": [
            [
              0,
              0,
              0,
              0
            ],
            [
              0,
              0,
              0,
              0
            ],
            [
              0,
              0,
              0,
              0
            ],
            [
              0,
              0,
              0,
              0
            ]
          ]
        },
        "temp_cmt_mode": "phase_aware",
        "U_cmt_trace": {
          "input_plaintext_matrix": [
            [
              1,
              0,
              0,
              0
            ],
            [
              0,
              1,
              0,
              0
            ],
            [
              0,
              0,
              1,
              0
            ],
            [
              0,
              0,
              0,
              1
            ]
          ],
          "output_plaintext_transpose": [
            [
              1,
              0,
              0,
              0
            ],
            [
              0,
              1,
              0,
              0
            ],
            [
              0,
              0,
              1,
              0
            ],
            [
              0,
              0,
              0,
              1
            ]
          ],
          "a_scalar": 1,
          "warning": "debug-only decrypt-transpose-reencrypt oracle"
        },
        "T01_cmt_trace": {
          "input_plaintext_matrix": [
            [
              -5,
              -3,
              0,
              4
            ],
            [
              -5,
              -3,
              0,
              4
            ],
            [
              -5,
              -3,
              0,
              4
            ],
            [
              -5,
              -3,
              0,
              4
            ]
          ],
          "output_plaintext_transpose": [
            [
              -5,
              -5,
              -5,
              -5
            ],
            [
              -3,
              -3,
              -3,
              -3
            ],
            [
              0,
              0,
              0,
              0
            ],
            [
              4,
              4,
              4,
              4
            ]
          ],
          "a_scalar": 1,
          "warning": "debug-only decrypt-transpose-reencrypt oracle",
          "mode": "phase_aware"
        },
        "T00_cmt_trace": {
          "input_plaintext_matrix": [
            [
              -1,
              -1,
              0,
              1
            ],
            [
              -1,
              -1,
              0,
              1
            ],
            [
              -1,
              -1,
              0,
              1
            ],
            [
              -1,
              -1,
              0,
              1
            ]
          ],
          "output_plaintext_transpose": [
            [
              -1,
              -1,
              -1,
              -1
            ],
            [
              -1,
              -1,
              -1,
              -1
            ],
            [
              0,
              0,
              0,
              0
            ],
            [
              1,
              1,
              1,
              1
            ]
          ],
          "a_scalar": 1,
          "warning": "debug-only decrypt-transpose-reencrypt oracle",
          "mode": "phase_aware"
        },
        "Ahat_export": {
          "part": 1,
          "num_rows": 4,
          "num_towers": 4,
          "ring_dim": 16384,
          "coeff_count": 16384,
          "row0_tower0_coeff_head": [
            1,
            0,
            0,
            0,
            0,
            0,
            0,
            0
          ]
        },
        "Bhat_export": {
          "part": 0,
          "num_rows": 4,
          "num_towers": 4,
          "ring_dim": 16384,
          "coeff_count": 16384,
          "row0_tower0_coeff_head": [
            0,
            0,
            1152921504606748672,
            1152921504606748671,
            0,
            0,
            0,
            0
          ]
        },
        "line5_ks_inputs_summary": {
          "num_rows": 4,
          "consistent_shape": true,
          "expected_parts": 3,
          "expected_towers": 4,
          "expected_ring_dim": 16384,
          "rows": [
            {
              "row_index": 0,
              "encoding_type": 1,
              "num_parts": 3,
              "level": 0,
              "slots": 0
            },
            {
              "row_index": 1,
              "encoding_type": 1,
              "num_parts": 3,
              "level": 0,
              "slots": 0
            },
            {
              "row_index": 2,
              "encoding_type": 1,
              "num_parts": 3,
              "level": 0,
              "slots": 0
            },
            {
              "row_index": 3,
              "encoding_type": 1,
              "num_parts": 3,
              "level": 0,
              "slots": 0
            }
          ]
        },
        "line5_ks_outputs_summary": {
          "num_rows": 4,
          "consistent_shape": true,
          "expected_parts": 2,
          "expected_towers": 4,
          "expected_ring_dim": 16384,
          "rows": [
            {
              "row_index": 0,
              "encoding_type": 1,
              "num_parts": 2,
              "level": 0,
              "slots": 0
            },
            {
              "row_index": 1,
              "encoding_type": 1,
              "num_parts": 2,
              "level": 0,
              "slots": 0
            },
            {
              "row_index": 2,
              "encoding_type": 1,
              "num_parts": 2,
              "level": 0,
              "slots": 0
            },
            {
              "row_index": 3,
              "encoding_type": 1,
              "num_parts": 2,
              "level": 0,
              "slots": 0
            }
          ]
        },
        "line5_rows_summary": {
          "num_rows": 4,
          "consistent_shape": true,
          "expected_parts": 2,
          "expected_towers": 4,
          "expected_ring_dim": 16384,
          "rows": [
            {
              "row_index": 0,
              "encoding_type": 1,
              "num_parts": 2,
              "level": 0,
              "slots": 0
            },
            {
              "row_index": 1,
              "encoding_type": 1,
              "num_parts": 2,
              "level": 0,
              "slots": 0
            },
            {
              "row_index": 2,
              "encoding_type": 1,
              "num_parts": 2,
              "level": 0,
              "slots": 0
            },
            {
              "row_index": 3,
              "encoding_type": 1,
              "num_parts": 2,
              "level": 0,
              "slots": 0
            }
          ]
        },
        "T01_cmt_rows_summary": {
          "num_rows": 4,
          "consistent_shape": true,
          "expected_parts": 2,
          "expected_towers": 4,
          "expected_ring_dim": 16384,
          "rows": [
            {
              "row_index": 0,
              "encoding_type": 1,
              "num_parts": 2,
              "level": 0,
              "slots": 0
            },
            {
              "row_index": 1,
              "encoding_type": 1,
              "num_parts": 2,
              "level": 0,
              "slots": 0
            },
            {
              "row_index": 2,
              "encoding_type": 1,
              "num_parts": 2,
              "level": 0,
              "slots": 0
            },
            {
              "row_index": 3,
              "encoding_type": 1,
              "num_parts": 2,
              "level": 0,
              "slots": 0
            }
          ]
        },
        "M10_M11_pair_rows_summary": {
          "num_rows": 4,
          "consistent_shape": true,
          "expected_parts": 2,
          "expected_towers": 4,
          "expected_ring_dim": 16384,
          "rows": [
            {
              "row_index": 0,
              "encoding_type": 1,
              "num_parts": 2,
              "level": 0,
              "slots": 0
            },
            {
              "row_index": 1,
              "encoding_type": 1,
              "num_parts": 2,
              "level": 0,
              "slots": 0
            },
            {
              "row_index": 2,
              "encoding_type": 1,
              "num_parts": 2,
              "level": 0,
              "slots": 0
            },
            {
              "row_index": 3,
              "encoding_type": 1,
              "num_parts": 2,
              "level": 0,
              "slots": 0
            }
          ]
        },
        "final_rows_summary": {
          "num_rows": 4,
          "consistent_shape": true,
          "expected_parts": 2,
          "expected_towers": 4,
          "expected_ring_dim": 16384,
          "rows": [
            {
              "row_index": 0,
              "encoding_type": 1,
              "num_parts": 2,
              "level": 0,
              "slots": 0
            },
            {
              "row_index": 1,
              "encoding_type": 1,
              "num_parts": 2,
              "level": 0,
              "slots": 0
            },
            {
              "row_index": 2,
              "encoding_type": 1,
              "num_parts": 2,
              "level": 0,
              "slots": 0
            },
            {
              "row_index": 3,
              "encoding_type": 1,
              "num_parts": 2,
              "level": 0,
              "slots": 0
            }
          ]
        }
      },
      "comparisons": {
        "U_matmul_V": {
          "all_rows_decrypted": true,
          "exact": false,
          "max_abs_err": 27,
          "l1_err": 226,
          "diff": [
            [
              -22,
              27,
              -23,
              -2
            ],
            [
              -20,
              -21,
              -21,
              0
            ],
            [
              15,
              14,
              -18,
              21
            ],
            [
              1,
              0,
              -14,
              -7
            ]
          ]
        },
        "U_T_matmul_V": {
          "all_rows_decrypted": true,
          "exact": false,
          "max_abs_err": 27,
          "l1_err": 226,
          "diff": [
            [
              -22,
              27,
              -23,
              -2
            ],
            [
              -20,
              -21,
              -21,
              0
            ],
            [
              15,
              14,
              -18,
              21
            ],
            [
              1,
              0,
              -14,
              -7
            ]
          ]
        },
        "U_matmul_V_T": {
          "all_rows_decrypted": true,
          "exact": false,
          "max_abs_err": 27,
          "l1_err": 234,
          "diff": [
            [
              -22,
              27,
              -25,
              -3
            ],
            [
              -20,
              -21,
              -21,
              1
            ],
            [
              17,
              14,
              -18,
              21
            ],
            [
              2,
              -1,
              -14,
              -7
            ]
          ]
        },
        "V_matmul_U": {
          "all_rows_decrypted": true,
          "exact": false,
          "max_abs_err": 27,
          "l1_err": 226,
          "diff": [
            [
              -22,
              27,
              -23,
              -2
            ],
            [
              -20,
              -21,
              -21,
              0
            ],
            [
              15,
              14,
              -18,
              21
            ],
            [
              1,
              0,
              -14,
              -7
            ]
          ]
        },
        "V_T_matmul_U": {
          "all_rows_decrypted": true,
          "exact": false,
          "max_abs_err": 27,
          "l1_err": 234,
          "diff": [
            [
              -22,
              27,
              -25,
              -3
            ],
            [
              -20,
              -21,
              -21,
              1
            ],
            [
              17,
              14,
              -18,
              21
            ],
            [
              2,
              -1,
              -14,
              -7
            ]
          ]
        },
        "U_T_matmul_V_T": {
          "all_rows_decrypted": true,
          "exact": false,
          "max_abs_err": 27,
          "l1_err": 234,
          "diff": [
            [
              -22,
              27,
              -25,
              -3
            ],
            [
              -20,
              -21,
              -21,
              1
            ],
            [
              17,
              14,
              -18,
              21
            ],
            [
              2,
              -1,
              -14,
              -7
            ]
          ]
        }
      }
    },
    {
      "name": "random_small_times_identity",
      "a_scalar": 1,
      "temp_cmt_mode": "phase_aware",
      "input_U": [
        [
          2,
          2,
          -2,
          2
        ],
        [
          2,
          -2,
          1,
          0
        ],
        [
          2,
          0,
          -1,
          -1
        ],
        [
          -1,
          -1,
          0,
          0
        ]
      ],
      "input_V": [
        [
          1,
          0,
          0,
          0
        ],
        [
          0,
          1,
          0,
          0
        ],
        [
          0,
          0,
          1,
          0
        ],
        [
          0,
          0,
          0,
          1
        ]
      ],
      "references": {
        "U_matmul_V": [
          [
            2,
            2,
            -2,
            2
          ],
          [
            2,
            -2,
            1,
            0
          ],
          [
            2,
            0,
            -1,
            -1
          ],
          [
            -1,
            -1,
            0,
            0
          ]
        ],
        "U_T_matmul_V": [
          [
            2,
            2,
            2,
            -1
          ],
          [
            2,
            -2,
            0,
            -1
          ],
          [
            -2,
            1,
            -1,
            0
          ],
          [
            2,
            0,
            -1,
            0
          ]
        ],
        "U_matmul_V_T": [
          [
            2,
            2,
            -2,
            2
          ],
          [
            2,
            -2,
            1,
            0
          ],
          [
            2,
            0,
            -1,
            -1
          ],
          [
            -1,
            -1,
            0,
            0
          ]
        ],
        "V_matmul_U": [
          [
            2,
            2,
            -2,
            2
          ],
          [
            2,
            -2,
            1,
            0
          ],
          [
            2,
            0,
            -1,
            -1
          ],
          [
            -1,
            -1,
            0,
            0
          ]
        ],
        "V_T_matmul_U": [
          [
            2,
            2,
            -2,
            2
          ],
          [
            2,
            -2,
            1,
            0
          ],
          [
            2,
            0,
            -1,
            -1
          ],
          [
            -1,
            -1,
            0,
            0
          ]
        ],
        "U_T_matmul_V_T": [
          [
            2,
            2,
            2,
            -1
          ],
          [
            2,
            -2,
            0,
            -1
          ],
          [
            -2,
            1,
            -1,
            0
          ],
          [
            2,
            0,
            -1,
            0
          ]
        ]
      },
      "final": {
        "compress_reports": [
          {
            "row_index": 0,
            "ok": true,
            "error": null
          },
          {
            "row_index": 1,
            "ok": true,
            "error": null
          },
          {
            "row_index": 2,
            "ok": true,
            "error": null
          },
          {
            "row_index": 3,
            "ok": true,
            "error": null
          }
        ],
        "decrypt_reports": [
          {
            "row_index": 0,
            "ok": true,
            "error": null
          },
          {
            "row_index": 1,
            "ok": true,
            "error": null
          },
          {
            "row_index": 2,
            "ok": true,
            "error": null
          },
          {
            "row_index": 3,
            "ok": true,
            "error": null
          }
        ],
        "decoded": [
          [
            -14,
            -17,
            -17,
            2
          ],
          [
            -16,
            -23,
            -21,
            0
          ],
          [
            14,
            14,
            -20,
            21
          ],
          [
            5,
            0,
            -15,
            -6
          ]
        ]
      },
      "trace": {
        "U_info": {
          "a_scalar": 1,
          "template_ring_dim": 16384,
          "template_num_towers": 4,
          "moduli_u64": [
            1152921504606748673,
            1125899904679937,
            1125899908022273,
            557057
          ],
          "sk_num_towers": 4,
          "sk_coeff_count": 4,
          "sk_tower0_coeffs": [
            1152921504606748672,
            1152921504606748672,
            0,
            1
          ]
        },
        "V_info": {
          "a_scalar": 1,
          "template_ring_dim": 16384,
          "template_num_towers": 4,
          "moduli_u64": [
            1152921504606748673,
            1125899904679937,
            1125899908022273,
            557057
          ],
          "sk_num_towers": 4,
          "sk_coeff_count": 4,
          "sk_tower0_coeffs": [
            1152921504606748672,
            1152921504606748672,
            0,
            1
          ]
        },
        "U_decrypt_exact": {
          "all_rows_decrypted": true,
          "exact": true,
          "max_abs_err": 0,
          "l1_err": 0,
          "diff": [
            [
              0,
              0,
              0,
              0
            ],
            [
              0,
              0,
              0,
              0
            ],
            [
              0,
              0,
              0,
              0
            ],
            [
              0,
              0,
              0,
              0
            ]
          ]
        },
        "V_decrypt_exact": {
          "all_rows_decrypted": true,
          "exact": true,
          "max_abs_err": 0,
          "l1_err": 0,
          "diff": [
            [
              0,
              0,
              0,
              0
            ],
            [
              0,
              0,
              0,
              0
            ],
            [
              0,
              0,
              0,
              0
            ],
            [
              0,
              0,
              0,
              0
            ]
          ]
        },
        "temp_cmt_mode": "phase_aware",
        "U_cmt_trace": {
          "input_plaintext_matrix": [
            [
              2,
              2,
              -2,
              2
            ],
            [
              2,
              -2,
              1,
              0
            ],
            [
              2,
              0,
              -1,
              -1
            ],
            [
              -1,
              -1,
              0,
              0
            ]
          ],
          "output_plaintext_transpose": [
            [
              2,
              2,
              2,
              -1
            ],
            [
              2,
              -2,
              0,
              -1
            ],
            [
              -2,
              1,
              -1,
              0
            ],
            [
              2,
              0,
              -1,
              0
            ]
          ],
          "a_scalar": 1,
          "warning": "debug-only decrypt-transpose-reencrypt oracle"
        },
        "T01_cmt_trace": {
          "input_plaintext_matrix": [
            [
              -2,
              -4,
              -2,
              3
            ],
            [
              -2,
              -4,
              -2,
              3
            ],
            [
              -2,
              -4,
              -2,
              3
            ],
            [
              -2,
              -4,
              -2,
              3
            ]
          ],
          "output_plaintext_transpose": [
            [
              -2,
              -2,
              -2,
              -2
            ],
            [
              -4,
              -4,
              -4,
              -4
            ],
            [
              -2,
              -2,
              -2,
              -2
            ],
            [
              3,
              3,
              3,
              3
            ]
          ],
          "a_scalar": 1,
          "warning": "debug-only decrypt-transpose-reencrypt oracle",
          "mode": "phase_aware"
        },
        "T00_cmt_trace": {
          "input_plaintext_matrix": [
            [
              -1,
              -1,
              0,
              1
            ],
            [
              -1,
              -1,
              0,
              1
            ],
            [
              -1,
              -1,
              0,
              1
            ],
            [
              -1,
              -1,
              0,
              1
            ]
          ],
          "output_plaintext_transpose": [
            [
              -1,
              -1,
              -1,
              -1
            ],
            [
              -1,
              -1,
              -1,
              -1
            ],
            [
              0,
              0,
              0,
              0
            ],
            [
              1,
              1,
              1,
              1
            ]
          ],
          "a_scalar": 1,
          "warning": "debug-only decrypt-transpose-reencrypt oracle",
          "mode": "phase_aware"
        },
        "Ahat_export": {
          "part": 1,
          "num_rows": 4,
          "num_towers": 4,
          "ring_dim": 16384,
          "coeff_count": 16384,
          "row0_tower0_coeff_head": [
            1,
            0,
            0,
            0,
            0,
            0,
            0,
            0
          ]
        },
        "Bhat_export": {
          "part": 0,
          "num_rows": 4,
          "num_towers": 4,
          "ring_dim": 16384,
          "coeff_count": 16384,
          "row0_tower0_coeff_head": [
            0,
            0,
            1152921504606748672,
            1152921504606748671,
            0,
            0,
            0,
            0
          ]
        },
        "line5_ks_inputs_summary": {
          "num_rows": 4,
          "consistent_shape": true,
          "expected_parts": 3,
          "expected_towers": 4,
          "expected_ring_dim": 16384,
          "rows": [
            {
              "row_index": 0,
              "encoding_type": 1,
              "num_parts": 3,
              "level": 0,
              "slots": 0
            },
            {
              "row_index": 1,
              "encoding_type": 1,
              "num_parts": 3,
              "level": 0,
              "slots": 0
            },
            {
              "row_index": 2,
              "encoding_type": 1,
              "num_parts": 3,
              "level": 0,
              "slots": 0
            },
            {
              "row_index": 3,
              "encoding_type": 1,
              "num_parts": 3,
              "level": 0,
              "slots": 0
            }
          ]
        },
        "line5_ks_outputs_summary": {
          "num_rows": 4,
          "consistent_shape": true,
          "expected_parts": 2,
          "expected_towers": 4,
          "expected_ring_dim": 16384,
          "rows": [
            {
              "row_index": 0,
              "encoding_type": 1,
              "num_parts": 2,
              "level": 0,
              "slots": 0
            },
            {
              "row_index": 1,
              "encoding_type": 1,
              "num_parts": 2,
              "level": 0,
              "slots": 0
            },
            {
              "row_index": 2,
              "encoding_type": 1,
              "num_parts": 2,
              "level": 0,
              "slots": 0
            },
            {
              "row_index": 3,
              "encoding_type": 1,
              "num_parts": 2,
              "level": 0,
              "slots": 0
            }
          ]
        },
        "line5_rows_summary": {
          "num_rows": 4,
          "consistent_shape": true,
          "expected_parts": 2,
          "expected_towers": 4,
          "expected_ring_dim": 16384,
          "rows": [
            {
              "row_index": 0,
              "encoding_type": 1,
              "num_parts": 2,
              "level": 0,
              "slots": 0
            },
            {
              "row_index": 1,
              "encoding_type": 1,
              "num_parts": 2,
              "level": 0,
              "slots": 0
            },
            {
              "row_index": 2,
              "encoding_type": 1,
              "num_parts": 2,
              "level": 0,
              "slots": 0
            },
            {
              "row_index": 3,
              "encoding_type": 1,
              "num_parts": 2,
              "level": 0,
              "slots": 0
            }
          ]
        },
        "T01_cmt_rows_summary": {
          "num_rows": 4,
          "consistent_shape": true,
          "expected_parts": 2,
          "expected_towers": 4,
          "expected_ring_dim": 16384,
          "rows": [
            {
              "row_index": 0,
              "encoding_type": 1,
              "num_parts": 2,
              "level": 0,
              "slots": 0
            },
            {
              "row_index": 1,
              "encoding_type": 1,
              "num_parts": 2,
              "level": 0,
              "slots": 0
            },
            {
              "row_index": 2,
              "encoding_type": 1,
              "num_parts": 2,
              "level": 0,
              "slots": 0
            },
            {
              "row_index": 3,
              "encoding_type": 1,
              "num_parts": 2,
              "level": 0,
              "slots": 0
            }
          ]
        },
        "M10_M11_pair_rows_summary": {
          "num_rows": 4,
          "consistent_shape": true,
          "expected_parts": 2,
          "expected_towers": 4,
          "expected_ring_dim": 16384,
          "rows": [
            {
              "row_index": 0,
              "encoding_type": 1,
              "num_parts": 2,
              "level": 0,
              "slots": 0
            },
            {
              "row_index": 1,
              "encoding_type": 1,
              "num_parts": 2,
              "level": 0,
              "slots": 0
            },
            {
              "row_index": 2,
              "encoding_type": 1,
              "num_parts": 2,
              "level": 0,
              "slots": 0
            },
            {
              "row_index": 3,
              "encoding_type": 1,
              "num_parts": 2,
              "level": 0,
              "slots": 0
            }
          ]
        },
        "final_rows_summary": {
          "num_rows": 4,
          "consistent_shape": true,
          "expected_parts": 2,
          "expected_towers": 4,
          "expected_ring_dim": 16384,
          "rows": [
            {
              "row_index": 0,
              "encoding_type": 1,
              "num_parts": 2,
              "level": 0,
              "slots": 0
            },
            {
              "row_index": 1,
              "encoding_type": 1,
              "num_parts": 2,
              "level": 0,
              "slots": 0
            },
            {
              "row_index": 2,
              "encoding_type": 1,
              "num_parts": 2,
              "level": 0,
              "slots": 0
            },
            {
              "row_index": 3,
              "encoding_type": 1,
              "num_parts": 2,
              "level": 0,
              "slots": 0
            }
          ]
        }
      },
      "comparisons": {
        "U_matmul_V": {
          "all_rows_decrypted": true,
          "exact": false,
          "max_abs_err": 22,
          "l1_err": 206,
          "diff": [
            [
              -16,
              -19,
              -15,
              0
            ],
            [
              -18,
              -21,
              -22,
              0
            ],
            [
              12,
              14,
              -19,
              22
            ],
            [
              6,
              1,
              -15,
              -6
            ]
          ]
        },
        "U_T_matmul_V": {
          "all_rows_decrypted": true,
          "exact": false,
          "max_abs_err": 21,
          "l1_err": 210,
          "diff": [
            [
              -16,
              -19,
              -19,
              3
            ],
            [
              -18,
              -21,
              -21,
              1
            ],
            [
              16,
              13,
              -19,
              21
            ],
            [
              3,
              0,
              -14,
              -6
            ]
          ]
        },
        "U_matmul_V_T": {
          "all_rows_decrypted": true,
          "exact": false,
          "max_abs_err": 22,
          "l1_err": 206,
          "diff": [
            [
              -16,
              -19,
              -15,
              0
            ],
            [
              -18,
              -21,
              -22,
              0
            ],
            [
              12,
              14,
              -19,
              22
            ],
            [
              6,
              1,
              -15,
              -6
            ]
          ]
        },
        "V_matmul_U": {
          "all_rows_decrypted": true,
          "exact": false,
          "max_abs_err": 22,
          "l1_err": 206,
          "diff": [
            [
              -16,
              -19,
              -15,
              0
            ],
            [
              -18,
              -21,
              -22,
              0
            ],
            [
              12,
              14,
              -19,
              22
            ],
            [
              6,
              1,
              -15,
              -6
            ]
          ]
        },
        "V_T_matmul_U": {
          "all_rows_decrypted": true,
          "exact": false,
          "max_abs_err": 22,
          "l1_err": 206,
          "diff": [
            [
              -16,
              -19,
              -15,
              0
            ],
            [
              -18,
              -21,
              -22,
              0
            ],
            [
              12,
              14,
              -19,
              22
            ],
            [
              6,
              1,
              -15,
              -6
            ]
          ]
        },
        "U_T_matmul_V_T": {
          "all_rows_decrypted": true,
          "exact": false,
          "max_abs_err": 21,
          "l1_err": 210,
          "diff": [
            [
              -16,
              -19,
              -19,
              3
            ],
            [
              -18,
              -21,
              -21,
              1
            ],
            [
              16,
              13,
              -19,
              21
            ],
            [
              3,
              0,
              -14,
              -6
            ]
          ]
        }
      }
    }
  ],
  "checks": {
    "summary_by_temp_cmt_mode（按 temporary pair C-MT 模式汇总）": {
      "raw_component": {
        "num_cases": 6,
        "match_counts": {
          "U_matmul_V": 0,
          "U_T_matmul_V": 0,
          "U_matmul_V_T": 0,
          "V_matmul_U": 0,
          "V_T_matmul_U": 0,
          "U_T_matmul_V_T": 0
        },
        "all_decrypted": true,
        "all_line5_ks_inputs_are_3part": true,
        "all_final_rows_are_2part": true
      },
      "phase_aware": {
        "num_cases": 6,
        "match_counts": {
          "U_matmul_V": 0,
          "U_T_matmul_V": 0,
          "U_matmul_V_T": 0,
          "V_matmul_U": 0,
          "V_T_matmul_U": 0,
          "U_T_matmul_V_T": 0
        },
        "all_decrypted": true,
        "all_line5_ks_inputs_are_3part": true,
        "all_final_rows_are_2part": true
      }
    },
    "best_mode_and_reference（最佳模式和参考）": {
      "temp_cmt_mode": "raw_component",
      "reference": "U_matmul_V",
      "match_count": 0,
      "num_cases": 6
    },
    "any_mode_solves_U_matmul_V（是否有模式全部匹配 U@V）": false,
    "any_mode_solves_any_reference（是否有模式全部匹配某个参考）": false
  },
  "global_decision": {
    "value": "temp_cmt_mode_sweep_not_sufficient",
    "best": {
      "temp_cmt_mode": "raw_component",
      "reference": "U_matmul_V",
      "match_count": 0,
      "num_cases": 6
    },
    "next_step": "WP4-Y2k",
    "next_goal": "Trace plaintext phase of M00/M01/M10/M11, line5, T01, and final output to locate formula mismatch.",
    "zh": "raw vs phase-aware temp C-MT 仍不足以修复；下一步逐项解密 line2-line6 中间项定位公式差异。"
  }
}
====================================================================================================
saved: /workspace/FIDESlib-GPT/reports/wp4y2j_temp_pair_cmt_mode_sweep_report.json
Cuda failure /root/fideslib/src/CKKS/Context.cu:841: 'driver shutting down'
